ISO-10303-21;
HEADER;
FILE_DESCRIPTION(('STEP AP242'),'1');
FILE_NAME('0050362462.stp','2024-12-14T17:01:10',('TraceParts'),('TraceParts S.A.'),'Spatial InterOp 3D',' ',' ');
FILE_SCHEMA(('AP242_MANAGED_MODEL_BASED_3D_ENGINEERING_MIM_LF  {1 0 10303 442 1 1 4}'));
ENDSEC;
DATA;
#1=PRODUCT_DEFINITION_CONTEXT('',#10,'design');
#2=APPLICATION_PROTOCOL_DEFINITION('INTERNATIONAL STANDARD','ap242_managed_model_based_3d_engineering',2014,#10);
#3=PRODUCT_CATEGORY_RELATIONSHIP('NONE','NONE',#11,#12);
#4=SHAPE_DEFINITION_REPRESENTATION(#13,#14);
#5=SHAPE_DEFINITION_REPRESENTATION(#13,#15);
#6= (GEOMETRIC_REPRESENTATION_CONTEXT(3)GLOBAL_UNCERTAINTY_ASSIGNED_CONTEXT((#18))GLOBAL_UNIT_ASSIGNED_CONTEXT((#20,#21,#22))REPRESENTATION_CONTEXT('NONE','WORKSPACE'));
#10=APPLICATION_CONTEXT('managed model based 3d engineering');
#11=PRODUCT_CATEGORY('part','NONE');
#12=PRODUCT_RELATED_PRODUCT_CATEGORY('detail',' ',(#24));
#13=PRODUCT_DEFINITION_SHAPE('NONE','NONE',#25);
#14=ADVANCED_BREP_SHAPE_REPRESENTATION('0050362462_1',(#26,#27),#6);
#15=GEOMETRICALLY_BOUNDED_SURFACE_SHAPE_REPRESENTATION('1',(#28,#29),#6);
#18=UNCERTAINTY_MEASURE_WITH_UNIT(LENGTH_MEASURE(1.0E-06),#20,'','');
#20= (CONVERSION_BASED_UNIT('MILLIMETRE',#32)LENGTH_UNIT()NAMED_UNIT(#35));
#21= (NAMED_UNIT(#37)PLANE_ANGLE_UNIT()SI_UNIT($,.RADIAN.));
#22= (NAMED_UNIT(#37)SOLID_ANGLE_UNIT()SI_UNIT($,.STERADIAN.));
#24=PRODUCT('0050362462_1','0050362462_1','PART-0050362462_1-DESC',(#43));
#25=PRODUCT_DEFINITION('','NONE',#44,#1);
#26=MANIFOLD_SOLID_BREP('0050362462_1',#45);
#27=AXIS2_PLACEMENT_3D('',#46,#47,#48);
#28=GEOMETRIC_SET('1',(#49,#50,#51,#52,#53,#54,#55,#56,#57,#58,#59,#60,#61,#62,#63,#64));
#29=AXIS2_PLACEMENT_3D('',#65,#66,#67);
#32=LENGTH_MEASURE_WITH_UNIT(LENGTH_MEASURE(1.0),#68);
#35=DIMENSIONAL_EXPONENTS(1.0,0.0,0.0,0.0,0.0,0.0,0.0);
#37=DIMENSIONAL_EXPONENTS(0.0,0.0,0.0,0.0,0.0,0.0,0.0);
#43=PRODUCT_CONTEXT('',#10,'mechanical');
#44=PRODUCT_DEFINITION_FORMATION_WITH_SPECIFIED_SOURCE(' ','NONE',#24,.NOT_KNOWN.);
#45=CLOSED_SHELL('',(#69,#70,#71,#72,#73,#74,#75,#76,#77,#78,#79,#80,#81,#82,#83,#84,#85,#86,#87,#88,#89,#90,#91,#92,#93,#94,#95,#96,#97,#98,#99,#100,#101,#102,#103,#104,#105,#106,#107,#108,#109,#110,#111,#112,#113,#114,#115,#116,#117,#118,#119,#120,#121,#122,#123,#124,#125,#126,#127,#128,#129,#130,#131,#132,#133,#134,#135,#136,#137,#138,#139,#140,#141,#142,#143,#144,#145,#146,#147,#148,#149,#150,#151,#152,#153,#154,#155,#156,#157,#158,#159,#160,#161,#162,#163,#164,#165,#166,#167,#168,#169,#170,#171,#172,#173,#174,#175,#176,#177,#178,#179,#180,#181,#182,#183,#184,#185,#186,#187,#188,#189,#190,#191,#192,#193,#194,#195,#196,#197,#198,#199,#200,#201,#202,#203,#204,#205,#206,#207,#208,#209,#210,#211,#212,#213,#214,#215,#216,#217,#218,#219,#220,#221,#222,#223,#224,#225,#226,#227,#228,#229,#230,#231,#232,#233,#234,#235,#236,#237,#238,#239,#240,#241,#242,#243,#244,#245,#246,#247,#248,#249,#250,#251,#252,#253,#254,#255,#256,#257,#258,#259,#260,#261,#262,#263,#264,#265,#266,#267,#268,#269,#270,#271,#272,#273,#274,#275,#276,#277,#278,#279,#280,#281,#282,#283,#284,#285,#286,#287,#288,#289,#290,#291,#292,#293,#294,#295,#296,#297,#298,#299,#300,#301,#302,#303,#304,#305,#306,#307,#308,#309,#310,#311));
#46=CARTESIAN_POINT('',(0.0,0.0,0.0));
#47=DIRECTION('',(0.0,0.0,1.0));
#48=DIRECTION('',(1.0,0.0,0.0));
#49=COMPOSITE_CURVE('0050362462_2',(#312),.U.);
#50=COMPOSITE_CURVE('0050362462_3',(#313),.U.);
#51=COMPOSITE_CURVE('0050362462_4',(#314),.U.);
#52=COMPOSITE_CURVE('0050362462_5',(#315),.U.);
#53=COMPOSITE_CURVE('0050362462_6',(#316),.U.);
#54=COMPOSITE_CURVE('0050362462_7',(#317),.U.);
#55=COMPOSITE_CURVE('0050362462_8',(#318),.U.);
#56=COMPOSITE_CURVE('0050362462_9',(#319),.U.);
#57=COMPOSITE_CURVE('0050362462_10',(#320),.U.);
#58=COMPOSITE_CURVE('0050362462_11',(#321),.U.);
#59=COMPOSITE_CURVE('0050362462_12',(#322),.U.);
#60=COMPOSITE_CURVE('0050362462_13',(#323),.U.);
#61=COMPOSITE_CURVE('0050362462_14',(#324),.U.);
#62=COMPOSITE_CURVE('0050362462_15',(#325),.U.);
#63=COMPOSITE_CURVE('0050362462_16',(#326),.U.);
#64=COMPOSITE_CURVE('0050362462_17',(#327),.U.);
#65=CARTESIAN_POINT('',(0.0,0.0,0.0));
#66=DIRECTION('',(0.0,0.0,1.0));
#67=DIRECTION('',(1.0,0.0,0.0));
#68= (NAMED_UNIT(#35)LENGTH_UNIT()SI_UNIT(.MILLI.,.METRE.));
#69=ADVANCED_FACE('',(#329),#330,.T.);
#70=ADVANCED_FACE('',(#331),#332,.T.);
#71=ADVANCED_FACE('',(#333),#334,.T.);
#72=ADVANCED_FACE('',(#335),#336,.T.);
#73=ADVANCED_FACE('',(#337),#338,.T.);
#74=ADVANCED_FACE('',(#339),#340,.T.);
#75=ADVANCED_FACE('',(#341),#342,.T.);
#76=ADVANCED_FACE('',(#343),#344,.T.);
#77=ADVANCED_FACE('',(#345),#346,.T.);
#78=ADVANCED_FACE('',(#347),#348,.T.);
#79=ADVANCED_FACE('',(#349,#350,#351,#352,#353,#354,#355),#356,.F.);
#80=ADVANCED_FACE('',(#357),#358,.T.);
#81=ADVANCED_FACE('',(#359),#360,.F.);
#82=ADVANCED_FACE('',(#361),#362,.T.);
#83=ADVANCED_FACE('',(#363),#364,.T.);
#84=ADVANCED_FACE('',(#365),#366,.T.);
#85=ADVANCED_FACE('',(#367),#368,.T.);
#86=ADVANCED_FACE('',(#369),#370,.T.);
#87=ADVANCED_FACE('',(#371),#372,.F.);
#88=ADVANCED_FACE('',(#373),#374,.T.);
#89=ADVANCED_FACE('',(#375),#376,.F.);
#90=ADVANCED_FACE('',(#377),#378,.F.);
#91=ADVANCED_FACE('',(#379),#380,.F.);
#92=ADVANCED_FACE('',(#381),#382,.F.);
#93=ADVANCED_FACE('',(#383),#384,.F.);
#94=ADVANCED_FACE('',(#385),#386,.T.);
#95=ADVANCED_FACE('',(#387),#388,.T.);
#96=ADVANCED_FACE('',(#389),#390,.F.);
#97=ADVANCED_FACE('',(#391),#392,.F.);
#98=ADVANCED_FACE('',(#393),#394,.F.);
#99=ADVANCED_FACE('',(#395),#396,.T.);
#100=ADVANCED_FACE('',(#397),#398,.T.);
#101=ADVANCED_FACE('',(#399),#400,.F.);
#102=ADVANCED_FACE('',(#401),#402,.F.);
#103=ADVANCED_FACE('',(#403),#404,.T.);
#104=ADVANCED_FACE('',(#405),#406,.T.);
#105=ADVANCED_FACE('',(#407,#408,#409,#410,#411,#412,#413),#414,.T.);
#106=ADVANCED_FACE('',(#415),#416,.F.);
#107=ADVANCED_FACE('',(#417),#418,.F.);
#108=ADVANCED_FACE('',(#419),#420,.T.);
#109=ADVANCED_FACE('',(#421),#422,.T.);
#110=ADVANCED_FACE('',(#423),#424,.T.);
#111=ADVANCED_FACE('',(#425),#426,.T.);
#112=ADVANCED_FACE('',(#427),#428,.F.);
#113=ADVANCED_FACE('',(#429),#430,.T.);
#114=ADVANCED_FACE('',(#431),#432,.T.);
#115=ADVANCED_FACE('',(#433),#434,.T.);
#116=ADVANCED_FACE('',(#435),#436,.T.);
#117=ADVANCED_FACE('',(#437),#438,.T.);
#118=ADVANCED_FACE('',(#439),#440,.T.);
#119=ADVANCED_FACE('',(#441),#442,.T.);
#120=ADVANCED_FACE('',(#443),#444,.T.);
#121=ADVANCED_FACE('',(#445),#446,.T.);
#122=ADVANCED_FACE('',(#447),#448,.T.);
#123=ADVANCED_FACE('',(#449),#450,.T.);
#124=ADVANCED_FACE('',(#451),#452,.T.);
#125=ADVANCED_FACE('',(#453),#454,.T.);
#126=ADVANCED_FACE('',(#455,#456),#457,.T.);
#127=ADVANCED_FACE('',(#458,#459),#460,.T.);
#128=ADVANCED_FACE('',(#461),#462,.F.);
#129=ADVANCED_FACE('',(#463),#464,.F.);
#130=ADVANCED_FACE('',(#465),#466,.F.);
#131=ADVANCED_FACE('',(#467),#468,.F.);
#132=ADVANCED_FACE('',(#469),#470,.F.);
#133=ADVANCED_FACE('',(#471),#472,.F.);
#134=ADVANCED_FACE('',(#473),#474,.T.);
#135=ADVANCED_FACE('',(#475),#476,.T.);
#136=ADVANCED_FACE('',(#477),#478,.T.);
#137=ADVANCED_FACE('',(#479),#480,.T.);
#138=ADVANCED_FACE('',(#481),#482,.T.);
#139=ADVANCED_FACE('',(#483),#484,.T.);
#140=ADVANCED_FACE('',(#485),#486,.T.);
#141=ADVANCED_FACE('',(#487),#488,.T.);
#142=ADVANCED_FACE('',(#489),#490,.T.);
#143=ADVANCED_FACE('',(#491),#492,.T.);
#144=ADVANCED_FACE('',(#493),#494,.T.);
#145=ADVANCED_FACE('',(#495),#496,.T.);
#146=ADVANCED_FACE('',(#497),#498,.T.);
#147=ADVANCED_FACE('',(#499),#500,.F.);
#148=ADVANCED_FACE('',(#501),#502,.T.);
#149=ADVANCED_FACE('',(#503),#504,.T.);
#150=ADVANCED_FACE('',(#505),#506,.T.);
#151=ADVANCED_FACE('',(#507),#508,.T.);
#152=ADVANCED_FACE('',(#509),#510,.T.);
#153=ADVANCED_FACE('',(#511),#512,.F.);
#154=ADVANCED_FACE('',(#513),#514,.T.);
#155=ADVANCED_FACE('',(#515),#516,.F.);
#156=ADVANCED_FACE('',(#517),#518,.F.);
#157=ADVANCED_FACE('',(#519),#520,.F.);
#158=ADVANCED_FACE('',(#521),#522,.T.);
#159=ADVANCED_FACE('',(#523),#524,.T.);
#160=ADVANCED_FACE('',(#525),#526,.F.);
#161=ADVANCED_FACE('',(#527),#528,.F.);
#162=ADVANCED_FACE('',(#529),#530,.T.);
#163=ADVANCED_FACE('',(#531),#532,.T.);
#164=ADVANCED_FACE('',(#533),#534,.T.);
#165=ADVANCED_FACE('',(#535),#536,.T.);
#166=ADVANCED_FACE('',(#537),#538,.F.);
#167=ADVANCED_FACE('',(#539),#540,.T.);
#168=ADVANCED_FACE('',(#541),#542,.T.);
#169=ADVANCED_FACE('',(#543),#544,.T.);
#170=ADVANCED_FACE('',(#545),#546,.T.);
#171=ADVANCED_FACE('',(#547),#548,.T.);
#172=ADVANCED_FACE('',(#549),#550,.T.);
#173=ADVANCED_FACE('',(#551),#552,.T.);
#174=ADVANCED_FACE('',(#553),#554,.T.);
#175=ADVANCED_FACE('',(#555),#556,.T.);
#176=ADVANCED_FACE('',(#557),#558,.T.);
#177=ADVANCED_FACE('',(#559),#560,.T.);
#178=ADVANCED_FACE('',(#561),#562,.T.);
#179=ADVANCED_FACE('',(#563),#564,.T.);
#180=ADVANCED_FACE('',(#565,#566),#567,.T.);
#181=ADVANCED_FACE('',(#568,#569),#570,.T.);
#182=ADVANCED_FACE('',(#571),#572,.F.);
#183=ADVANCED_FACE('',(#573),#574,.F.);
#184=ADVANCED_FACE('',(#575),#576,.F.);
#185=ADVANCED_FACE('',(#577),#578,.F.);
#186=ADVANCED_FACE('',(#579),#580,.F.);
#187=ADVANCED_FACE('',(#581),#582,.F.);
#188=ADVANCED_FACE('',(#583),#584,.T.);
#189=ADVANCED_FACE('',(#585),#586,.T.);
#190=ADVANCED_FACE('',(#587),#588,.T.);
#191=ADVANCED_FACE('',(#589),#590,.T.);
#192=ADVANCED_FACE('',(#591),#592,.T.);
#193=ADVANCED_FACE('',(#593),#594,.T.);
#194=ADVANCED_FACE('',(#595),#596,.T.);
#195=ADVANCED_FACE('',(#597),#598,.T.);
#196=ADVANCED_FACE('',(#599),#600,.T.);
#197=ADVANCED_FACE('',(#601),#602,.T.);
#198=ADVANCED_FACE('',(#603),#604,.T.);
#199=ADVANCED_FACE('',(#605),#606,.T.);
#200=ADVANCED_FACE('',(#607),#608,.T.);
#201=ADVANCED_FACE('',(#609),#610,.F.);
#202=ADVANCED_FACE('',(#611),#612,.T.);
#203=ADVANCED_FACE('',(#613),#614,.T.);
#204=ADVANCED_FACE('',(#615),#616,.T.);
#205=ADVANCED_FACE('',(#617),#618,.T.);
#206=ADVANCED_FACE('',(#619),#620,.T.);
#207=ADVANCED_FACE('',(#621),#622,.F.);
#208=ADVANCED_FACE('',(#623),#624,.T.);
#209=ADVANCED_FACE('',(#625),#626,.F.);
#210=ADVANCED_FACE('',(#627),#628,.F.);
#211=ADVANCED_FACE('',(#629),#630,.F.);
#212=ADVANCED_FACE('',(#631),#632,.T.);
#213=ADVANCED_FACE('',(#633),#634,.T.);
#214=ADVANCED_FACE('',(#635),#636,.F.);
#215=ADVANCED_FACE('',(#637),#638,.F.);
#216=ADVANCED_FACE('',(#639),#640,.T.);
#217=ADVANCED_FACE('',(#641),#642,.T.);
#218=ADVANCED_FACE('',(#643),#644,.T.);
#219=ADVANCED_FACE('',(#645),#646,.T.);
#220=ADVANCED_FACE('',(#647),#648,.F.);
#221=ADVANCED_FACE('',(#649),#650,.T.);
#222=ADVANCED_FACE('',(#651),#652,.T.);
#223=ADVANCED_FACE('',(#653),#654,.T.);
#224=ADVANCED_FACE('',(#655),#656,.T.);
#225=ADVANCED_FACE('',(#657),#658,.T.);
#226=ADVANCED_FACE('',(#659),#660,.T.);
#227=ADVANCED_FACE('',(#661),#662,.T.);
#228=ADVANCED_FACE('',(#663),#664,.T.);
#229=ADVANCED_FACE('',(#665),#666,.T.);
#230=ADVANCED_FACE('',(#667),#668,.T.);
#231=ADVANCED_FACE('',(#669),#670,.T.);
#232=ADVANCED_FACE('',(#671),#672,.T.);
#233=ADVANCED_FACE('',(#673),#674,.T.);
#234=ADVANCED_FACE('',(#675,#676),#677,.T.);
#235=ADVANCED_FACE('',(#678,#679),#680,.T.);
#236=ADVANCED_FACE('',(#681),#682,.F.);
#237=ADVANCED_FACE('',(#683),#684,.F.);
#238=ADVANCED_FACE('',(#685),#686,.F.);
#239=ADVANCED_FACE('',(#687),#688,.F.);
#240=ADVANCED_FACE('',(#689),#690,.F.);
#241=ADVANCED_FACE('',(#691),#692,.F.);
#242=ADVANCED_FACE('',(#693),#694,.T.);
#243=ADVANCED_FACE('',(#695),#696,.T.);
#244=ADVANCED_FACE('',(#697),#698,.T.);
#245=ADVANCED_FACE('',(#699),#700,.T.);
#246=ADVANCED_FACE('',(#701),#702,.T.);
#247=ADVANCED_FACE('',(#703),#704,.T.);
#248=ADVANCED_FACE('',(#705),#706,.T.);
#249=ADVANCED_FACE('',(#707),#708,.T.);
#250=ADVANCED_FACE('',(#709),#710,.T.);
#251=ADVANCED_FACE('',(#711),#712,.T.);
#252=ADVANCED_FACE('',(#713),#714,.T.);
#253=ADVANCED_FACE('',(#715),#716,.T.);
#254=ADVANCED_FACE('',(#717),#718,.T.);
#255=ADVANCED_FACE('',(#719),#720,.F.);
#256=ADVANCED_FACE('',(#721),#722,.T.);
#257=ADVANCED_FACE('',(#723),#724,.T.);
#258=ADVANCED_FACE('',(#725),#726,.T.);
#259=ADVANCED_FACE('',(#727),#728,.T.);
#260=ADVANCED_FACE('',(#729),#730,.T.);
#261=ADVANCED_FACE('',(#731),#732,.F.);
#262=ADVANCED_FACE('',(#733),#734,.F.);
#263=ADVANCED_FACE('',(#735),#736,.F.);
#264=ADVANCED_FACE('',(#737),#738,.T.);
#265=ADVANCED_FACE('',(#739),#740,.F.);
#266=ADVANCED_FACE('',(#741),#742,.T.);
#267=ADVANCED_FACE('',(#743),#744,.T.);
#268=ADVANCED_FACE('',(#745),#746,.T.);
#269=ADVANCED_FACE('',(#747),#748,.T.);
#270=ADVANCED_FACE('',(#749),#750,.T.);
#271=ADVANCED_FACE('',(#751),#752,.T.);
#272=ADVANCED_FACE('',(#753),#754,.F.);
#273=ADVANCED_FACE('',(#755),#756,.T.);
#274=ADVANCED_FACE('',(#757),#758,.T.);
#275=ADVANCED_FACE('',(#759),#760,.T.);
#276=ADVANCED_FACE('',(#761),#762,.T.);
#277=ADVANCED_FACE('',(#763),#764,.T.);
#278=ADVANCED_FACE('',(#765),#766,.T.);
#279=ADVANCED_FACE('',(#767),#768,.T.);
#280=ADVANCED_FACE('',(#769),#770,.T.);
#281=ADVANCED_FACE('',(#771),#772,.T.);
#282=ADVANCED_FACE('',(#773),#774,.F.);
#283=ADVANCED_FACE('',(#775),#776,.T.);
#284=ADVANCED_FACE('',(#777),#778,.T.);
#285=ADVANCED_FACE('',(#779),#780,.F.);
#286=ADVANCED_FACE('',(#781),#782,.T.);
#287=ADVANCED_FACE('',(#783),#784,.F.);
#288=ADVANCED_FACE('',(#785),#786,.T.);
#289=ADVANCED_FACE('',(#787),#788,.T.);
#290=ADVANCED_FACE('',(#789),#790,.T.);
#291=ADVANCED_FACE('',(#791),#792,.T.);
#292=ADVANCED_FACE('',(#793),#794,.F.);
#293=ADVANCED_FACE('',(#795),#796,.T.);
#294=ADVANCED_FACE('',(#797),#798,.T.);
#295=ADVANCED_FACE('',(#799),#800,.T.);
#296=ADVANCED_FACE('',(#801),#802,.T.);
#297=ADVANCED_FACE('',(#803),#804,.T.);
#298=ADVANCED_FACE('',(#805),#806,.T.);
#299=ADVANCED_FACE('',(#807),#808,.T.);
#300=ADVANCED_FACE('',(#809),#810,.T.);
#301=ADVANCED_FACE('',(#811),#812,.T.);
#302=ADVANCED_FACE('',(#813),#814,.T.);
#303=ADVANCED_FACE('',(#815),#816,.T.);
#304=ADVANCED_FACE('',(#817),#818,.F.);
#305=ADVANCED_FACE('',(#819),#820,.T.);
#306=ADVANCED_FACE('',(#821),#822,.F.);
#307=ADVANCED_FACE('',(#823),#824,.T.);
#308=ADVANCED_FACE('',(#825),#826,.T.);
#309=ADVANCED_FACE('',(#827),#828,.T.);
#310=ADVANCED_FACE('',(#829),#830,.T.);
#311=ADVANCED_FACE('',(#831),#832,.T.);
#312=COMPOSITE_CURVE_SEGMENT(.CONTINUOUS.,.T.,#833);
#313=COMPOSITE_CURVE_SEGMENT(.CONTINUOUS.,.T.,#834);
#314=COMPOSITE_CURVE_SEGMENT(.CONTINUOUS.,.T.,#835);
#315=COMPOSITE_CURVE_SEGMENT(.CONTINUOUS.,.T.,#836);
#316=COMPOSITE_CURVE_SEGMENT(.CONTINUOUS.,.T.,#837);
#317=COMPOSITE_CURVE_SEGMENT(.CONTINUOUS.,.T.,#838);
#318=COMPOSITE_CURVE_SEGMENT(.CONTINUOUS.,.T.,#839);
#319=COMPOSITE_CURVE_SEGMENT(.CONTINUOUS.,.T.,#840);
#320=COMPOSITE_CURVE_SEGMENT(.CONTINUOUS.,.T.,#841);
#321=COMPOSITE_CURVE_SEGMENT(.CONTINUOUS.,.T.,#842);
#322=COMPOSITE_CURVE_SEGMENT(.CONTINUOUS.,.T.,#843);
#323=COMPOSITE_CURVE_SEGMENT(.CONTINUOUS.,.T.,#844);
#324=COMPOSITE_CURVE_SEGMENT(.CONTINUOUS.,.T.,#845);
#325=COMPOSITE_CURVE_SEGMENT(.CONTINUOUS.,.T.,#846);
#326=COMPOSITE_CURVE_SEGMENT(.CONTINUOUS.,.T.,#847);
#327=COMPOSITE_CURVE_SEGMENT(.CONTINUOUS.,.T.,#848);
#329=FACE_OUTER_BOUND('',#849,.T.);
#330=CYLINDRICAL_SURFACE('',#850,1.475);
#331=FACE_OUTER_BOUND('',#851,.T.);
#332=CYLINDRICAL_SURFACE('',#852,1.475);
#333=FACE_OUTER_BOUND('',#853,.T.);
#334=CYLINDRICAL_SURFACE('',#854,1.475);
#335=FACE_OUTER_BOUND('',#855,.T.);
#336=CONICAL_SURFACE('',#856,1.28847663488,0.436332082737735);
#337=FACE_OUTER_BOUND('',#857,.T.);
#338=CONICAL_SURFACE('',#858,1.28847663488,0.436332082737735);
#339=FACE_OUTER_BOUND('',#859,.T.);
#340=CYLINDRICAL_SURFACE('',#860,0.4);
#341=FACE_OUTER_BOUND('',#861,.T.);
#342=CYLINDRICAL_SURFACE('',#862,0.4);
#343=FACE_OUTER_BOUND('',#863,.T.);
#344=CONICAL_SURFACE('',#864,1.28847663488,0.436332082737735);
#345=FACE_OUTER_BOUND('',#865,.T.);
#346=CYLINDRICAL_SURFACE('',#866,1.475);
#347=FACE_OUTER_BOUND('',#867,.T.);
#348=CONICAL_SURFACE('',#868,1.28847663488,0.436332082737735);
#349=FACE_OUTER_BOUND('',#869,.T.);
#350=FACE_BOUND('',#870,.T.);
#351=FACE_BOUND('',#871,.T.);
#352=FACE_BOUND('',#872,.T.);
#353=FACE_BOUND('',#873,.T.);
#354=FACE_BOUND('',#874,.T.);
#355=FACE_BOUND('',#875,.T.);
#356=PLANE('',#876);
#357=FACE_OUTER_BOUND('',#877,.T.);
#358=PLANE('',#878);
#359=FACE_OUTER_BOUND('',#879,.T.);
#360=PLANE('',#880);
#361=FACE_OUTER_BOUND('',#881,.T.);
#362=PLANE('',#882);
#363=FACE_OUTER_BOUND('',#883,.T.);
#364=CYLINDRICAL_SURFACE('',#884,0.4);
#365=FACE_OUTER_BOUND('',#885,.T.);
#366=PLANE('',#886);
#367=FACE_OUTER_BOUND('',#887,.T.);
#368=CYLINDRICAL_SURFACE('',#888,0.4);
#369=FACE_OUTER_BOUND('',#889,.T.);
#370=PLANE('',#890);
#371=FACE_OUTER_BOUND('',#891,.T.);
#372=PLANE('',#892);
#373=FACE_OUTER_BOUND('',#893,.T.);
#374=CONICAL_SURFACE('',#894,1.28847663488,0.436332082737735);
#375=FACE_OUTER_BOUND('',#895,.T.);
#376=PLANE('',#896);
#377=FACE_OUTER_BOUND('',#897,.T.);
#378=CYLINDRICAL_SURFACE('',#898,0.85);
#379=FACE_OUTER_BOUND('',#899,.T.);
#380=PLANE('',#900);
#381=FACE_OUTER_BOUND('',#901,.T.);
#382=CYLINDRICAL_SURFACE('',#902,0.85);
#383=FACE_OUTER_BOUND('',#903,.T.);
#384=PLANE('',#904);
#385=FACE_OUTER_BOUND('',#905,.T.);
#386=CONICAL_SURFACE('',#906,1.28847663488,0.436332082737735);
#387=FACE_OUTER_BOUND('',#907,.T.);
#388=CYLINDRICAL_SURFACE('',#908,1.475);
#389=FACE_OUTER_BOUND('',#909,.T.);
#390=PLANE('',#910);
#391=FACE_OUTER_BOUND('',#911,.T.);
#392=CYLINDRICAL_SURFACE('',#912,0.85);
#393=FACE_OUTER_BOUND('',#913,.T.);
#394=PLANE('',#914);
#395=FACE_OUTER_BOUND('',#915,.T.);
#396=CONICAL_SURFACE('',#916,1.28847663488,0.436332082737735);
#397=FACE_OUTER_BOUND('',#917,.T.);
#398=CYLINDRICAL_SURFACE('',#918,1.475);
#399=FACE_OUTER_BOUND('',#919,.T.);
#400=PLANE('',#920);
#401=FACE_OUTER_BOUND('',#921,.T.);
#402=CYLINDRICAL_SURFACE('',#922,0.85);
#403=FACE_OUTER_BOUND('',#923,.T.);
#404=PLANE('',#924);
#405=FACE_OUTER_BOUND('',#925,.T.);
#406=PLANE('',#926);
#407=FACE_OUTER_BOUND('',#927,.T.);
#408=FACE_BOUND('',#928,.T.);
#409=FACE_BOUND('',#929,.T.);
#410=FACE_BOUND('',#930,.T.);
#411=FACE_BOUND('',#931,.T.);
#412=FACE_BOUND('',#932,.T.);
#413=FACE_BOUND('',#933,.T.);
#414=PLANE('',#934);
#415=FACE_OUTER_BOUND('',#935,.T.);
#416=PLANE('',#936);
#417=FACE_OUTER_BOUND('',#937,.T.);
#418=PLANE('',#938);
#419=FACE_OUTER_BOUND('',#939,.T.);
#420=PLANE('',#940);
#421=FACE_OUTER_BOUND('',#941,.T.);
#422=PLANE('',#942);
#423=FACE_OUTER_BOUND('',#943,.T.);
#424=PLANE('',#944);
#425=FACE_OUTER_BOUND('',#945,.T.);
#426=PLANE('',#946);
#427=FACE_OUTER_BOUND('',#947,.T.);
#428=CYLINDRICAL_SURFACE('',#948,1.02);
#429=FACE_OUTER_BOUND('',#949,.T.);
#430=PLANE('',#950);
#431=FACE_OUTER_BOUND('',#951,.T.);
#432=PLANE('',#952);
#433=FACE_OUTER_BOUND('',#953,.T.);
#434=PLANE('',#954);
#435=FACE_OUTER_BOUND('',#955,.T.);
#436=PLANE('',#956);
#437=FACE_OUTER_BOUND('',#957,.T.);
#438=PLANE('',#958);
#439=FACE_OUTER_BOUND('',#959,.T.);
#440=CYLINDRICAL_SURFACE('',#960,2.09);
#441=FACE_OUTER_BOUND('',#961,.T.);
#442=PLANE('',#962);
#443=FACE_OUTER_BOUND('',#963,.T.);
#444=PLANE('',#964);
#445=FACE_OUTER_BOUND('',#965,.T.);
#446=PLANE('',#966);
#447=FACE_OUTER_BOUND('',#967,.T.);
#448=PLANE('',#968);
#449=FACE_OUTER_BOUND('',#969,.T.);
#450=PLANE('',#970);
#451=FACE_OUTER_BOUND('',#971,.T.);
#452=PLANE('',#972);
#453=FACE_OUTER_BOUND('',#973,.T.);
#454=PLANE('',#974);
#455=FACE_OUTER_BOUND('',#975,.T.);
#456=FACE_BOUND('',#976,.T.);
#457=PLANE('',#977);
#458=FACE_OUTER_BOUND('',#978,.T.);
#459=FACE_BOUND('',#979,.T.);
#460=PLANE('',#980);
#461=FACE_OUTER_BOUND('',#981,.T.);
#462=PLANE('',#982);
#463=FACE_OUTER_BOUND('',#983,.T.);
#464=PLANE('',#984);
#465=FACE_OUTER_BOUND('',#985,.T.);
#466=PLANE('',#986);
#467=FACE_OUTER_BOUND('',#987,.T.);
#468=PLANE('',#988);
#469=FACE_OUTER_BOUND('',#989,.T.);
#470=PLANE('',#990);
#471=FACE_OUTER_BOUND('',#991,.T.);
#472=PLANE('',#992);
#473=FACE_OUTER_BOUND('',#993,.T.);
#474=PLANE('',#994);
#475=FACE_OUTER_BOUND('',#995,.T.);
#476=PLANE('',#996);
#477=FACE_OUTER_BOUND('',#997,.T.);
#478=PLANE('',#998);
#479=FACE_OUTER_BOUND('',#999,.T.);
#480=PLANE('',#1000);
#481=FACE_OUTER_BOUND('',#1001,.T.);
#482=PLANE('',#1002);
#483=FACE_OUTER_BOUND('',#1003,.T.);
#484=PLANE('',#1004);
#485=FACE_OUTER_BOUND('',#1005,.T.);
#486=PLANE('',#1006);
#487=FACE_OUTER_BOUND('',#1007,.T.);
#488=PLANE('',#1008);
#489=FACE_OUTER_BOUND('',#1009,.T.);
#490=PLANE('',#1010);
#491=FACE_OUTER_BOUND('',#1011,.T.);
#492=PLANE('',#1012);
#493=FACE_OUTER_BOUND('',#1013,.T.);
#494=PLANE('',#1014);
#495=FACE_OUTER_BOUND('',#1015,.T.);
#496=PLANE('',#1016);
#497=FACE_OUTER_BOUND('',#1017,.T.);
#498=PLANE('',#1018);
#499=FACE_OUTER_BOUND('',#1019,.T.);
#500=CYLINDRICAL_SURFACE('',#1020,1.02);
#501=FACE_OUTER_BOUND('',#1021,.T.);
#502=PLANE('',#1022);
#503=FACE_OUTER_BOUND('',#1023,.T.);
#504=PLANE('',#1024);
#505=FACE_OUTER_BOUND('',#1025,.T.);
#506=PLANE('',#1026);
#507=FACE_OUTER_BOUND('',#1027,.T.);
#508=CYLINDRICAL_SURFACE('',#1028,2.09);
#509=FACE_OUTER_BOUND('',#1029,.T.);
#510=PLANE('',#1030);
#511=FACE_OUTER_BOUND('',#1031,.T.);
#512=PLANE('',#1032);
#513=FACE_OUTER_BOUND('',#1033,.T.);
#514=PLANE('',#1034);
#515=FACE_OUTER_BOUND('',#1035,.T.);
#516=PLANE('',#1036);
#517=FACE_OUTER_BOUND('',#1037,.T.);
#518=PLANE('',#1038);
#519=FACE_OUTER_BOUND('',#1039,.T.);
#520=PLANE('',#1040);
#521=FACE_OUTER_BOUND('',#1041,.T.);
#522=PLANE('',#1042);
#523=FACE_OUTER_BOUND('',#1043,.T.);
#524=PLANE('',#1044);
#525=FACE_OUTER_BOUND('',#1045,.T.);
#526=PLANE('',#1046);
#527=FACE_OUTER_BOUND('',#1047,.T.);
#528=PLANE('',#1048);
#529=FACE_OUTER_BOUND('',#1049,.T.);
#530=PLANE('',#1050);
#531=FACE_OUTER_BOUND('',#1051,.T.);
#532=PLANE('',#1052);
#533=FACE_OUTER_BOUND('',#1053,.T.);
#534=PLANE('',#1054);
#535=FACE_OUTER_BOUND('',#1055,.T.);
#536=PLANE('',#1056);
#537=FACE_OUTER_BOUND('',#1057,.T.);
#538=CYLINDRICAL_SURFACE('',#1058,1.02);
#539=FACE_OUTER_BOUND('',#1059,.T.);
#540=PLANE('',#1060);
#541=FACE_OUTER_BOUND('',#1061,.T.);
#542=PLANE('',#1062);
#543=FACE_OUTER_BOUND('',#1063,.T.);
#544=PLANE('',#1064);
#545=FACE_OUTER_BOUND('',#1065,.T.);
#546=PLANE('',#1066);
#547=FACE_OUTER_BOUND('',#1067,.T.);
#548=PLANE('',#1068);
#549=FACE_OUTER_BOUND('',#1069,.T.);
#550=CYLINDRICAL_SURFACE('',#1070,2.09);
#551=FACE_OUTER_BOUND('',#1071,.T.);
#552=PLANE('',#1072);
#553=FACE_OUTER_BOUND('',#1073,.T.);
#554=PLANE('',#1074);
#555=FACE_OUTER_BOUND('',#1075,.T.);
#556=PLANE('',#1076);
#557=FACE_OUTER_BOUND('',#1077,.T.);
#558=PLANE('',#1078);
#559=FACE_OUTER_BOUND('',#1079,.T.);
#560=PLANE('',#1080);
#561=FACE_OUTER_BOUND('',#1081,.T.);
#562=PLANE('',#1082);
#563=FACE_OUTER_BOUND('',#1083,.T.);
#564=PLANE('',#1084);
#565=FACE_OUTER_BOUND('',#1085,.T.);
#566=FACE_BOUND('',#1086,.T.);
#567=PLANE('',#1087);
#568=FACE_OUTER_BOUND('',#1088,.T.);
#569=FACE_BOUND('',#1089,.T.);
#570=PLANE('',#1090);
#571=FACE_OUTER_BOUND('',#1091,.T.);
#572=PLANE('',#1092);
#573=FACE_OUTER_BOUND('',#1093,.T.);
#574=PLANE('',#1094);
#575=FACE_OUTER_BOUND('',#1095,.T.);
#576=PLANE('',#1096);
#577=FACE_OUTER_BOUND('',#1097,.T.);
#578=PLANE('',#1098);
#579=FACE_OUTER_BOUND('',#1099,.T.);
#580=PLANE('',#1100);
#581=FACE_OUTER_BOUND('',#1101,.T.);
#582=PLANE('',#1102);
#583=FACE_OUTER_BOUND('',#1103,.T.);
#584=PLANE('',#1104);
#585=FACE_OUTER_BOUND('',#1105,.T.);
#586=PLANE('',#1106);
#587=FACE_OUTER_BOUND('',#1107,.T.);
#588=PLANE('',#1108);
#589=FACE_OUTER_BOUND('',#1109,.T.);
#590=PLANE('',#1110);
#591=FACE_OUTER_BOUND('',#1111,.T.);
#592=PLANE('',#1112);
#593=FACE_OUTER_BOUND('',#1113,.T.);
#594=PLANE('',#1114);
#595=FACE_OUTER_BOUND('',#1115,.T.);
#596=PLANE('',#1116);
#597=FACE_OUTER_BOUND('',#1117,.T.);
#598=PLANE('',#1118);
#599=FACE_OUTER_BOUND('',#1119,.T.);
#600=PLANE('',#1120);
#601=FACE_OUTER_BOUND('',#1121,.T.);
#602=PLANE('',#1122);
#603=FACE_OUTER_BOUND('',#1123,.T.);
#604=PLANE('',#1124);
#605=FACE_OUTER_BOUND('',#1125,.T.);
#606=PLANE('',#1126);
#607=FACE_OUTER_BOUND('',#1127,.T.);
#608=PLANE('',#1128);
#609=FACE_OUTER_BOUND('',#1129,.T.);
#610=CYLINDRICAL_SURFACE('',#1130,1.02);
#611=FACE_OUTER_BOUND('',#1131,.T.);
#612=PLANE('',#1132);
#613=FACE_OUTER_BOUND('',#1133,.T.);
#614=PLANE('',#1134);
#615=FACE_OUTER_BOUND('',#1135,.T.);
#616=PLANE('',#1136);
#617=FACE_OUTER_BOUND('',#1137,.T.);
#618=CYLINDRICAL_SURFACE('',#1138,2.09);
#619=FACE_OUTER_BOUND('',#1139,.T.);
#620=PLANE('',#1140);
#621=FACE_OUTER_BOUND('',#1141,.T.);
#622=PLANE('',#1142);
#623=FACE_OUTER_BOUND('',#1143,.T.);
#624=PLANE('',#1144);
#625=FACE_OUTER_BOUND('',#1145,.T.);
#626=PLANE('',#1146);
#627=FACE_OUTER_BOUND('',#1147,.T.);
#628=PLANE('',#1148);
#629=FACE_OUTER_BOUND('',#1149,.T.);
#630=PLANE('',#1150);
#631=FACE_OUTER_BOUND('',#1151,.T.);
#632=PLANE('',#1152);
#633=FACE_OUTER_BOUND('',#1153,.T.);
#634=PLANE('',#1154);
#635=FACE_OUTER_BOUND('',#1155,.T.);
#636=PLANE('',#1156);
#637=FACE_OUTER_BOUND('',#1157,.T.);
#638=PLANE('',#1158);
#639=FACE_OUTER_BOUND('',#1159,.T.);
#640=PLANE('',#1160);
#641=FACE_OUTER_BOUND('',#1161,.T.);
#642=PLANE('',#1162);
#643=FACE_OUTER_BOUND('',#1163,.T.);
#644=PLANE('',#1164);
#645=FACE_OUTER_BOUND('',#1165,.T.);
#646=PLANE('',#1166);
#647=FACE_OUTER_BOUND('',#1167,.T.);
#648=CYLINDRICAL_SURFACE('',#1168,1.02);
#649=FACE_OUTER_BOUND('',#1169,.T.);
#650=PLANE('',#1170);
#651=FACE_OUTER_BOUND('',#1171,.T.);
#652=PLANE('',#1172);
#653=FACE_OUTER_BOUND('',#1173,.T.);
#654=PLANE('',#1174);
#655=FACE_OUTER_BOUND('',#1175,.T.);
#656=PLANE('',#1176);
#657=FACE_OUTER_BOUND('',#1177,.T.);
#658=PLANE('',#1178);
#659=FACE_OUTER_BOUND('',#1179,.T.);
#660=CYLINDRICAL_SURFACE('',#1180,2.09);
#661=FACE_OUTER_BOUND('',#1181,.T.);
#662=PLANE('',#1182);
#663=FACE_OUTER_BOUND('',#1183,.T.);
#664=PLANE('',#1184);
#665=FACE_OUTER_BOUND('',#1185,.T.);
#666=PLANE('',#1186);
#667=FACE_OUTER_BOUND('',#1187,.T.);
#668=PLANE('',#1188);
#669=FACE_OUTER_BOUND('',#1189,.T.);
#670=PLANE('',#1190);
#671=FACE_OUTER_BOUND('',#1191,.T.);
#672=PLANE('',#1192);
#673=FACE_OUTER_BOUND('',#1193,.T.);
#674=PLANE('',#1194);
#675=FACE_OUTER_BOUND('',#1195,.T.);
#676=FACE_BOUND('',#1196,.T.);
#677=PLANE('',#1197);
#678=FACE_OUTER_BOUND('',#1198,.T.);
#679=FACE_BOUND('',#1199,.T.);
#680=PLANE('',#1200);
#681=FACE_OUTER_BOUND('',#1201,.T.);
#682=PLANE('',#1202);
#683=FACE_OUTER_BOUND('',#1203,.T.);
#684=PLANE('',#1204);
#685=FACE_OUTER_BOUND('',#1205,.T.);
#686=PLANE('',#1206);
#687=FACE_OUTER_BOUND('',#1207,.T.);
#688=PLANE('',#1208);
#689=FACE_OUTER_BOUND('',#1209,.T.);
#690=PLANE('',#1210);
#691=FACE_OUTER_BOUND('',#1211,.T.);
#692=PLANE('',#1212);
#693=FACE_OUTER_BOUND('',#1213,.T.);
#694=PLANE('',#1214);
#695=FACE_OUTER_BOUND('',#1215,.T.);
#696=PLANE('',#1216);
#697=FACE_OUTER_BOUND('',#1217,.T.);
#698=PLANE('',#1218);
#699=FACE_OUTER_BOUND('',#1219,.T.);
#700=PLANE('',#1220);
#701=FACE_OUTER_BOUND('',#1221,.T.);
#702=PLANE('',#1222);
#703=FACE_OUTER_BOUND('',#1223,.T.);
#704=PLANE('',#1224);
#705=FACE_OUTER_BOUND('',#1225,.T.);
#706=PLANE('',#1226);
#707=FACE_OUTER_BOUND('',#1227,.T.);
#708=PLANE('',#1228);
#709=FACE_OUTER_BOUND('',#1229,.T.);
#710=PLANE('',#1230);
#711=FACE_OUTER_BOUND('',#1231,.T.);
#712=PLANE('',#1232);
#713=FACE_OUTER_BOUND('',#1233,.T.);
#714=PLANE('',#1234);
#715=FACE_OUTER_BOUND('',#1235,.T.);
#716=PLANE('',#1236);
#717=FACE_OUTER_BOUND('',#1237,.T.);
#718=PLANE('',#1238);
#719=FACE_OUTER_BOUND('',#1239,.T.);
#720=CYLINDRICAL_SURFACE('',#1240,1.02);
#721=FACE_OUTER_BOUND('',#1241,.T.);
#722=PLANE('',#1242);
#723=FACE_OUTER_BOUND('',#1243,.T.);
#724=PLANE('',#1244);
#725=FACE_OUTER_BOUND('',#1245,.T.);
#726=PLANE('',#1246);
#727=FACE_OUTER_BOUND('',#1247,.T.);
#728=CYLINDRICAL_SURFACE('',#1248,2.09);
#729=FACE_OUTER_BOUND('',#1249,.T.);
#730=PLANE('',#1250);
#731=FACE_OUTER_BOUND('',#1251,.T.);
#732=PLANE('',#1252);
#733=FACE_OUTER_BOUND('',#1253,.T.);
#734=PLANE('',#1254);
#735=FACE_OUTER_BOUND('',#1255,.T.);
#736=PLANE('',#1256);
#737=FACE_OUTER_BOUND('',#1257,.T.);
#738=PLANE('',#1258);
#739=FACE_OUTER_BOUND('',#1259,.T.);
#740=PLANE('',#1260);
#741=FACE_OUTER_BOUND('',#1261,.T.);
#742=PLANE('',#1262);
#743=FACE_OUTER_BOUND('',#1263,.T.);
#744=PLANE('',#1264);
#745=FACE_OUTER_BOUND('',#1265,.T.);
#746=PLANE('',#1266);
#747=FACE_OUTER_BOUND('',#1267,.T.);
#748=PLANE('',#1268);
#749=FACE_OUTER_BOUND('',#1269,.T.);
#750=CYLINDRICAL_SURFACE('',#1270,0.4);
#751=FACE_OUTER_BOUND('',#1271,.T.);
#752=CYLINDRICAL_SURFACE('',#1272,0.4);
#753=FACE_OUTER_BOUND('',#1273,.T.);
#754=PLANE('',#1274);
#755=FACE_OUTER_BOUND('',#1275,.T.);
#756=CYLINDRICAL_SURFACE('',#1276,0.4);
#757=FACE_OUTER_BOUND('',#1277,.T.);
#758=CYLINDRICAL_SURFACE('',#1278,0.4);
#759=FACE_OUTER_BOUND('',#1279,.T.);
#760=PLANE('',#1280);
#761=FACE_OUTER_BOUND('',#1281,.T.);
#762=PLANE('',#1282);
#763=FACE_OUTER_BOUND('',#1283,.T.);
#764=PLANE('',#1284);
#765=FACE_OUTER_BOUND('',#1285,.T.);
#766=PLANE('',#1286);
#767=FACE_OUTER_BOUND('',#1287,.T.);
#768=PLANE('',#1288);
#769=FACE_OUTER_BOUND('',#1289,.T.);
#770=CONICAL_SURFACE('',#1290,1.28847663488,0.436332082737735);
#771=FACE_OUTER_BOUND('',#1291,.T.);
#772=PLANE('',#1292);
#773=FACE_OUTER_BOUND('',#1293,.T.);
#774=CYLINDRICAL_SURFACE('',#1294,0.85);
#775=FACE_OUTER_BOUND('',#1295,.T.);
#776=CONICAL_SURFACE('',#1296,1.28847663488,0.436332082737735);
#777=FACE_OUTER_BOUND('',#1297,.T.);
#778=PLANE('',#1298);
#779=FACE_OUTER_BOUND('',#1299,.T.);
#780=CYLINDRICAL_SURFACE('',#1300,0.85);
#781=FACE_OUTER_BOUND('',#1301,.T.);
#782=PLANE('',#1302);
#783=FACE_OUTER_BOUND('',#1303,.T.);
#784=CYLINDRICAL_SURFACE('',#1304,0.85);
#785=FACE_OUTER_BOUND('',#1305,.T.);
#786=CONICAL_SURFACE('',#1306,1.28847663488,0.436332082737735);
#787=FACE_OUTER_BOUND('',#1307,.T.);
#788=PLANE('',#1308);
#789=FACE_OUTER_BOUND('',#1309,.T.);
#790=CYLINDRICAL_SURFACE('',#1310,1.475);
#791=FACE_OUTER_BOUND('',#1311,.T.);
#792=PLANE('',#1312);
#793=FACE_OUTER_BOUND('',#1313,.T.);
#794=CYLINDRICAL_SURFACE('',#1314,0.85);
#795=FACE_OUTER_BOUND('',#1315,.T.);
#796=CONICAL_SURFACE('',#1316,1.28847663488,0.436332082737735);
#797=FACE_OUTER_BOUND('',#1317,.T.);
#798=PLANE('',#1318);
#799=FACE_OUTER_BOUND('',#1319,.T.);
#800=CYLINDRICAL_SURFACE('',#1320,1.475);
#801=FACE_OUTER_BOUND('',#1321,.T.);
#802=PLANE('',#1322);
#803=FACE_OUTER_BOUND('',#1323,.T.);
#804=PLANE('',#1324);
#805=FACE_OUTER_BOUND('',#1325,.T.);
#806=PLANE('',#1326);
#807=FACE_OUTER_BOUND('',#1327,.T.);
#808=PLANE('',#1328);
#809=FACE_OUTER_BOUND('',#1329,.T.);
#810=PLANE('',#1330);
#811=FACE_OUTER_BOUND('',#1331,.T.);
#812=CYLINDRICAL_SURFACE('',#1332,1.475);
#813=FACE_OUTER_BOUND('',#1333,.T.);
#814=PLANE('',#1334);
#815=FACE_OUTER_BOUND('',#1335,.T.);
#816=CYLINDRICAL_SURFACE('',#1336,1.475);
#817=FACE_OUTER_BOUND('',#1337,.T.);
#818=PLANE('',#1338);
#819=FACE_OUTER_BOUND('',#1339,.T.);
#820=CONICAL_SURFACE('',#1340,1.28847663488,0.436332082737735);
#821=FACE_OUTER_BOUND('',#1341,.T.);
#822=PLANE('',#1342);
#823=FACE_OUTER_BOUND('',#1343,.T.);
#824=CYLINDRICAL_SURFACE('',#1344,1.475);
#825=FACE_OUTER_BOUND('',#1345,.T.);
#826=CYLINDRICAL_SURFACE('',#1346,1.475);
#827=FACE_OUTER_BOUND('',#1347,.T.);
#828=PLANE('',#1348);
#829=FACE_OUTER_BOUND('',#1349,.T.);
#830=PLANE('',#1350);
#831=FACE_OUTER_BOUND('',#1351,.T.);
#832=PLANE('',#1352);
#833=TRIMMED_CURVE('',#1353,(PARAMETER_VALUE(0.0)),(PARAMETER_VALUE(3.1415926535892)),.T.,.UNSPECIFIED.);
#834=TRIMMED_CURVE('',#1354,(PARAMETER_VALUE(0.0)),(PARAMETER_VALUE(3.1415926535892)),.T.,.UNSPECIFIED.);
#835=TRIMMED_CURVE('',#1355,(PARAMETER_VALUE(0.0)),(PARAMETER_VALUE(3.1415926535892)),.T.,.UNSPECIFIED.);
#836=TRIMMED_CURVE('',#1356,(PARAMETER_VALUE(0.0)),(PARAMETER_VALUE(3.1415926535892)),.T.,.UNSPECIFIED.);
#837=TRIMMED_CURVE('',#1357,(PARAMETER_VALUE(0.0)),(PARAMETER_VALUE(3.1415926535892)),.T.,.UNSPECIFIED.);
#838=TRIMMED_CURVE('',#1358,(PARAMETER_VALUE(0.0)),(PARAMETER_VALUE(3.1415926535892)),.T.,.UNSPECIFIED.);
#839=TRIMMED_CURVE('',#1359,(PARAMETER_VALUE(0.0)),(PARAMETER_VALUE(3.1415926535892)),.T.,.UNSPECIFIED.);
#840=TRIMMED_CURVE('',#1360,(PARAMETER_VALUE(0.0)),(PARAMETER_VALUE(3.1415926535892)),.T.,.UNSPECIFIED.);
#841=TRIMMED_CURVE('',#1361,(PARAMETER_VALUE(0.0)),(PARAMETER_VALUE(3.1415926535892)),.T.,.UNSPECIFIED.);
#842=TRIMMED_CURVE('',#1362,(PARAMETER_VALUE(0.0)),(PARAMETER_VALUE(3.1415926535892)),.T.,.UNSPECIFIED.);
#843=TRIMMED_CURVE('',#1363,(PARAMETER_VALUE(0.0)),(PARAMETER_VALUE(3.1415926535892)),.T.,.UNSPECIFIED.);
#844=TRIMMED_CURVE('',#1364,(PARAMETER_VALUE(0.0)),(PARAMETER_VALUE(3.1415926535892)),.T.,.UNSPECIFIED.);
#845=TRIMMED_CURVE('',#1365,(PARAMETER_VALUE(0.0)),(PARAMETER_VALUE(3.1415926535892)),.T.,.UNSPECIFIED.);
#846=TRIMMED_CURVE('',#1366,(PARAMETER_VALUE(0.0)),(PARAMETER_VALUE(3.1415926535892)),.T.,.UNSPECIFIED.);
#847=TRIMMED_CURVE('',#1367,(PARAMETER_VALUE(0.0)),(PARAMETER_VALUE(3.1415926535892)),.T.,.UNSPECIFIED.);
#848=TRIMMED_CURVE('',#1368,(PARAMETER_VALUE(0.0)),(PARAMETER_VALUE(3.1415926535892)),.T.,.UNSPECIFIED.);
#849=EDGE_LOOP('',(#1369,#1370,#1371,#1372));
#850=AXIS2_PLACEMENT_3D('',#1373,#1374,#1375);
#851=EDGE_LOOP('',(#1376,#1377,#1378,#1379));
#852=AXIS2_PLACEMENT_3D('',#1380,#1381,#1382);
#853=EDGE_LOOP('',(#1383,#1384,#1385,#1386));
#854=AXIS2_PLACEMENT_3D('',#1387,#1388,#1389);
#855=EDGE_LOOP('',(#1390,#1391,#1392,#1393,#1394));
#856=AXIS2_PLACEMENT_3D('',#1395,#1396,#1397);
#857=EDGE_LOOP('',(#1398,#1399,#1400,#1401,#1402));
#858=AXIS2_PLACEMENT_3D('',#1403,#1404,#1405);
#859=EDGE_LOOP('',(#1406,#1407,#1408,#1409));
#860=AXIS2_PLACEMENT_3D('',#1410,#1411,#1412);
#861=EDGE_LOOP('',(#1413,#1414,#1415,#1416));
#862=AXIS2_PLACEMENT_3D('',#1417,#1418,#1419);
#863=EDGE_LOOP('',(#1420,#1421,#1422,#1423,#1424));
#864=AXIS2_PLACEMENT_3D('',#1425,#1426,#1427);
#865=EDGE_LOOP('',(#1428,#1429,#1430,#1431));
#866=AXIS2_PLACEMENT_3D('',#1432,#1433,#1434);
#867=EDGE_LOOP('',(#1435,#1436,#1437,#1438,#1439));
#868=AXIS2_PLACEMENT_3D('',#1440,#1441,#1442);
#869=EDGE_LOOP('',(#1443,#1444,#1445,#1446,#1447,#1448,#1449,#1450,#1451,#1452,#1453,#1454,#1455));
#870=EDGE_LOOP('',(#1456,#1457,#1458,#1459));
#871=EDGE_LOOP('',(#1460,#1461,#1462,#1463));
#872=EDGE_LOOP('',(#1464,#1465,#1466,#1467));
#873=EDGE_LOOP('',(#1468,#1469,#1470,#1471,#1472,#1473));
#874=EDGE_LOOP('',(#1474,#1475,#1476,#1477,#1478,#1479));
#875=EDGE_LOOP('',(#1480,#1481,#1482,#1483,#1484,#1485));
#876=AXIS2_PLACEMENT_3D('',#1486,#1487,#1488);
#877=EDGE_LOOP('',(#1489,#1490,#1491,#1492));
#878=AXIS2_PLACEMENT_3D('',#1493,#1494,#1495);
#879=EDGE_LOOP('',(#1496,#1497,#1498,#1499));
#880=AXIS2_PLACEMENT_3D('',#1500,#1501,#1502);
#881=EDGE_LOOP('',(#1503,#1504,#1505,#1506,#1507,#1508,#1509,#1510));
#882=AXIS2_PLACEMENT_3D('',#1511,#1512,#1513);
#883=EDGE_LOOP('',(#1514,#1515,#1516,#1517));
#884=AXIS2_PLACEMENT_3D('',#1518,#1519,#1520);
#885=EDGE_LOOP('',(#1521,#1522,#1523,#1524));
#886=AXIS2_PLACEMENT_3D('',#1525,#1526,#1527);
#887=EDGE_LOOP('',(#1528,#1529,#1530,#1531));
#888=AXIS2_PLACEMENT_3D('',#1532,#1533,#1534);
#889=EDGE_LOOP('',(#1535,#1536,#1537,#1538,#1539,#1540,#1541,#1542,#1543,#1544,#1545,#1546,#1547,#1548,#1549,#1550,#1551,#1552,#1553,#1554,#1555,#1556,#1557,#1558,#1559,#1560,#1561,#1562,#1563,#1564,#1565,#1566,#1567,#1568,#1569,#1570,#1571,#1572,#1573,#1574,#1575,#1576));
#890=AXIS2_PLACEMENT_3D('',#1577,#1578,#1579);
#891=EDGE_LOOP('',(#1580,#1581,#1582,#1583));
#892=AXIS2_PLACEMENT_3D('',#1584,#1585,#1586);
#893=EDGE_LOOP('',(#1587,#1588,#1589,#1590,#1591));
#894=AXIS2_PLACEMENT_3D('',#1592,#1593,#1594);
#895=EDGE_LOOP('',(#1595,#1596,#1597,#1598));
#896=AXIS2_PLACEMENT_3D('',#1599,#1600,#1601);
#897=EDGE_LOOP('',(#1602,#1603,#1604,#1605,#1606,#1607,#1608,#1609));
#898=AXIS2_PLACEMENT_3D('',#1610,#1611,#1612);
#899=EDGE_LOOP('',(#1613,#1614,#1615,#1616,#1617,#1618,#1619,#1620,#1621,#1622));
#900=AXIS2_PLACEMENT_3D('',#1623,#1624,#1625);
#901=EDGE_LOOP('',(#1626,#1627,#1628,#1629,#1630,#1631));
#902=AXIS2_PLACEMENT_3D('',#1632,#1633,#1634);
#903=EDGE_LOOP('',(#1635,#1636,#1637,#1638));
#904=AXIS2_PLACEMENT_3D('',#1639,#1640,#1641);
#905=EDGE_LOOP('',(#1642,#1643,#1644,#1645,#1646,#1647,#1648));
#906=AXIS2_PLACEMENT_3D('',#1649,#1650,#1651);
#907=EDGE_LOOP('',(#1652,#1653,#1654,#1655));
#908=AXIS2_PLACEMENT_3D('',#1656,#1657,#1658);
#909=EDGE_LOOP('',(#1659,#1660,#1661,#1662));
#910=AXIS2_PLACEMENT_3D('',#1663,#1664,#1665);
#911=EDGE_LOOP('',(#1666,#1667,#1668,#1669,#1670,#1671));
#912=AXIS2_PLACEMENT_3D('',#1672,#1673,#1674);
#913=EDGE_LOOP('',(#1675,#1676,#1677,#1678));
#914=AXIS2_PLACEMENT_3D('',#1679,#1680,#1681);
#915=EDGE_LOOP('',(#1682,#1683,#1684,#1685,#1686));
#916=AXIS2_PLACEMENT_3D('',#1687,#1688,#1689);
#917=EDGE_LOOP('',(#1690,#1691,#1692,#1693,#1694));
#918=AXIS2_PLACEMENT_3D('',#1695,#1696,#1697);
#919=EDGE_LOOP('',(#1698,#1699,#1700,#1701));
#920=AXIS2_PLACEMENT_3D('',#1702,#1703,#1704);
#921=EDGE_LOOP('',(#1705,#1706,#1707,#1708,#1709,#1710,#1711,#1712));
#922=AXIS2_PLACEMENT_3D('',#1713,#1714,#1715);
#923=EDGE_LOOP('',(#1716,#1717,#1718,#1719));
#924=AXIS2_PLACEMENT_3D('',#1720,#1721,#1722);
#925=EDGE_LOOP('',(#1723,#1724,#1725,#1726));
#926=AXIS2_PLACEMENT_3D('',#1727,#1728,#1729);
#927=EDGE_LOOP('',(#1730,#1731,#1732,#1733,#1734,#1735,#1736,#1737,#1738,#1739,#1740,#1741,#1742,#1743,#1744,#1745,#1746,#1747,#1748,#1749,#1750,#1751));
#928=EDGE_LOOP('',(#1752,#1753,#1754,#1755));
#929=EDGE_LOOP('',(#1756,#1757,#1758,#1759));
#930=EDGE_LOOP('',(#1760,#1761,#1762,#1763));
#931=EDGE_LOOP('',(#1764,#1765,#1766,#1767));
#932=EDGE_LOOP('',(#1768,#1769,#1770,#1771));
#933=EDGE_LOOP('',(#1772,#1773,#1774,#1775));
#934=AXIS2_PLACEMENT_3D('',#1776,#1777,#1778);
#935=EDGE_LOOP('',(#1779,#1780,#1781,#1782));
#936=AXIS2_PLACEMENT_3D('',#1783,#1784,#1785);
#937=EDGE_LOOP('',(#1786,#1787,#1788,#1789,#1790,#1791,#1792,#1793));
#938=AXIS2_PLACEMENT_3D('',#1794,#1795,#1796);
#939=EDGE_LOOP('',(#1797,#1798,#1799,#1800));
#940=AXIS2_PLACEMENT_3D('',#1801,#1802,#1803);
#941=EDGE_LOOP('',(#1804,#1805,#1806,#1807));
#942=AXIS2_PLACEMENT_3D('',#1808,#1809,#1810);
#943=EDGE_LOOP('',(#1811,#1812,#1813,#1814));
#944=AXIS2_PLACEMENT_3D('',#1815,#1816,#1817);
#945=EDGE_LOOP('',(#1818,#1819,#1820,#1821));
#946=AXIS2_PLACEMENT_3D('',#1822,#1823,#1824);
#947=EDGE_LOOP('',(#1825,#1826,#1827,#1828));
#948=AXIS2_PLACEMENT_3D('',#1829,#1830,#1831);
#949=EDGE_LOOP('',(#1832,#1833,#1834,#1835));
#950=AXIS2_PLACEMENT_3D('',#1836,#1837,#1838);
#951=EDGE_LOOP('',(#1839,#1840,#1841,#1842));
#952=AXIS2_PLACEMENT_3D('',#1843,#1844,#1845);
#953=EDGE_LOOP('',(#1846,#1847,#1848,#1849));
#954=AXIS2_PLACEMENT_3D('',#1850,#1851,#1852);
#955=EDGE_LOOP('',(#1853,#1854,#1855,#1856));
#956=AXIS2_PLACEMENT_3D('',#1857,#1858,#1859);
#957=EDGE_LOOP('',(#1860,#1861,#1862,#1863));
#958=AXIS2_PLACEMENT_3D('',#1864,#1865,#1866);
#959=EDGE_LOOP('',(#1867,#1868,#1869,#1870));
#960=AXIS2_PLACEMENT_3D('',#1871,#1872,#1873);
#961=EDGE_LOOP('',(#1874,#1875,#1876,#1877));
#962=AXIS2_PLACEMENT_3D('',#1878,#1879,#1880);
#963=EDGE_LOOP('',(#1881,#1882,#1883,#1884));
#964=AXIS2_PLACEMENT_3D('',#1885,#1886,#1887);
#965=EDGE_LOOP('',(#1888,#1889,#1890,#1891));
#966=AXIS2_PLACEMENT_3D('',#1892,#1893,#1894);
#967=EDGE_LOOP('',(#1895,#1896,#1897,#1898,#1899,#1900,#1901,#1902));
#968=AXIS2_PLACEMENT_3D('',#1903,#1904,#1905);
#969=EDGE_LOOP('',(#1906,#1907,#1908,#1909));
#970=AXIS2_PLACEMENT_3D('',#1910,#1911,#1912);
#971=EDGE_LOOP('',(#1913,#1914,#1915,#1916));
#972=AXIS2_PLACEMENT_3D('',#1917,#1918,#1919);
#973=EDGE_LOOP('',(#1920,#1921,#1922,#1923));
#974=AXIS2_PLACEMENT_3D('',#1924,#1925,#1926);
#975=EDGE_LOOP('',(#1927,#1928,#1929,#1930));
#976=EDGE_LOOP('',(#1931,#1932,#1933,#1934));
#977=AXIS2_PLACEMENT_3D('',#1935,#1936,#1937);
#978=EDGE_LOOP('',(#1938,#1939,#1940,#1941,#1942,#1943));
#979=EDGE_LOOP('',(#1944,#1945,#1946,#1947));
#980=AXIS2_PLACEMENT_3D('',#1948,#1949,#1950);
#981=EDGE_LOOP('',(#1951,#1952,#1953,#1954));
#982=AXIS2_PLACEMENT_3D('',#1955,#1956,#1957);
#983=EDGE_LOOP('',(#1958,#1959,#1960,#1961));
#984=AXIS2_PLACEMENT_3D('',#1962,#1963,#1964);
#985=EDGE_LOOP('',(#1965,#1966,#1967,#1968));
#986=AXIS2_PLACEMENT_3D('',#1969,#1970,#1971);
#987=EDGE_LOOP('',(#1972,#1973,#1974,#1975));
#988=AXIS2_PLACEMENT_3D('',#1976,#1977,#1978);
#989=EDGE_LOOP('',(#1979,#1980,#1981,#1982));
#990=AXIS2_PLACEMENT_3D('',#1983,#1984,#1985);
#991=EDGE_LOOP('',(#1986,#1987,#1988,#1989,#1990,#1991));
#992=AXIS2_PLACEMENT_3D('',#1992,#1993,#1994);
#993=EDGE_LOOP('',(#1995,#1996,#1997,#1998));
#994=AXIS2_PLACEMENT_3D('',#1999,#2000,#2001);
#995=EDGE_LOOP('',(#2002,#2003,#2004,#2005));
#996=AXIS2_PLACEMENT_3D('',#2006,#2007,#2008);
#997=EDGE_LOOP('',(#2009,#2010,#2011,#2012));
#998=AXIS2_PLACEMENT_3D('',#2013,#2014,#2015);
#999=EDGE_LOOP('',(#2016,#2017,#2018,#2019));
#1000=AXIS2_PLACEMENT_3D('',#2020,#2021,#2022);
#1001=EDGE_LOOP('',(#2023,#2024,#2025,#2026,#2027,#2028));
#1002=AXIS2_PLACEMENT_3D('',#2029,#2030,#2031);
#1003=EDGE_LOOP('',(#2032,#2033,#2034,#2035));
#1004=AXIS2_PLACEMENT_3D('',#2036,#2037,#2038);
#1005=EDGE_LOOP('',(#2039,#2040,#2041,#2042));
#1006=AXIS2_PLACEMENT_3D('',#2043,#2044,#2045);
#1007=EDGE_LOOP('',(#2046,#2047,#2048,#2049));
#1008=AXIS2_PLACEMENT_3D('',#2050,#2051,#2052);
#1009=EDGE_LOOP('',(#2053,#2054,#2055,#2056));
#1010=AXIS2_PLACEMENT_3D('',#2057,#2058,#2059);
#1011=EDGE_LOOP('',(#2060,#2061,#2062,#2063));
#1012=AXIS2_PLACEMENT_3D('',#2064,#2065,#2066);
#1013=EDGE_LOOP('',(#2067,#2068,#2069,#2070));
#1014=AXIS2_PLACEMENT_3D('',#2071,#2072,#2073);
#1015=EDGE_LOOP('',(#2074,#2075,#2076,#2077));
#1016=AXIS2_PLACEMENT_3D('',#2078,#2079,#2080);
#1017=EDGE_LOOP('',(#2081,#2082,#2083,#2084));
#1018=AXIS2_PLACEMENT_3D('',#2085,#2086,#2087);
#1019=EDGE_LOOP('',(#2088,#2089,#2090,#2091));
#1020=AXIS2_PLACEMENT_3D('',#2092,#2093,#2094);
#1021=EDGE_LOOP('',(#2095,#2096,#2097,#2098));
#1022=AXIS2_PLACEMENT_3D('',#2099,#2100,#2101);
#1023=EDGE_LOOP('',(#2102,#2103,#2104,#2105));
#1024=AXIS2_PLACEMENT_3D('',#2106,#2107,#2108);
#1025=EDGE_LOOP('',(#2109,#2110,#2111,#2112));
#1026=AXIS2_PLACEMENT_3D('',#2113,#2114,#2115);
#1027=EDGE_LOOP('',(#2116,#2117,#2118,#2119));
#1028=AXIS2_PLACEMENT_3D('',#2120,#2121,#2122);
#1029=EDGE_LOOP('',(#2123,#2124,#2125,#2126));
#1030=AXIS2_PLACEMENT_3D('',#2127,#2128,#2129);
#1031=EDGE_LOOP('',(#2130,#2131,#2132,#2133));
#1032=AXIS2_PLACEMENT_3D('',#2134,#2135,#2136);
#1033=EDGE_LOOP('',(#2137,#2138,#2139,#2140));
#1034=AXIS2_PLACEMENT_3D('',#2141,#2142,#2143);
#1035=EDGE_LOOP('',(#2144,#2145,#2146,#2147));
#1036=AXIS2_PLACEMENT_3D('',#2148,#2149,#2150);
#1037=EDGE_LOOP('',(#2151,#2152,#2153,#2154));
#1038=AXIS2_PLACEMENT_3D('',#2155,#2156,#2157);
#1039=EDGE_LOOP('',(#2158,#2159,#2160,#2161));
#1040=AXIS2_PLACEMENT_3D('',#2162,#2163,#2164);
#1041=EDGE_LOOP('',(#2165,#2166,#2167,#2168));
#1042=AXIS2_PLACEMENT_3D('',#2169,#2170,#2171);
#1043=EDGE_LOOP('',(#2172,#2173,#2174,#2175));
#1044=AXIS2_PLACEMENT_3D('',#2176,#2177,#2178);
#1045=EDGE_LOOP('',(#2179,#2180,#2181,#2182));
#1046=AXIS2_PLACEMENT_3D('',#2183,#2184,#2185);
#1047=EDGE_LOOP('',(#2186,#2187,#2188,#2189,#2190,#2191,#2192,#2193));
#1048=AXIS2_PLACEMENT_3D('',#2194,#2195,#2196);
#1049=EDGE_LOOP('',(#2197,#2198,#2199,#2200));
#1050=AXIS2_PLACEMENT_3D('',#2201,#2202,#2203);
#1051=EDGE_LOOP('',(#2204,#2205,#2206,#2207));
#1052=AXIS2_PLACEMENT_3D('',#2208,#2209,#2210);
#1053=EDGE_LOOP('',(#2211,#2212,#2213,#2214));
#1054=AXIS2_PLACEMENT_3D('',#2215,#2216,#2217);
#1055=EDGE_LOOP('',(#2218,#2219,#2220,#2221));
#1056=AXIS2_PLACEMENT_3D('',#2222,#2223,#2224);
#1057=EDGE_LOOP('',(#2225,#2226,#2227,#2228));
#1058=AXIS2_PLACEMENT_3D('',#2229,#2230,#2231);
#1059=EDGE_LOOP('',(#2232,#2233,#2234,#2235));
#1060=AXIS2_PLACEMENT_3D('',#2236,#2237,#2238);
#1061=EDGE_LOOP('',(#2239,#2240,#2241,#2242));
#1062=AXIS2_PLACEMENT_3D('',#2243,#2244,#2245);
#1063=EDGE_LOOP('',(#2246,#2247,#2248,#2249));
#1064=AXIS2_PLACEMENT_3D('',#2250,#2251,#2252);
#1065=EDGE_LOOP('',(#2253,#2254,#2255,#2256));
#1066=AXIS2_PLACEMENT_3D('',#2257,#2258,#2259);
#1067=EDGE_LOOP('',(#2260,#2261,#2262,#2263));
#1068=AXIS2_PLACEMENT_3D('',#2264,#2265,#2266);
#1069=EDGE_LOOP('',(#2267,#2268,#2269,#2270));
#1070=AXIS2_PLACEMENT_3D('',#2271,#2272,#2273);
#1071=EDGE_LOOP('',(#2274,#2275,#2276,#2277));
#1072=AXIS2_PLACEMENT_3D('',#2278,#2279,#2280);
#1073=EDGE_LOOP('',(#2281,#2282,#2283,#2284));
#1074=AXIS2_PLACEMENT_3D('',#2285,#2286,#2287);
#1075=EDGE_LOOP('',(#2288,#2289,#2290,#2291));
#1076=AXIS2_PLACEMENT_3D('',#2292,#2293,#2294);
#1077=EDGE_LOOP('',(#2295,#2296,#2297,#2298,#2299,#2300,#2301,#2302));
#1078=AXIS2_PLACEMENT_3D('',#2303,#2304,#2305);
#1079=EDGE_LOOP('',(#2306,#2307,#2308,#2309));
#1080=AXIS2_PLACEMENT_3D('',#2310,#2311,#2312);
#1081=EDGE_LOOP('',(#2313,#2314,#2315,#2316));
#1082=AXIS2_PLACEMENT_3D('',#2317,#2318,#2319);
#1083=EDGE_LOOP('',(#2320,#2321,#2322,#2323));
#1084=AXIS2_PLACEMENT_3D('',#2324,#2325,#2326);
#1085=EDGE_LOOP('',(#2327,#2328,#2329,#2330));
#1086=EDGE_LOOP('',(#2331,#2332,#2333,#2334));
#1087=AXIS2_PLACEMENT_3D('',#2335,#2336,#2337);
#1088=EDGE_LOOP('',(#2338,#2339,#2340,#2341,#2342,#2343));
#1089=EDGE_LOOP('',(#2344,#2345,#2346,#2347));
#1090=AXIS2_PLACEMENT_3D('',#2348,#2349,#2350);
#1091=EDGE_LOOP('',(#2351,#2352,#2353,#2354));
#1092=AXIS2_PLACEMENT_3D('',#2355,#2356,#2357);
#1093=EDGE_LOOP('',(#2358,#2359,#2360,#2361));
#1094=AXIS2_PLACEMENT_3D('',#2362,#2363,#2364);
#1095=EDGE_LOOP('',(#2365,#2366,#2367,#2368));
#1096=AXIS2_PLACEMENT_3D('',#2369,#2370,#2371);
#1097=EDGE_LOOP('',(#2372,#2373,#2374,#2375));
#1098=AXIS2_PLACEMENT_3D('',#2376,#2377,#2378);
#1099=EDGE_LOOP('',(#2379,#2380,#2381,#2382));
#1100=AXIS2_PLACEMENT_3D('',#2383,#2384,#2385);
#1101=EDGE_LOOP('',(#2386,#2387,#2388,#2389,#2390,#2391));
#1102=AXIS2_PLACEMENT_3D('',#2392,#2393,#2394);
#1103=EDGE_LOOP('',(#2395,#2396,#2397,#2398));
#1104=AXIS2_PLACEMENT_3D('',#2399,#2400,#2401);
#1105=EDGE_LOOP('',(#2402,#2403,#2404,#2405));
#1106=AXIS2_PLACEMENT_3D('',#2406,#2407,#2408);
#1107=EDGE_LOOP('',(#2409,#2410,#2411,#2412));
#1108=AXIS2_PLACEMENT_3D('',#2413,#2414,#2415);
#1109=EDGE_LOOP('',(#2416,#2417,#2418,#2419));
#1110=AXIS2_PLACEMENT_3D('',#2420,#2421,#2422);
#1111=EDGE_LOOP('',(#2423,#2424,#2425,#2426,#2427,#2428));
#1112=AXIS2_PLACEMENT_3D('',#2429,#2430,#2431);
#1113=EDGE_LOOP('',(#2432,#2433,#2434,#2435));
#1114=AXIS2_PLACEMENT_3D('',#2436,#2437,#2438);
#1115=EDGE_LOOP('',(#2439,#2440,#2441,#2442));
#1116=AXIS2_PLACEMENT_3D('',#2443,#2444,#2445);
#1117=EDGE_LOOP('',(#2446,#2447,#2448,#2449));
#1118=AXIS2_PLACEMENT_3D('',#2450,#2451,#2452);
#1119=EDGE_LOOP('',(#2453,#2454,#2455,#2456));
#1120=AXIS2_PLACEMENT_3D('',#2457,#2458,#2459);
#1121=EDGE_LOOP('',(#2460,#2461,#2462,#2463));
#1122=AXIS2_PLACEMENT_3D('',#2464,#2465,#2466);
#1123=EDGE_LOOP('',(#2467,#2468,#2469,#2470));
#1124=AXIS2_PLACEMENT_3D('',#2471,#2472,#2473);
#1125=EDGE_LOOP('',(#2474,#2475,#2476,#2477));
#1126=AXIS2_PLACEMENT_3D('',#2478,#2479,#2480);
#1127=EDGE_LOOP('',(#2481,#2482,#2483,#2484));
#1128=AXIS2_PLACEMENT_3D('',#2485,#2486,#2487);
#1129=EDGE_LOOP('',(#2488,#2489,#2490,#2491));
#1130=AXIS2_PLACEMENT_3D('',#2492,#2493,#2494);
#1131=EDGE_LOOP('',(#2495,#2496,#2497,#2498));
#1132=AXIS2_PLACEMENT_3D('',#2499,#2500,#2501);
#1133=EDGE_LOOP('',(#2502,#2503,#2504,#2505));
#1134=AXIS2_PLACEMENT_3D('',#2506,#2507,#2508);
#1135=EDGE_LOOP('',(#2509,#2510,#2511,#2512));
#1136=AXIS2_PLACEMENT_3D('',#2513,#2514,#2515);
#1137=EDGE_LOOP('',(#2516,#2517,#2518,#2519));
#1138=AXIS2_PLACEMENT_3D('',#2520,#2521,#2522);
#1139=EDGE_LOOP('',(#2523,#2524,#2525,#2526));
#1140=AXIS2_PLACEMENT_3D('',#2527,#2528,#2529);
#1141=EDGE_LOOP('',(#2530,#2531,#2532,#2533));
#1142=AXIS2_PLACEMENT_3D('',#2534,#2535,#2536);
#1143=EDGE_LOOP('',(#2537,#2538,#2539,#2540));
#1144=AXIS2_PLACEMENT_3D('',#2541,#2542,#2543);
#1145=EDGE_LOOP('',(#2544,#2545,#2546,#2547));
#1146=AXIS2_PLACEMENT_3D('',#2548,#2549,#2550);
#1147=EDGE_LOOP('',(#2551,#2552,#2553,#2554));
#1148=AXIS2_PLACEMENT_3D('',#2555,#2556,#2557);
#1149=EDGE_LOOP('',(#2558,#2559,#2560,#2561));
#1150=AXIS2_PLACEMENT_3D('',#2562,#2563,#2564);
#1151=EDGE_LOOP('',(#2565,#2566,#2567,#2568));
#1152=AXIS2_PLACEMENT_3D('',#2569,#2570,#2571);
#1153=EDGE_LOOP('',(#2572,#2573,#2574,#2575));
#1154=AXIS2_PLACEMENT_3D('',#2576,#2577,#2578);
#1155=EDGE_LOOP('',(#2579,#2580,#2581,#2582));
#1156=AXIS2_PLACEMENT_3D('',#2583,#2584,#2585);
#1157=EDGE_LOOP('',(#2586,#2587,#2588,#2589,#2590,#2591,#2592,#2593));
#1158=AXIS2_PLACEMENT_3D('',#2594,#2595,#2596);
#1159=EDGE_LOOP('',(#2597,#2598,#2599,#2600));
#1160=AXIS2_PLACEMENT_3D('',#2601,#2602,#2603);
#1161=EDGE_LOOP('',(#2604,#2605,#2606,#2607));
#1162=AXIS2_PLACEMENT_3D('',#2608,#2609,#2610);
#1163=EDGE_LOOP('',(#2611,#2612,#2613,#2614));
#1164=AXIS2_PLACEMENT_3D('',#2615,#2616,#2617);
#1165=EDGE_LOOP('',(#2618,#2619,#2620,#2621));
#1166=AXIS2_PLACEMENT_3D('',#2622,#2623,#2624);
#1167=EDGE_LOOP('',(#2625,#2626,#2627,#2628));
#1168=AXIS2_PLACEMENT_3D('',#2629,#2630,#2631);
#1169=EDGE_LOOP('',(#2632,#2633,#2634,#2635));
#1170=AXIS2_PLACEMENT_3D('',#2636,#2637,#2638);
#1171=EDGE_LOOP('',(#2639,#2640,#2641,#2642));
#1172=AXIS2_PLACEMENT_3D('',#2643,#2644,#2645);
#1173=EDGE_LOOP('',(#2646,#2647,#2648,#2649));
#1174=AXIS2_PLACEMENT_3D('',#2650,#2651,#2652);
#1175=EDGE_LOOP('',(#2653,#2654,#2655,#2656));
#1176=AXIS2_PLACEMENT_3D('',#2657,#2658,#2659);
#1177=EDGE_LOOP('',(#2660,#2661,#2662,#2663));
#1178=AXIS2_PLACEMENT_3D('',#2664,#2665,#2666);
#1179=EDGE_LOOP('',(#2667,#2668,#2669,#2670));
#1180=AXIS2_PLACEMENT_3D('',#2671,#2672,#2673);
#1181=EDGE_LOOP('',(#2674,#2675,#2676,#2677));
#1182=AXIS2_PLACEMENT_3D('',#2678,#2679,#2680);
#1183=EDGE_LOOP('',(#2681,#2682,#2683,#2684));
#1184=AXIS2_PLACEMENT_3D('',#2685,#2686,#2687);
#1185=EDGE_LOOP('',(#2688,#2689,#2690,#2691));
#1186=AXIS2_PLACEMENT_3D('',#2692,#2693,#2694);
#1187=EDGE_LOOP('',(#2695,#2696,#2697,#2698,#2699,#2700,#2701,#2702));
#1188=AXIS2_PLACEMENT_3D('',#2703,#2704,#2705);
#1189=EDGE_LOOP('',(#2706,#2707,#2708,#2709));
#1190=AXIS2_PLACEMENT_3D('',#2710,#2711,#2712);
#1191=EDGE_LOOP('',(#2713,#2714,#2715,#2716));
#1192=AXIS2_PLACEMENT_3D('',#2717,#2718,#2719);
#1193=EDGE_LOOP('',(#2720,#2721,#2722,#2723));
#1194=AXIS2_PLACEMENT_3D('',#2724,#2725,#2726);
#1195=EDGE_LOOP('',(#2727,#2728,#2729,#2730));
#1196=EDGE_LOOP('',(#2731,#2732,#2733,#2734));
#1197=AXIS2_PLACEMENT_3D('',#2735,#2736,#2737);
#1198=EDGE_LOOP('',(#2738,#2739,#2740,#2741,#2742,#2743));
#1199=EDGE_LOOP('',(#2744,#2745,#2746,#2747));
#1200=AXIS2_PLACEMENT_3D('',#2748,#2749,#2750);
#1201=EDGE_LOOP('',(#2751,#2752,#2753,#2754));
#1202=AXIS2_PLACEMENT_3D('',#2755,#2756,#2757);
#1203=EDGE_LOOP('',(#2758,#2759,#2760,#2761));
#1204=AXIS2_PLACEMENT_3D('',#2762,#2763,#2764);
#1205=EDGE_LOOP('',(#2765,#2766,#2767,#2768));
#1206=AXIS2_PLACEMENT_3D('',#2769,#2770,#2771);
#1207=EDGE_LOOP('',(#2772,#2773,#2774,#2775));
#1208=AXIS2_PLACEMENT_3D('',#2776,#2777,#2778);
#1209=EDGE_LOOP('',(#2779,#2780,#2781,#2782));
#1210=AXIS2_PLACEMENT_3D('',#2783,#2784,#2785);
#1211=EDGE_LOOP('',(#2786,#2787,#2788,#2789,#2790,#2791));
#1212=AXIS2_PLACEMENT_3D('',#2792,#2793,#2794);
#1213=EDGE_LOOP('',(#2795,#2796,#2797,#2798));
#1214=AXIS2_PLACEMENT_3D('',#2799,#2800,#2801);
#1215=EDGE_LOOP('',(#2802,#2803,#2804,#2805));
#1216=AXIS2_PLACEMENT_3D('',#2806,#2807,#2808);
#1217=EDGE_LOOP('',(#2809,#2810,#2811,#2812));
#1218=AXIS2_PLACEMENT_3D('',#2813,#2814,#2815);
#1219=EDGE_LOOP('',(#2816,#2817,#2818,#2819));
#1220=AXIS2_PLACEMENT_3D('',#2820,#2821,#2822);
#1221=EDGE_LOOP('',(#2823,#2824,#2825,#2826,#2827,#2828));
#1222=AXIS2_PLACEMENT_3D('',#2829,#2830,#2831);
#1223=EDGE_LOOP('',(#2832,#2833,#2834,#2835));
#1224=AXIS2_PLACEMENT_3D('',#2836,#2837,#2838);
#1225=EDGE_LOOP('',(#2839,#2840,#2841,#2842));
#1226=AXIS2_PLACEMENT_3D('',#2843,#2844,#2845);
#1227=EDGE_LOOP('',(#2846,#2847,#2848,#2849));
#1228=AXIS2_PLACEMENT_3D('',#2850,#2851,#2852);
#1229=EDGE_LOOP('',(#2853,#2854,#2855,#2856));
#1230=AXIS2_PLACEMENT_3D('',#2857,#2858,#2859);
#1231=EDGE_LOOP('',(#2860,#2861,#2862,#2863));
#1232=AXIS2_PLACEMENT_3D('',#2864,#2865,#2866);
#1233=EDGE_LOOP('',(#2867,#2868,#2869,#2870));
#1234=AXIS2_PLACEMENT_3D('',#2871,#2872,#2873);
#1235=EDGE_LOOP('',(#2874,#2875,#2876,#2877));
#1236=AXIS2_PLACEMENT_3D('',#2878,#2879,#2880);
#1237=EDGE_LOOP('',(#2881,#2882,#2883,#2884));
#1238=AXIS2_PLACEMENT_3D('',#2885,#2886,#2887);
#1239=EDGE_LOOP('',(#2888,#2889,#2890,#2891));
#1240=AXIS2_PLACEMENT_3D('',#2892,#2893,#2894);
#1241=EDGE_LOOP('',(#2895,#2896,#2897,#2898));
#1242=AXIS2_PLACEMENT_3D('',#2899,#2900,#2901);
#1243=EDGE_LOOP('',(#2902,#2903,#2904,#2905));
#1244=AXIS2_PLACEMENT_3D('',#2906,#2907,#2908);
#1245=EDGE_LOOP('',(#2909,#2910,#2911,#2912));
#1246=AXIS2_PLACEMENT_3D('',#2913,#2914,#2915);
#1247=EDGE_LOOP('',(#2916,#2917,#2918,#2919));
#1248=AXIS2_PLACEMENT_3D('',#2920,#2921,#2922);
#1249=EDGE_LOOP('',(#2923,#2924,#2925,#2926));
#1250=AXIS2_PLACEMENT_3D('',#2927,#2928,#2929);
#1251=EDGE_LOOP('',(#2930,#2931,#2932,#2933));
#1252=AXIS2_PLACEMENT_3D('',#2934,#2935,#2936);
#1253=EDGE_LOOP('',(#2937,#2938,#2939,#2940));
#1254=AXIS2_PLACEMENT_3D('',#2941,#2942,#2943);
#1255=EDGE_LOOP('',(#2944,#2945,#2946,#2947));
#1256=AXIS2_PLACEMENT_3D('',#2948,#2949,#2950);
#1257=EDGE_LOOP('',(#2951,#2952,#2953,#2954));
#1258=AXIS2_PLACEMENT_3D('',#2955,#2956,#2957);
#1259=EDGE_LOOP('',(#2958,#2959,#2960,#2961));
#1260=AXIS2_PLACEMENT_3D('',#2962,#2963,#2964);
#1261=EDGE_LOOP('',(#2965,#2966,#2967,#2968));
#1262=AXIS2_PLACEMENT_3D('',#2969,#2970,#2971);
#1263=EDGE_LOOP('',(#2972,#2973,#2974,#2975));
#1264=AXIS2_PLACEMENT_3D('',#2976,#2977,#2978);
#1265=EDGE_LOOP('',(#2979,#2980,#2981,#2982));
#1266=AXIS2_PLACEMENT_3D('',#2983,#2984,#2985);
#1267=EDGE_LOOP('',(#2986,#2987,#2988,#2989,#2990,#2991,#2992,#2993));
#1268=AXIS2_PLACEMENT_3D('',#2994,#2995,#2996);
#1269=EDGE_LOOP('',(#2997,#2998,#2999,#3000));
#1270=AXIS2_PLACEMENT_3D('',#3001,#3002,#3003);
#1271=EDGE_LOOP('',(#3004,#3005,#3006,#3007));
#1272=AXIS2_PLACEMENT_3D('',#3008,#3009,#3010);
#1273=EDGE_LOOP('',(#3011,#3012,#3013));
#1274=AXIS2_PLACEMENT_3D('',#3014,#3015,#3016);
#1275=EDGE_LOOP('',(#3017,#3018,#3019,#3020));
#1276=AXIS2_PLACEMENT_3D('',#3021,#3022,#3023);
#1277=EDGE_LOOP('',(#3024,#3025,#3026,#3027));
#1278=AXIS2_PLACEMENT_3D('',#3028,#3029,#3030);
#1279=EDGE_LOOP('',(#3031,#3032,#3033,#3034));
#1280=AXIS2_PLACEMENT_3D('',#3035,#3036,#3037);
#1281=EDGE_LOOP('',(#3038,#3039,#3040,#3041));
#1282=AXIS2_PLACEMENT_3D('',#3042,#3043,#3044);
#1283=EDGE_LOOP('',(#3045,#3046,#3047,#3048,#3049,#3050,#3051,#3052,#3053,#3054,#3055));
#1284=AXIS2_PLACEMENT_3D('',#3056,#3057,#3058);
#1285=EDGE_LOOP('',(#3059,#3060,#3061,#3062,#3063,#3064,#3065,#3066,#3067,#3068,#3069));
#1286=AXIS2_PLACEMENT_3D('',#3070,#3071,#3072);
#1287=EDGE_LOOP('',(#3073,#3074,#3075,#3076));
#1288=AXIS2_PLACEMENT_3D('',#3077,#3078,#3079);
#1289=EDGE_LOOP('',(#3080,#3081,#3082,#3083,#3084,#3085,#3086));
#1290=AXIS2_PLACEMENT_3D('',#3087,#3088,#3089);
#1291=EDGE_LOOP('',(#3090,#3091,#3092,#3093));
#1292=AXIS2_PLACEMENT_3D('',#3094,#3095,#3096);
#1293=EDGE_LOOP('',(#3097,#3098,#3099,#3100,#3101,#3102,#3103,#3104));
#1294=AXIS2_PLACEMENT_3D('',#3105,#3106,#3107);
#1295=EDGE_LOOP('',(#3108,#3109,#3110,#3111,#3112));
#1296=AXIS2_PLACEMENT_3D('',#3113,#3114,#3115);
#1297=EDGE_LOOP('',(#3116,#3117,#3118,#3119));
#1298=AXIS2_PLACEMENT_3D('',#3120,#3121,#3122);
#1299=EDGE_LOOP('',(#3123,#3124,#3125,#3126,#3127,#3128));
#1300=AXIS2_PLACEMENT_3D('',#3129,#3130,#3131);
#1301=EDGE_LOOP('',(#3132,#3133,#3134,#3135,#3136,#3137,#3138,#3139,#3140,#3141));
#1302=AXIS2_PLACEMENT_3D('',#3142,#3143,#3144);
#1303=EDGE_LOOP('',(#3145,#3146,#3147,#3148,#3149,#3150,#3151,#3152));
#1304=AXIS2_PLACEMENT_3D('',#3153,#3154,#3155);
#1305=EDGE_LOOP('',(#3156,#3157,#3158,#3159,#3160));
#1306=AXIS2_PLACEMENT_3D('',#3161,#3162,#3163);
#1307=EDGE_LOOP('',(#3164,#3165,#3166,#3167));
#1308=AXIS2_PLACEMENT_3D('',#3168,#3169,#3170);
#1309=EDGE_LOOP('',(#3171,#3172,#3173,#3174,#3175));
#1310=AXIS2_PLACEMENT_3D('',#3176,#3177,#3178);
#1311=EDGE_LOOP('',(#3179,#3180,#3181,#3182));
#1312=AXIS2_PLACEMENT_3D('',#3183,#3184,#3185);
#1313=EDGE_LOOP('',(#3186,#3187,#3188,#3189,#3190,#3191));
#1314=AXIS2_PLACEMENT_3D('',#3192,#3193,#3194);
#1315=EDGE_LOOP('',(#3195,#3196,#3197,#3198,#3199,#3200,#3201));
#1316=AXIS2_PLACEMENT_3D('',#3202,#3203,#3204);
#1317=EDGE_LOOP('',(#3205,#3206,#3207,#3208));
#1318=AXIS2_PLACEMENT_3D('',#3209,#3210,#3211);
#1319=EDGE_LOOP('',(#3212,#3213,#3214,#3215));
#1320=AXIS2_PLACEMENT_3D('',#3216,#3217,#3218);
#1321=EDGE_LOOP('',(#3219,#3220,#3221,#3222));
#1322=AXIS2_PLACEMENT_3D('',#3223,#3224,#3225);
#1323=EDGE_LOOP('',(#3226,#3227,#3228,#3229));
#1324=AXIS2_PLACEMENT_3D('',#3230,#3231,#3232);
#1325=EDGE_LOOP('',(#3233,#3234,#3235,#3236));
#1326=AXIS2_PLACEMENT_3D('',#3237,#3238,#3239);
#1327=EDGE_LOOP('',(#3240,#3241,#3242,#3243));
#1328=AXIS2_PLACEMENT_3D('',#3244,#3245,#3246);
#1329=EDGE_LOOP('',(#3247,#3248,#3249,#3250));
#1330=AXIS2_PLACEMENT_3D('',#3251,#3252,#3253);
#1331=EDGE_LOOP('',(#3254,#3255,#3256,#3257,#3258));
#1332=AXIS2_PLACEMENT_3D('',#3259,#3260,#3261);
#1333=EDGE_LOOP('',(#3262,#3263,#3264,#3265));
#1334=AXIS2_PLACEMENT_3D('',#3266,#3267,#3268);
#1335=EDGE_LOOP('',(#3269,#3270,#3271,#3272));
#1336=AXIS2_PLACEMENT_3D('',#3273,#3274,#3275);
#1337=EDGE_LOOP('',(#3276,#3277,#3278,#3279));
#1338=AXIS2_PLACEMENT_3D('',#3280,#3281,#3282);
#1339=EDGE_LOOP('',(#3283,#3284,#3285,#3286,#3287,#3288,#3289));
#1340=AXIS2_PLACEMENT_3D('',#3290,#3291,#3292);
#1341=EDGE_LOOP('',(#3293,#3294,#3295,#3296));
#1342=AXIS2_PLACEMENT_3D('',#3297,#3298,#3299);
#1343=EDGE_LOOP('',(#3300,#3301,#3302,#3303));
#1344=AXIS2_PLACEMENT_3D('',#3304,#3305,#3306);
#1345=EDGE_LOOP('',(#3307,#3308,#3309,#3310,#3311));
#1346=AXIS2_PLACEMENT_3D('',#3312,#3313,#3314);
#1347=EDGE_LOOP('',(#3315,#3316,#3317,#3318));
#1348=AXIS2_PLACEMENT_3D('',#3319,#3320,#3321);
#1349=EDGE_LOOP('',(#3322,#3323,#3324,#3325));
#1350=AXIS2_PLACEMENT_3D('',#3326,#3327,#3328);
#1351=EDGE_LOOP('',(#3329,#3330,#3331,#3332));
#1352=AXIS2_PLACEMENT_3D('',#3333,#3334,#3335);
#1353=CIRCLE('',#3336,0.9);
#1354=CIRCLE('',#3337,0.9);
#1355=CIRCLE('',#3338,0.9);
#1356=CIRCLE('',#3339,0.9);
#1357=CIRCLE('',#3340,0.9);
#1358=CIRCLE('',#3341,0.9);
#1359=CIRCLE('',#3342,0.9);
#1360=CIRCLE('',#3343,0.9);
#1361=CIRCLE('',#3344,0.9);
#1362=CIRCLE('',#3345,0.9);
#1363=CIRCLE('',#3346,0.9);
#1364=CIRCLE('',#3347,0.9);
#1365=CIRCLE('',#3348,1.5);
#1366=CIRCLE('',#3349,1.5);
#1367=CIRCLE('',#3350,1.5);
#1368=CIRCLE('',#3351,1.5);
#1369=ORIENTED_EDGE('',*,*,#3352,.F.);
#1370=ORIENTED_EDGE('',*,*,#3353,.F.);
#1371=ORIENTED_EDGE('',*,*,#3354,.F.);
#1372=ORIENTED_EDGE('',*,*,#3355,.F.);
#1373=CARTESIAN_POINT('',(-4.2,0.4,-6.6));
#1374=DIRECTION('',(-0.0,-1.0,0.0));
#1375=DIRECTION('',(-1.0,0.0,0.0));
#1376=ORIENTED_EDGE('',*,*,#3356,.F.);
#1377=ORIENTED_EDGE('',*,*,#3357,.T.);
#1378=ORIENTED_EDGE('',*,*,#3358,.T.);
#1379=ORIENTED_EDGE('',*,*,#3359,.F.);
#1380=CARTESIAN_POINT('',(4.2,0.4,-6.6));
#1381=DIRECTION('',(0.0,1.0,-0.0));
#1382=DIRECTION('',(1.0,0.0,0.0));
#1383=ORIENTED_EDGE('',*,*,#3360,.F.);
#1384=ORIENTED_EDGE('',*,*,#3361,.F.);
#1385=ORIENTED_EDGE('',*,*,#3362,.F.);
#1386=ORIENTED_EDGE('',*,*,#3363,.T.);
#1387=CARTESIAN_POINT('',(4.2,0.4,-6.6));
#1388=DIRECTION('',(0.0,1.0,-0.0));
#1389=DIRECTION('',(1.0,0.0,0.0));
#1390=ORIENTED_EDGE('',*,*,#3364,.F.);
#1391=ORIENTED_EDGE('',*,*,#3365,.F.);
#1392=ORIENTED_EDGE('',*,*,#3366,.F.);
#1393=ORIENTED_EDGE('',*,*,#3367,.F.);
#1394=ORIENTED_EDGE('',*,*,#3368,.T.);
#1395=CARTESIAN_POINT('',(4.2,-2.469998986219,-6.6));
#1396=DIRECTION('',(-0.0,1.0,0.0));
#1397=DIRECTION('',(0.0,0.0,-1.0));
#1398=ORIENTED_EDGE('',*,*,#3369,.F.);
#1399=ORIENTED_EDGE('',*,*,#3370,.T.);
#1400=ORIENTED_EDGE('',*,*,#3371,.F.);
#1401=ORIENTED_EDGE('',*,*,#3372,.F.);
#1402=ORIENTED_EDGE('',*,*,#3373,.F.);
#1403=CARTESIAN_POINT('',(4.2,-2.469998986219,-6.6));
#1404=DIRECTION('',(-0.0,1.0,0.0));
#1405=DIRECTION('',(0.0,0.0,-1.0));
#1406=ORIENTED_EDGE('',*,*,#3374,.F.);
#1407=ORIENTED_EDGE('',*,*,#3375,.F.);
#1408=ORIENTED_EDGE('',*,*,#3376,.F.);
#1409=ORIENTED_EDGE('',*,*,#3377,.T.);
#1410=CARTESIAN_POINT('',(6.9,8.8,-12.8));
#1411=DIRECTION('',(0.0,0.0,1.0));
#1412=DIRECTION('',(-1.0,0.0,0.0));
#1413=ORIENTED_EDGE('',*,*,#3378,.F.);
#1414=ORIENTED_EDGE('',*,*,#3379,.F.);
#1415=ORIENTED_EDGE('',*,*,#3380,.F.);
#1416=ORIENTED_EDGE('',*,*,#3381,.T.);
#1417=CARTESIAN_POINT('',(6.9,2.75,0.0));
#1418=DIRECTION('',(0.0,0.0,1.0));
#1419=DIRECTION('',(-1.0,0.0,0.0));
#1420=ORIENTED_EDGE('',*,*,#3382,.F.);
#1421=ORIENTED_EDGE('',*,*,#3383,.F.);
#1422=ORIENTED_EDGE('',*,*,#3384,.F.);
#1423=ORIENTED_EDGE('',*,*,#3385,.F.);
#1424=ORIENTED_EDGE('',*,*,#3386,.T.);
#1425=CARTESIAN_POINT('',(-4.2,-2.469998986219,-6.6));
#1426=DIRECTION('',(-0.0,1.0,0.0));
#1427=DIRECTION('',(0.0,0.0,-1.0));
#1428=ORIENTED_EDGE('',*,*,#3387,.F.);
#1429=ORIENTED_EDGE('',*,*,#3388,.F.);
#1430=ORIENTED_EDGE('',*,*,#3389,.T.);
#1431=ORIENTED_EDGE('',*,*,#3390,.F.);
#1432=CARTESIAN_POINT('',(-4.2,0.4,-6.6));
#1433=DIRECTION('',(-0.0,-1.0,0.0));
#1434=DIRECTION('',(-1.0,0.0,0.0));
#1435=ORIENTED_EDGE('',*,*,#3391,.F.);
#1436=ORIENTED_EDGE('',*,*,#3392,.T.);
#1437=ORIENTED_EDGE('',*,*,#3393,.F.);
#1438=ORIENTED_EDGE('',*,*,#3394,.F.);
#1439=ORIENTED_EDGE('',*,*,#3395,.F.);
#1440=CARTESIAN_POINT('',(-4.2,-2.469998986219,-6.6));
#1441=DIRECTION('',(-0.0,1.0,0.0));
#1442=DIRECTION('',(0.0,0.0,-1.0));
#1443=ORIENTED_EDGE('',*,*,#3396,.F.);
#1444=ORIENTED_EDGE('',*,*,#3397,.T.);
#1445=ORIENTED_EDGE('',*,*,#3398,.F.);
#1446=ORIENTED_EDGE('',*,*,#3399,.T.);
#1447=ORIENTED_EDGE('',*,*,#3400,.F.);
#1448=ORIENTED_EDGE('',*,*,#3401,.T.);
#1449=ORIENTED_EDGE('',*,*,#3402,.F.);
#1450=ORIENTED_EDGE('',*,*,#3403,.F.);
#1451=ORIENTED_EDGE('',*,*,#3381,.F.);
#1452=ORIENTED_EDGE('',*,*,#3404,.F.);
#1453=ORIENTED_EDGE('',*,*,#3405,.T.);
#1454=ORIENTED_EDGE('',*,*,#3406,.F.);
#1455=ORIENTED_EDGE('',*,*,#3407,.F.);
#1456=ORIENTED_EDGE('',*,*,#3408,.F.);
#1457=ORIENTED_EDGE('',*,*,#3409,.F.);
#1458=ORIENTED_EDGE('',*,*,#3410,.F.);
#1459=ORIENTED_EDGE('',*,*,#3411,.F.);
#1460=ORIENTED_EDGE('',*,*,#3412,.F.);
#1461=ORIENTED_EDGE('',*,*,#3413,.F.);
#1462=ORIENTED_EDGE('',*,*,#3414,.F.);
#1463=ORIENTED_EDGE('',*,*,#3415,.F.);
#1464=ORIENTED_EDGE('',*,*,#3416,.F.);
#1465=ORIENTED_EDGE('',*,*,#3417,.F.);
#1466=ORIENTED_EDGE('',*,*,#3418,.F.);
#1467=ORIENTED_EDGE('',*,*,#3419,.F.);
#1468=ORIENTED_EDGE('',*,*,#3420,.T.);
#1469=ORIENTED_EDGE('',*,*,#3421,.F.);
#1470=ORIENTED_EDGE('',*,*,#3422,.F.);
#1471=ORIENTED_EDGE('',*,*,#3423,.F.);
#1472=ORIENTED_EDGE('',*,*,#3424,.T.);
#1473=ORIENTED_EDGE('',*,*,#3425,.F.);
#1474=ORIENTED_EDGE('',*,*,#3426,.T.);
#1475=ORIENTED_EDGE('',*,*,#3427,.F.);
#1476=ORIENTED_EDGE('',*,*,#3428,.F.);
#1477=ORIENTED_EDGE('',*,*,#3429,.F.);
#1478=ORIENTED_EDGE('',*,*,#3430,.T.);
#1479=ORIENTED_EDGE('',*,*,#3431,.F.);
#1480=ORIENTED_EDGE('',*,*,#3432,.F.);
#1481=ORIENTED_EDGE('',*,*,#3433,.F.);
#1482=ORIENTED_EDGE('',*,*,#3434,.T.);
#1483=ORIENTED_EDGE('',*,*,#3435,.F.);
#1484=ORIENTED_EDGE('',*,*,#3436,.T.);
#1485=ORIENTED_EDGE('',*,*,#3437,.F.);
#1486=CARTESIAN_POINT('',(0.0,0.0,0.0));
#1487=DIRECTION('',(0.0,0.0,-1.0));
#1488=DIRECTION('',(0.0,-1.0,0.0));
#1489=ORIENTED_EDGE('',*,*,#3438,.F.);
#1490=ORIENTED_EDGE('',*,*,#3439,.F.);
#1491=ORIENTED_EDGE('',*,*,#3440,.T.);
#1492=ORIENTED_EDGE('',*,*,#3407,.T.);
#1493=CARTESIAN_POINT('',(-1.7,11.4,-2.35));
#1494=DIRECTION('',(0.0,0.859101543908758,0.511805175094575));
#1495=DIRECTION('',(1.0,0.0,-0.0));
#1496=ORIENTED_EDGE('',*,*,#3440,.F.);
#1497=ORIENTED_EDGE('',*,*,#3441,.F.);
#1498=ORIENTED_EDGE('',*,*,#3442,.F.);
#1499=ORIENTED_EDGE('',*,*,#3443,.F.);
#1500=CARTESIAN_POINT('',(-1.7,0.0,0.0));
#1501=DIRECTION('',(1.0,0.0,0.0));
#1502=DIRECTION('',(0.0,1.0,0.0));
#1503=ORIENTED_EDGE('',*,*,#3444,.T.);
#1504=ORIENTED_EDGE('',*,*,#3445,.F.);
#1505=ORIENTED_EDGE('',*,*,#3406,.T.);
#1506=ORIENTED_EDGE('',*,*,#3446,.F.);
#1507=ORIENTED_EDGE('',*,*,#3447,.F.);
#1508=ORIENTED_EDGE('',*,*,#3448,.T.);
#1509=ORIENTED_EDGE('',*,*,#3396,.T.);
#1510=ORIENTED_EDGE('',*,*,#3443,.T.);
#1511=CARTESIAN_POINT('',(-6.9,10.0,0.0));
#1512=DIRECTION('',(-0.0,1.0,0.0));
#1513=DIRECTION('',(1.0,0.0,0.0));
#1514=ORIENTED_EDGE('',*,*,#3449,.F.);
#1515=ORIENTED_EDGE('',*,*,#3450,.T.);
#1516=ORIENTED_EDGE('',*,*,#3397,.F.);
#1517=ORIENTED_EDGE('',*,*,#3448,.F.);
#1518=CARTESIAN_POINT('',(-6.5,9.6,-12.815648));
#1519=DIRECTION('',(-0.0,0.0,-1.0));
#1520=DIRECTION('',(-1.0,0.0,0.0));
#1521=ORIENTED_EDGE('',*,*,#3451,.F.);
#1522=ORIENTED_EDGE('',*,*,#3452,.T.);
#1523=ORIENTED_EDGE('',*,*,#3398,.T.);
#1524=ORIENTED_EDGE('',*,*,#3450,.F.);
#1525=CARTESIAN_POINT('',(-6.9,0.4,0.0));
#1526=DIRECTION('',(-1.0,0.0,0.0));
#1527=DIRECTION('',(0.0,0.0,1.0));
#1528=ORIENTED_EDGE('',*,*,#3453,.F.);
#1529=ORIENTED_EDGE('',*,*,#3454,.T.);
#1530=ORIENTED_EDGE('',*,*,#3399,.F.);
#1531=ORIENTED_EDGE('',*,*,#3452,.F.);
#1532=CARTESIAN_POINT('',(-6.5,0.8,-12.815648));
#1533=DIRECTION('',(0.0,-0.0,-1.0));
#1534=DIRECTION('',(0.0,-1.0,0.0));
#1535=ORIENTED_EDGE('',*,*,#3455,.F.);
#1536=ORIENTED_EDGE('',*,*,#3456,.T.);
#1537=ORIENTED_EDGE('',*,*,#3388,.T.);
#1538=ORIENTED_EDGE('',*,*,#3457,.T.);
#1539=ORIENTED_EDGE('',*,*,#3458,.T.);
#1540=ORIENTED_EDGE('',*,*,#3459,.F.);
#1541=ORIENTED_EDGE('',*,*,#3460,.T.);
#1542=ORIENTED_EDGE('',*,*,#3461,.T.);
#1543=ORIENTED_EDGE('',*,*,#3462,.T.);
#1544=ORIENTED_EDGE('',*,*,#3463,.F.);
#1545=ORIENTED_EDGE('',*,*,#3464,.F.);
#1546=ORIENTED_EDGE('',*,*,#3465,.F.);
#1547=ORIENTED_EDGE('',*,*,#3466,.T.);
#1548=ORIENTED_EDGE('',*,*,#3467,.T.);
#1549=ORIENTED_EDGE('',*,*,#3468,.F.);
#1550=ORIENTED_EDGE('',*,*,#3469,.F.);
#1551=ORIENTED_EDGE('',*,*,#3470,.F.);
#1552=ORIENTED_EDGE('',*,*,#3471,.T.);
#1553=ORIENTED_EDGE('',*,*,#3472,.F.);
#1554=ORIENTED_EDGE('',*,*,#3473,.F.);
#1555=ORIENTED_EDGE('',*,*,#3363,.F.);
#1556=ORIENTED_EDGE('',*,*,#3474,.F.);
#1557=ORIENTED_EDGE('',*,*,#3475,.T.);
#1558=ORIENTED_EDGE('',*,*,#3476,.F.);
#1559=ORIENTED_EDGE('',*,*,#3477,.F.);
#1560=ORIENTED_EDGE('',*,*,#3478,.F.);
#1561=ORIENTED_EDGE('',*,*,#3479,.T.);
#1562=ORIENTED_EDGE('',*,*,#3480,.T.);
#1563=ORIENTED_EDGE('',*,*,#3481,.F.);
#1564=ORIENTED_EDGE('',*,*,#3482,.F.);
#1565=ORIENTED_EDGE('',*,*,#3483,.F.);
#1566=ORIENTED_EDGE('',*,*,#3484,.T.);
#1567=ORIENTED_EDGE('',*,*,#3400,.T.);
#1568=ORIENTED_EDGE('',*,*,#3454,.F.);
#1569=ORIENTED_EDGE('',*,*,#3485,.F.);
#1570=ORIENTED_EDGE('',*,*,#3486,.T.);
#1571=ORIENTED_EDGE('',*,*,#3487,.F.);
#1572=ORIENTED_EDGE('',*,*,#3488,.F.);
#1573=ORIENTED_EDGE('',*,*,#3489,.F.);
#1574=ORIENTED_EDGE('',*,*,#3490,.T.);
#1575=ORIENTED_EDGE('',*,*,#3491,.T.);
#1576=ORIENTED_EDGE('',*,*,#3492,.T.);
#1577=CARTESIAN_POINT('',(6.9,0.4,0.0));
#1578=DIRECTION('',(0.0,-1.0,0.0));
#1579=DIRECTION('',(0.0,0.0,-1.0));
#1580=ORIENTED_EDGE('',*,*,#3493,.F.);
#1581=ORIENTED_EDGE('',*,*,#3492,.F.);
#1582=ORIENTED_EDGE('',*,*,#3494,.T.);
#1583=ORIENTED_EDGE('',*,*,#3495,.T.);
#1584=CARTESIAN_POINT('',(-3.88,0.4,-5.160130214221));
#1585=DIRECTION('',(-1.0,0.0,0.0));
#1586=DIRECTION('',(0.0,0.0,1.0));
#1587=ORIENTED_EDGE('',*,*,#3391,.T.);
#1588=ORIENTED_EDGE('',*,*,#3496,.F.);
#1589=ORIENTED_EDGE('',*,*,#3497,.F.);
#1590=ORIENTED_EDGE('',*,*,#3495,.F.);
#1591=ORIENTED_EDGE('',*,*,#3498,.T.);
#1592=CARTESIAN_POINT('',(-4.2,-2.469998986219,-6.6));
#1593=DIRECTION('',(-0.0,1.0,0.0));
#1594=DIRECTION('',(0.0,0.0,-1.0));
#1595=ORIENTED_EDGE('',*,*,#3499,.F.);
#1596=ORIENTED_EDGE('',*,*,#3490,.F.);
#1597=ORIENTED_EDGE('',*,*,#3500,.T.);
#1598=ORIENTED_EDGE('',*,*,#3393,.T.);
#1599=CARTESIAN_POINT('',(-4.52,0.4,-5.43));
#1600=DIRECTION('',(1.0,0.0,0.0));
#1601=DIRECTION('',(0.0,1.0,0.0));
#1602=ORIENTED_EDGE('',*,*,#3500,.F.);
#1603=ORIENTED_EDGE('',*,*,#3489,.T.);
#1604=ORIENTED_EDGE('',*,*,#3501,.F.);
#1605=ORIENTED_EDGE('',*,*,#3502,.T.);
#1606=ORIENTED_EDGE('',*,*,#3503,.T.);
#1607=ORIENTED_EDGE('',*,*,#3504,.T.);
#1608=ORIENTED_EDGE('',*,*,#3505,.T.);
#1609=ORIENTED_EDGE('',*,*,#3394,.T.);
#1610=CARTESIAN_POINT('',(-5.37,0.4,-5.43));
#1611=DIRECTION('',(-0.0,-1.0,0.0));
#1612=DIRECTION('',(-1.0,0.0,0.0));
#1613=ORIENTED_EDGE('',*,*,#3505,.F.);
#1614=ORIENTED_EDGE('',*,*,#3506,.T.);
#1615=ORIENTED_EDGE('',*,*,#3507,.F.);
#1616=ORIENTED_EDGE('',*,*,#3383,.T.);
#1617=ORIENTED_EDGE('',*,*,#3508,.T.);
#1618=ORIENTED_EDGE('',*,*,#3509,.F.);
#1619=ORIENTED_EDGE('',*,*,#3510,.T.);
#1620=ORIENTED_EDGE('',*,*,#3511,.F.);
#1621=ORIENTED_EDGE('',*,*,#3496,.T.);
#1622=ORIENTED_EDGE('',*,*,#3395,.T.);
#1623=CARTESIAN_POINT('',(0.0,-2.87,0.0));
#1624=DIRECTION('',(-0.0,1.0,0.0));
#1625=DIRECTION('',(1.0,0.0,0.0));
#1626=ORIENTED_EDGE('',*,*,#3511,.T.);
#1627=ORIENTED_EDGE('',*,*,#3512,.T.);
#1628=ORIENTED_EDGE('',*,*,#3513,.F.);
#1629=ORIENTED_EDGE('',*,*,#3455,.T.);
#1630=ORIENTED_EDGE('',*,*,#3493,.T.);
#1631=ORIENTED_EDGE('',*,*,#3497,.T.);
#1632=CARTESIAN_POINT('',(-3.03,0.4,-5.43));
#1633=DIRECTION('',(-0.0,-1.0,0.0));
#1634=DIRECTION('',(-1.0,0.0,0.0));
#1635=ORIENTED_EDGE('',*,*,#3389,.F.);
#1636=ORIENTED_EDGE('',*,*,#3456,.F.);
#1637=ORIENTED_EDGE('',*,*,#3513,.T.);
#1638=ORIENTED_EDGE('',*,*,#3514,.T.);
#1639=CARTESIAN_POINT('',(-3.03,0.4,-6.28));
#1640=DIRECTION('',(0.0,0.0,-1.0));
#1641=DIRECTION('',(0.0,-1.0,0.0));
#1642=ORIENTED_EDGE('',*,*,#3512,.F.);
#1643=ORIENTED_EDGE('',*,*,#3510,.F.);
#1644=ORIENTED_EDGE('',*,*,#3515,.F.);
#1645=ORIENTED_EDGE('',*,*,#3516,.F.);
#1646=ORIENTED_EDGE('',*,*,#3517,.T.);
#1647=ORIENTED_EDGE('',*,*,#3390,.T.);
#1648=ORIENTED_EDGE('',*,*,#3514,.F.);
#1649=CARTESIAN_POINT('',(-4.2,-2.469998986219,-6.6));
#1650=DIRECTION('',(-0.0,1.0,0.0));
#1651=DIRECTION('',(0.0,0.0,-1.0));
#1652=ORIENTED_EDGE('',*,*,#3387,.T.);
#1653=ORIENTED_EDGE('',*,*,#3517,.F.);
#1654=ORIENTED_EDGE('',*,*,#3518,.F.);
#1655=ORIENTED_EDGE('',*,*,#3457,.F.);
#1656=CARTESIAN_POINT('',(-4.2,0.4,-6.6));
#1657=DIRECTION('',(-0.0,-1.0,0.0));
#1658=DIRECTION('',(-1.0,0.0,0.0));
#1659=ORIENTED_EDGE('',*,*,#3519,.F.);
#1660=ORIENTED_EDGE('',*,*,#3458,.F.);
#1661=ORIENTED_EDGE('',*,*,#3518,.T.);
#1662=ORIENTED_EDGE('',*,*,#3516,.T.);
#1663=CARTESIAN_POINT('',(-2.760130214221,0.4,-6.92));
#1664=DIRECTION('',(0.0,0.0,1.0));
#1665=DIRECTION('',(1.0,0.0,0.0));
#1666=ORIENTED_EDGE('',*,*,#3509,.T.);
#1667=ORIENTED_EDGE('',*,*,#3520,.T.);
#1668=ORIENTED_EDGE('',*,*,#3521,.F.);
#1669=ORIENTED_EDGE('',*,*,#3459,.T.);
#1670=ORIENTED_EDGE('',*,*,#3519,.T.);
#1671=ORIENTED_EDGE('',*,*,#3515,.T.);
#1672=CARTESIAN_POINT('',(-3.03,0.4,-7.77));
#1673=DIRECTION('',(-0.0,-1.0,0.0));
#1674=DIRECTION('',(-1.0,0.0,0.0));
#1675=ORIENTED_EDGE('',*,*,#3522,.F.);
#1676=ORIENTED_EDGE('',*,*,#3460,.F.);
#1677=ORIENTED_EDGE('',*,*,#3521,.T.);
#1678=ORIENTED_EDGE('',*,*,#3523,.T.);
#1679=CARTESIAN_POINT('',(-3.88,0.4,-7.77));
#1680=DIRECTION('',(-1.0,0.0,0.0));
#1681=DIRECTION('',(0.0,0.0,1.0));
#1682=ORIENTED_EDGE('',*,*,#3382,.T.);
#1683=ORIENTED_EDGE('',*,*,#3524,.T.);
#1684=ORIENTED_EDGE('',*,*,#3523,.F.);
#1685=ORIENTED_EDGE('',*,*,#3520,.F.);
#1686=ORIENTED_EDGE('',*,*,#3508,.F.);
#1687=CARTESIAN_POINT('',(-4.2,-2.469998986219,-6.6));
#1688=DIRECTION('',(-0.0,1.0,0.0));
#1689=DIRECTION('',(0.0,0.0,-1.0));
#1690=ORIENTED_EDGE('',*,*,#3525,.F.);
#1691=ORIENTED_EDGE('',*,*,#3461,.F.);
#1692=ORIENTED_EDGE('',*,*,#3522,.T.);
#1693=ORIENTED_EDGE('',*,*,#3524,.F.);
#1694=ORIENTED_EDGE('',*,*,#3386,.F.);
#1695=CARTESIAN_POINT('',(-4.2,0.4,-6.6));
#1696=DIRECTION('',(-0.0,-1.0,0.0));
#1697=DIRECTION('',(-1.0,0.0,0.0));
#1698=ORIENTED_EDGE('',*,*,#3526,.F.);
#1699=ORIENTED_EDGE('',*,*,#3462,.F.);
#1700=ORIENTED_EDGE('',*,*,#3525,.T.);
#1701=ORIENTED_EDGE('',*,*,#3385,.T.);
#1702=CARTESIAN_POINT('',(-4.52,0.4,-8.039869785779));
#1703=DIRECTION('',(1.0,0.0,0.0));
#1704=DIRECTION('',(0.0,1.0,0.0));
#1705=ORIENTED_EDGE('',*,*,#3507,.T.);
#1706=ORIENTED_EDGE('',*,*,#3527,.T.);
#1707=ORIENTED_EDGE('',*,*,#3528,.F.);
#1708=ORIENTED_EDGE('',*,*,#3529,.T.);
#1709=ORIENTED_EDGE('',*,*,#3530,.T.);
#1710=ORIENTED_EDGE('',*,*,#3463,.T.);
#1711=ORIENTED_EDGE('',*,*,#3526,.T.);
#1712=ORIENTED_EDGE('',*,*,#3384,.T.);
#1713=CARTESIAN_POINT('',(-5.37,0.4,-7.77));
#1714=DIRECTION('',(-0.0,-1.0,0.0));
#1715=DIRECTION('',(-1.0,0.0,0.0));
#1716=ORIENTED_EDGE('',*,*,#3531,.T.);
#1717=ORIENTED_EDGE('',*,*,#3532,.F.);
#1718=ORIENTED_EDGE('',*,*,#3464,.T.);
#1719=ORIENTED_EDGE('',*,*,#3530,.F.);
#1720=CARTESIAN_POINT('',(-4.81,0.0,-12.8));
#1721=DIRECTION('',(1.0,0.0,0.0));
#1722=DIRECTION('',(0.0,1.0,0.0));
#1723=ORIENTED_EDGE('',*,*,#3488,.T.);
#1724=ORIENTED_EDGE('',*,*,#3533,.T.);
#1725=ORIENTED_EDGE('',*,*,#3534,.T.);
#1726=ORIENTED_EDGE('',*,*,#3501,.T.);
#1727=CARTESIAN_POINT('',(-4.81,0.0,-12.8));
#1728=DIRECTION('',(1.0,0.0,0.0));
#1729=DIRECTION('',(0.0,1.0,0.0));
#1730=ORIENTED_EDGE('',*,*,#3379,.T.);
#1731=ORIENTED_EDGE('',*,*,#3535,.T.);
#1732=ORIENTED_EDGE('',*,*,#3536,.T.);
#1733=ORIENTED_EDGE('',*,*,#3537,.T.);
#1734=ORIENTED_EDGE('',*,*,#3483,.T.);
#1735=ORIENTED_EDGE('',*,*,#3538,.T.);
#1736=ORIENTED_EDGE('',*,*,#3539,.T.);
#1737=ORIENTED_EDGE('',*,*,#3540,.F.);
#1738=ORIENTED_EDGE('',*,*,#3465,.T.);
#1739=ORIENTED_EDGE('',*,*,#3532,.T.);
#1740=ORIENTED_EDGE('',*,*,#3541,.T.);
#1741=ORIENTED_EDGE('',*,*,#3542,.F.);
#1742=ORIENTED_EDGE('',*,*,#3485,.T.);
#1743=ORIENTED_EDGE('',*,*,#3453,.T.);
#1744=ORIENTED_EDGE('',*,*,#3451,.T.);
#1745=ORIENTED_EDGE('',*,*,#3449,.T.);
#1746=ORIENTED_EDGE('',*,*,#3447,.T.);
#1747=ORIENTED_EDGE('',*,*,#3543,.T.);
#1748=ORIENTED_EDGE('',*,*,#3544,.T.);
#1749=ORIENTED_EDGE('',*,*,#3375,.T.);
#1750=ORIENTED_EDGE('',*,*,#3545,.T.);
#1751=ORIENTED_EDGE('',*,*,#3546,.T.);
#1752=ORIENTED_EDGE('',*,*,#3547,.T.);
#1753=ORIENTED_EDGE('',*,*,#3548,.F.);
#1754=ORIENTED_EDGE('',*,*,#3549,.F.);
#1755=ORIENTED_EDGE('',*,*,#3550,.T.);
#1756=ORIENTED_EDGE('',*,*,#3551,.T.);
#1757=ORIENTED_EDGE('',*,*,#3552,.F.);
#1758=ORIENTED_EDGE('',*,*,#3553,.F.);
#1759=ORIENTED_EDGE('',*,*,#3554,.T.);
#1760=ORIENTED_EDGE('',*,*,#3555,.T.);
#1761=ORIENTED_EDGE('',*,*,#3556,.F.);
#1762=ORIENTED_EDGE('',*,*,#3557,.F.);
#1763=ORIENTED_EDGE('',*,*,#3558,.T.);
#1764=ORIENTED_EDGE('',*,*,#3559,.T.);
#1765=ORIENTED_EDGE('',*,*,#3560,.F.);
#1766=ORIENTED_EDGE('',*,*,#3561,.F.);
#1767=ORIENTED_EDGE('',*,*,#3562,.T.);
#1768=ORIENTED_EDGE('',*,*,#3563,.T.);
#1769=ORIENTED_EDGE('',*,*,#3564,.F.);
#1770=ORIENTED_EDGE('',*,*,#3565,.F.);
#1771=ORIENTED_EDGE('',*,*,#3566,.T.);
#1772=ORIENTED_EDGE('',*,*,#3567,.T.);
#1773=ORIENTED_EDGE('',*,*,#3568,.F.);
#1774=ORIENTED_EDGE('',*,*,#3569,.F.);
#1775=ORIENTED_EDGE('',*,*,#3570,.T.);
#1776=CARTESIAN_POINT('',(0.0,0.0,-12.8));
#1777=DIRECTION('',(0.0,0.0,-1.0));
#1778=DIRECTION('',(0.0,-1.0,0.0));
#1779=ORIENTED_EDGE('',*,*,#3571,.F.);
#1780=ORIENTED_EDGE('',*,*,#3572,.T.);
#1781=ORIENTED_EDGE('',*,*,#3573,.F.);
#1782=ORIENTED_EDGE('',*,*,#3574,.T.);
#1783=CARTESIAN_POINT('',(4.735,0.0,0.0));
#1784=DIRECTION('',(-1.0,0.0,0.0));
#1785=DIRECTION('',(0.0,0.0,1.0));
#1786=ORIENTED_EDGE('',*,*,#3575,.F.);
#1787=ORIENTED_EDGE('',*,*,#3576,.F.);
#1788=ORIENTED_EDGE('',*,*,#3577,.F.);
#1789=ORIENTED_EDGE('',*,*,#3570,.F.);
#1790=ORIENTED_EDGE('',*,*,#3578,.F.);
#1791=ORIENTED_EDGE('',*,*,#3579,.F.);
#1792=ORIENTED_EDGE('',*,*,#3580,.F.);
#1793=ORIENTED_EDGE('',*,*,#3581,.T.);
#1794=CARTESIAN_POINT('',(4.735,0.0,0.0));
#1795=DIRECTION('',(-1.0,0.0,0.0));
#1796=DIRECTION('',(0.0,0.0,1.0));
#1797=ORIENTED_EDGE('',*,*,#3582,.F.);
#1798=ORIENTED_EDGE('',*,*,#3583,.T.);
#1799=ORIENTED_EDGE('',*,*,#3584,.T.);
#1800=ORIENTED_EDGE('',*,*,#3574,.F.);
#1801=CARTESIAN_POINT('',(4.55,7.5,-4.15));
#1802=DIRECTION('',(0.884094940294909,0.0,0.467307325584504));
#1803=DIRECTION('',(0.0,-1.0,0.0));
#1804=ORIENTED_EDGE('',*,*,#3584,.F.);
#1805=ORIENTED_EDGE('',*,*,#3585,.F.);
#1806=ORIENTED_EDGE('',*,*,#3586,.T.);
#1807=ORIENTED_EDGE('',*,*,#3587,.T.);
#1808=CARTESIAN_POINT('',(4.2,7.15,-4.15));
#1809=DIRECTION('',(0.0,-0.884094940294909,0.467307325584504));
#1810=DIRECTION('',(-1.0,0.0,0.0));
#1811=ORIENTED_EDGE('',*,*,#3588,.F.);
#1812=ORIENTED_EDGE('',*,*,#3589,.F.);
#1813=ORIENTED_EDGE('',*,*,#3578,.T.);
#1814=ORIENTED_EDGE('',*,*,#3569,.T.);
#1815=CARTESIAN_POINT('',(4.735,6.965,-17.845));
#1816=DIRECTION('',(0.0,-1.0,0.0));
#1817=DIRECTION('',(0.0,0.0,-1.0));
#1818=ORIENTED_EDGE('',*,*,#3590,.F.);
#1819=ORIENTED_EDGE('',*,*,#3591,.F.);
#1820=ORIENTED_EDGE('',*,*,#3571,.T.);
#1821=ORIENTED_EDGE('',*,*,#3587,.F.);
#1822=CARTESIAN_POINT('',(4.735,6.965,-17.845));
#1823=DIRECTION('',(0.0,-1.0,0.0));
#1824=DIRECTION('',(0.0,0.0,-1.0));
#1825=ORIENTED_EDGE('',*,*,#3589,.T.);
#1826=ORIENTED_EDGE('',*,*,#3592,.F.);
#1827=ORIENTED_EDGE('',*,*,#3593,.F.);
#1828=ORIENTED_EDGE('',*,*,#3579,.T.);
#1829=CARTESIAN_POINT('',(4.735,5.945,-17.845));
#1830=DIRECTION('',(1.0,-0.0,0.0));
#1831=DIRECTION('',(0.0,0.0,1.0));
#1832=ORIENTED_EDGE('',*,*,#3580,.T.);
#1833=ORIENTED_EDGE('',*,*,#3593,.T.);
#1834=ORIENTED_EDGE('',*,*,#3594,.F.);
#1835=ORIENTED_EDGE('',*,*,#3595,.T.);
#1836=CARTESIAN_POINT('',(4.735,-3.5,-18.865));
#1837=DIRECTION('',(0.0,0.0,1.0));
#1838=DIRECTION('',(1.0,0.0,0.0));
#1839=ORIENTED_EDGE('',*,*,#3596,.T.);
#1840=ORIENTED_EDGE('',*,*,#3597,.T.);
#1841=ORIENTED_EDGE('',*,*,#3598,.T.);
#1842=ORIENTED_EDGE('',*,*,#3595,.F.);
#1843=CARTESIAN_POINT('',(4.2,-3.15,-19.05));
#1844=DIRECTION('',(0.0,-0.467307325584504,0.884094940294909));
#1845=DIRECTION('',(-1.0,0.0,0.0));
#1846=ORIENTED_EDGE('',*,*,#3598,.F.);
#1847=ORIENTED_EDGE('',*,*,#3599,.T.);
#1848=ORIENTED_EDGE('',*,*,#3600,.T.);
#1849=ORIENTED_EDGE('',*,*,#3581,.F.);
#1850=CARTESIAN_POINT('',(4.55,-3.15,-19.4));
#1851=DIRECTION('',(0.884094940294909,-0.467307325584504,0.0));
#1852=DIRECTION('',(0.0,0.0,-1.0));
#1853=ORIENTED_EDGE('',*,*,#3600,.F.);
#1854=ORIENTED_EDGE('',*,*,#3601,.F.);
#1855=ORIENTED_EDGE('',*,*,#3602,.T.);
#1856=ORIENTED_EDGE('',*,*,#3603,.T.);
#1857=CARTESIAN_POINT('',(4.2,-3.15,-19.75));
#1858=DIRECTION('',(0.0,-0.467307325584504,-0.884094940294909));
#1859=DIRECTION('',(0.0,-0.884094940294909,0.467307325584504));
#1860=ORIENTED_EDGE('',*,*,#3604,.F.);
#1861=ORIENTED_EDGE('',*,*,#3605,.F.);
#1862=ORIENTED_EDGE('',*,*,#3575,.T.);
#1863=ORIENTED_EDGE('',*,*,#3603,.F.);
#1864=CARTESIAN_POINT('',(4.735,5.945,-19.935));
#1865=DIRECTION('',(0.0,0.0,-1.0));
#1866=DIRECTION('',(0.0,-1.0,0.0));
#1867=ORIENTED_EDGE('',*,*,#3605,.T.);
#1868=ORIENTED_EDGE('',*,*,#3606,.F.);
#1869=ORIENTED_EDGE('',*,*,#3607,.F.);
#1870=ORIENTED_EDGE('',*,*,#3576,.T.);
#1871=CARTESIAN_POINT('',(4.735,5.945,-17.845));
#1872=DIRECTION('',(1.0,-0.0,0.0));
#1873=DIRECTION('',(0.0,0.0,1.0));
#1874=ORIENTED_EDGE('',*,*,#3577,.T.);
#1875=ORIENTED_EDGE('',*,*,#3607,.T.);
#1876=ORIENTED_EDGE('',*,*,#3608,.F.);
#1877=ORIENTED_EDGE('',*,*,#3567,.F.);
#1878=CARTESIAN_POINT('',(4.735,8.035,-3.8));
#1879=DIRECTION('',(-0.0,1.0,0.0));
#1880=DIRECTION('',(1.0,0.0,0.0));
#1881=ORIENTED_EDGE('',*,*,#3573,.T.);
#1882=ORIENTED_EDGE('',*,*,#3609,.T.);
#1883=ORIENTED_EDGE('',*,*,#3610,.F.);
#1884=ORIENTED_EDGE('',*,*,#3611,.T.);
#1885=CARTESIAN_POINT('',(4.735,8.035,-3.8));
#1886=DIRECTION('',(-0.0,1.0,0.0));
#1887=DIRECTION('',(1.0,0.0,0.0));
#1888=ORIENTED_EDGE('',*,*,#3610,.T.);
#1889=ORIENTED_EDGE('',*,*,#3612,.F.);
#1890=ORIENTED_EDGE('',*,*,#3590,.T.);
#1891=ORIENTED_EDGE('',*,*,#3613,.T.);
#1892=CARTESIAN_POINT('',(3.665,0.0,0.0));
#1893=DIRECTION('',(-1.0,0.0,0.0));
#1894=DIRECTION('',(0.0,0.0,1.0));
#1895=ORIENTED_EDGE('',*,*,#3594,.T.);
#1896=ORIENTED_EDGE('',*,*,#3592,.T.);
#1897=ORIENTED_EDGE('',*,*,#3588,.T.);
#1898=ORIENTED_EDGE('',*,*,#3568,.T.);
#1899=ORIENTED_EDGE('',*,*,#3608,.T.);
#1900=ORIENTED_EDGE('',*,*,#3606,.T.);
#1901=ORIENTED_EDGE('',*,*,#3604,.T.);
#1902=ORIENTED_EDGE('',*,*,#3614,.T.);
#1903=CARTESIAN_POINT('',(3.665,0.0,0.0));
#1904=DIRECTION('',(-1.0,0.0,0.0));
#1905=DIRECTION('',(0.0,0.0,1.0));
#1906=ORIENTED_EDGE('',*,*,#3615,.T.);
#1907=ORIENTED_EDGE('',*,*,#3613,.F.);
#1908=ORIENTED_EDGE('',*,*,#3586,.F.);
#1909=ORIENTED_EDGE('',*,*,#3616,.T.);
#1910=CARTESIAN_POINT('',(3.85,7.5,-4.15));
#1911=DIRECTION('',(-0.884094940294909,0.0,0.467307325584504));
#1912=DIRECTION('',(0.0,1.0,0.0));
#1913=ORIENTED_EDGE('',*,*,#3585,.T.);
#1914=ORIENTED_EDGE('',*,*,#3583,.F.);
#1915=ORIENTED_EDGE('',*,*,#3617,.F.);
#1916=ORIENTED_EDGE('',*,*,#3616,.F.);
#1917=CARTESIAN_POINT('',(4.735,6.965,-3.8));
#1918=DIRECTION('',(0.0,0.0,1.0));
#1919=DIRECTION('',(1.0,0.0,0.0));
#1920=ORIENTED_EDGE('',*,*,#3615,.F.);
#1921=ORIENTED_EDGE('',*,*,#3617,.T.);
#1922=ORIENTED_EDGE('',*,*,#3582,.T.);
#1923=ORIENTED_EDGE('',*,*,#3611,.F.);
#1924=CARTESIAN_POINT('',(4.2,7.85,-4.15));
#1925=DIRECTION('',(0.0,0.884094940294909,0.467307325584504));
#1926=DIRECTION('',(1.0,0.0,-0.0));
#1927=ORIENTED_EDGE('',*,*,#3618,.T.);
#1928=ORIENTED_EDGE('',*,*,#3619,.T.);
#1929=ORIENTED_EDGE('',*,*,#3620,.T.);
#1930=ORIENTED_EDGE('',*,*,#3621,.T.);
#1931=ORIENTED_EDGE('',*,*,#3622,.T.);
#1932=ORIENTED_EDGE('',*,*,#3623,.T.);
#1933=ORIENTED_EDGE('',*,*,#3624,.F.);
#1934=ORIENTED_EDGE('',*,*,#3625,.F.);
#1935=CARTESIAN_POINT('',(0.0,0.0,-9.1));
#1936=DIRECTION('',(0.0,0.0,1.0));
#1937=DIRECTION('',(1.0,0.0,0.0));
#1938=ORIENTED_EDGE('',*,*,#3626,.T.);
#1939=ORIENTED_EDGE('',*,*,#3627,.F.);
#1940=ORIENTED_EDGE('',*,*,#3628,.T.);
#1941=ORIENTED_EDGE('',*,*,#3629,.T.);
#1942=ORIENTED_EDGE('',*,*,#3630,.T.);
#1943=ORIENTED_EDGE('',*,*,#3631,.F.);
#1944=ORIENTED_EDGE('',*,*,#3591,.T.);
#1945=ORIENTED_EDGE('',*,*,#3612,.T.);
#1946=ORIENTED_EDGE('',*,*,#3609,.F.);
#1947=ORIENTED_EDGE('',*,*,#3572,.F.);
#1948=CARTESIAN_POINT('',(0.0,0.0,-9.1));
#1949=DIRECTION('',(0.0,0.0,1.0));
#1950=DIRECTION('',(1.0,0.0,0.0));
#1951=ORIENTED_EDGE('',*,*,#3632,.T.);
#1952=ORIENTED_EDGE('',*,*,#3621,.F.);
#1953=ORIENTED_EDGE('',*,*,#3633,.F.);
#1954=ORIENTED_EDGE('',*,*,#3411,.T.);
#1955=CARTESIAN_POINT('',(2.4,4.9,0.0));
#1956=DIRECTION('',(-1.0,0.0,0.0));
#1957=DIRECTION('',(0.0,0.0,1.0));
#1958=ORIENTED_EDGE('',*,*,#3633,.T.);
#1959=ORIENTED_EDGE('',*,*,#3620,.F.);
#1960=ORIENTED_EDGE('',*,*,#3634,.F.);
#1961=ORIENTED_EDGE('',*,*,#3408,.T.);
#1962=CARTESIAN_POINT('',(6.0,4.9,0.0));
#1963=DIRECTION('',(-0.0,1.0,0.0));
#1964=DIRECTION('',(1.0,0.0,0.0));
#1965=ORIENTED_EDGE('',*,*,#3634,.T.);
#1966=ORIENTED_EDGE('',*,*,#3619,.F.);
#1967=ORIENTED_EDGE('',*,*,#3635,.F.);
#1968=ORIENTED_EDGE('',*,*,#3409,.T.);
#1969=CARTESIAN_POINT('',(6.0,1.3,0.0));
#1970=DIRECTION('',(1.0,0.0,0.0));
#1971=DIRECTION('',(0.0,1.0,0.0));
#1972=ORIENTED_EDGE('',*,*,#3635,.T.);
#1973=ORIENTED_EDGE('',*,*,#3618,.F.);
#1974=ORIENTED_EDGE('',*,*,#3632,.F.);
#1975=ORIENTED_EDGE('',*,*,#3410,.T.);
#1976=CARTESIAN_POINT('',(2.4,1.3,0.0));
#1977=DIRECTION('',(0.0,-1.0,0.0));
#1978=DIRECTION('',(0.0,0.0,-1.0));
#1979=ORIENTED_EDGE('',*,*,#3636,.F.);
#1980=ORIENTED_EDGE('',*,*,#3625,.T.);
#1981=ORIENTED_EDGE('',*,*,#3637,.F.);
#1982=ORIENTED_EDGE('',*,*,#3638,.T.);
#1983=CARTESIAN_POINT('',(4.735,0.0,0.0));
#1984=DIRECTION('',(-1.0,0.0,0.0));
#1985=DIRECTION('',(0.0,0.0,1.0));
#1986=ORIENTED_EDGE('',*,*,#3639,.F.);
#1987=ORIENTED_EDGE('',*,*,#3640,.F.);
#1988=ORIENTED_EDGE('',*,*,#3558,.F.);
#1989=ORIENTED_EDGE('',*,*,#3641,.F.);
#1990=ORIENTED_EDGE('',*,*,#3642,.F.);
#1991=ORIENTED_EDGE('',*,*,#3643,.T.);
#1992=CARTESIAN_POINT('',(4.735,0.0,0.0));
#1993=DIRECTION('',(-1.0,0.0,0.0));
#1994=DIRECTION('',(0.0,0.0,1.0));
#1995=ORIENTED_EDGE('',*,*,#3644,.F.);
#1996=ORIENTED_EDGE('',*,*,#3645,.T.);
#1997=ORIENTED_EDGE('',*,*,#3646,.T.);
#1998=ORIENTED_EDGE('',*,*,#3638,.F.);
#1999=CARTESIAN_POINT('',(4.55,3.3,-4.15));
#2000=DIRECTION('',(0.884094940294909,0.0,0.467307325584504));
#2001=DIRECTION('',(0.0,-1.0,0.0));
#2002=ORIENTED_EDGE('',*,*,#3646,.F.);
#2003=ORIENTED_EDGE('',*,*,#3647,.F.);
#2004=ORIENTED_EDGE('',*,*,#3648,.T.);
#2005=ORIENTED_EDGE('',*,*,#3649,.T.);
#2006=CARTESIAN_POINT('',(4.2,2.95,-4.15));
#2007=DIRECTION('',(0.0,-0.884094940294909,0.467307325584504));
#2008=DIRECTION('',(-1.0,0.0,0.0));
#2009=ORIENTED_EDGE('',*,*,#3650,.F.);
#2010=ORIENTED_EDGE('',*,*,#3622,.F.);
#2011=ORIENTED_EDGE('',*,*,#3636,.T.);
#2012=ORIENTED_EDGE('',*,*,#3649,.F.);
#2013=CARTESIAN_POINT('',(4.735,2.765,-12.345));
#2014=DIRECTION('',(0.0,-1.0,0.0));
#2015=DIRECTION('',(0.0,0.0,-1.0));
#2016=ORIENTED_EDGE('',*,*,#3651,.T.);
#2017=ORIENTED_EDGE('',*,*,#3623,.F.);
#2018=ORIENTED_EDGE('',*,*,#3650,.T.);
#2019=ORIENTED_EDGE('',*,*,#3652,.T.);
#2020=CARTESIAN_POINT('',(3.665,0.0,0.0));
#2021=DIRECTION('',(-1.0,0.0,0.0));
#2022=DIRECTION('',(0.0,0.0,1.0));
#2023=ORIENTED_EDGE('',*,*,#3653,.T.);
#2024=ORIENTED_EDGE('',*,*,#3654,.T.);
#2025=ORIENTED_EDGE('',*,*,#3556,.T.);
#2026=ORIENTED_EDGE('',*,*,#3655,.T.);
#2027=ORIENTED_EDGE('',*,*,#3656,.T.);
#2028=ORIENTED_EDGE('',*,*,#3657,.T.);
#2029=CARTESIAN_POINT('',(3.665,0.0,0.0));
#2030=DIRECTION('',(-1.0,0.0,0.0));
#2031=DIRECTION('',(0.0,0.0,1.0));
#2032=ORIENTED_EDGE('',*,*,#3658,.T.);
#2033=ORIENTED_EDGE('',*,*,#3652,.F.);
#2034=ORIENTED_EDGE('',*,*,#3648,.F.);
#2035=ORIENTED_EDGE('',*,*,#3659,.T.);
#2036=CARTESIAN_POINT('',(3.85,3.3,-4.15));
#2037=DIRECTION('',(-0.884094940294909,0.0,0.467307325584504));
#2038=DIRECTION('',(0.0,1.0,0.0));
#2039=ORIENTED_EDGE('',*,*,#3659,.F.);
#2040=ORIENTED_EDGE('',*,*,#3647,.T.);
#2041=ORIENTED_EDGE('',*,*,#3645,.F.);
#2042=ORIENTED_EDGE('',*,*,#3660,.F.);
#2043=CARTESIAN_POINT('',(4.735,2.765,-3.8));
#2044=DIRECTION('',(0.0,0.0,1.0));
#2045=DIRECTION('',(1.0,0.0,0.0));
#2046=ORIENTED_EDGE('',*,*,#3658,.F.);
#2047=ORIENTED_EDGE('',*,*,#3660,.T.);
#2048=ORIENTED_EDGE('',*,*,#3644,.T.);
#2049=ORIENTED_EDGE('',*,*,#3661,.F.);
#2050=CARTESIAN_POINT('',(4.2,3.65,-4.15));
#2051=DIRECTION('',(0.0,0.884094940294909,0.467307325584504));
#2052=DIRECTION('',(1.0,0.0,-0.0));
#2053=ORIENTED_EDGE('',*,*,#3637,.T.);
#2054=ORIENTED_EDGE('',*,*,#3624,.T.);
#2055=ORIENTED_EDGE('',*,*,#3651,.F.);
#2056=ORIENTED_EDGE('',*,*,#3661,.T.);
#2057=CARTESIAN_POINT('',(4.735,3.835,-3.8));
#2058=DIRECTION('',(-0.0,1.0,0.0));
#2059=DIRECTION('',(1.0,0.0,0.0));
#2060=ORIENTED_EDGE('',*,*,#3662,.F.);
#2061=ORIENTED_EDGE('',*,*,#3657,.F.);
#2062=ORIENTED_EDGE('',*,*,#3663,.F.);
#2063=ORIENTED_EDGE('',*,*,#3664,.T.);
#2064=CARTESIAN_POINT('',(3.85,-3.15,-13.9));
#2065=DIRECTION('',(-0.884094940294909,-0.467307325584504,0.0));
#2066=DIRECTION('',(-0.467307325584504,0.884094940294909,0.0));
#2067=ORIENTED_EDGE('',*,*,#3664,.F.);
#2068=ORIENTED_EDGE('',*,*,#3665,.T.);
#2069=ORIENTED_EDGE('',*,*,#3666,.F.);
#2070=ORIENTED_EDGE('',*,*,#3667,.F.);
#2071=CARTESIAN_POINT('',(4.735,-3.5,-14.435));
#2072=DIRECTION('',(0.0,-1.0,0.0));
#2073=DIRECTION('',(0.0,0.0,-1.0));
#2074=ORIENTED_EDGE('',*,*,#3662,.T.);
#2075=ORIENTED_EDGE('',*,*,#3667,.T.);
#2076=ORIENTED_EDGE('',*,*,#3668,.T.);
#2077=ORIENTED_EDGE('',*,*,#3669,.F.);
#2078=CARTESIAN_POINT('',(4.2,-3.15,-13.55));
#2079=DIRECTION('',(0.0,-0.467307325584504,0.884094940294909));
#2080=DIRECTION('',(-1.0,0.0,0.0));
#2081=ORIENTED_EDGE('',*,*,#3642,.T.);
#2082=ORIENTED_EDGE('',*,*,#3670,.T.);
#2083=ORIENTED_EDGE('',*,*,#3653,.F.);
#2084=ORIENTED_EDGE('',*,*,#3669,.T.);
#2085=CARTESIAN_POINT('',(4.735,-3.5,-13.365));
#2086=DIRECTION('',(0.0,0.0,1.0));
#2087=DIRECTION('',(1.0,0.0,0.0));
#2088=ORIENTED_EDGE('',*,*,#3557,.T.);
#2089=ORIENTED_EDGE('',*,*,#3654,.F.);
#2090=ORIENTED_EDGE('',*,*,#3670,.F.);
#2091=ORIENTED_EDGE('',*,*,#3641,.T.);
#2092=CARTESIAN_POINT('',(4.735,1.745,-12.345));
#2093=DIRECTION('',(1.0,-0.0,0.0));
#2094=DIRECTION('',(0.0,0.0,1.0));
#2095=ORIENTED_EDGE('',*,*,#3668,.F.);
#2096=ORIENTED_EDGE('',*,*,#3666,.T.);
#2097=ORIENTED_EDGE('',*,*,#3671,.T.);
#2098=ORIENTED_EDGE('',*,*,#3643,.F.);
#2099=CARTESIAN_POINT('',(4.55,-3.15,-13.9));
#2100=DIRECTION('',(0.884094940294909,-0.467307325584504,0.0));
#2101=DIRECTION('',(0.0,0.0,-1.0));
#2102=ORIENTED_EDGE('',*,*,#3671,.F.);
#2103=ORIENTED_EDGE('',*,*,#3665,.F.);
#2104=ORIENTED_EDGE('',*,*,#3663,.T.);
#2105=ORIENTED_EDGE('',*,*,#3672,.T.);
#2106=CARTESIAN_POINT('',(4.2,-3.15,-14.25));
#2107=DIRECTION('',(0.0,-0.467307325584504,-0.884094940294909));
#2108=DIRECTION('',(0.0,-0.884094940294909,0.467307325584504));
#2109=ORIENTED_EDGE('',*,*,#3656,.F.);
#2110=ORIENTED_EDGE('',*,*,#3673,.F.);
#2111=ORIENTED_EDGE('',*,*,#3639,.T.);
#2112=ORIENTED_EDGE('',*,*,#3672,.F.);
#2113=CARTESIAN_POINT('',(4.735,1.745,-14.435));
#2114=DIRECTION('',(0.0,0.0,-1.0));
#2115=DIRECTION('',(0.0,-1.0,0.0));
#2116=ORIENTED_EDGE('',*,*,#3673,.T.);
#2117=ORIENTED_EDGE('',*,*,#3655,.F.);
#2118=ORIENTED_EDGE('',*,*,#3555,.F.);
#2119=ORIENTED_EDGE('',*,*,#3640,.T.);
#2120=CARTESIAN_POINT('',(4.735,1.745,-12.345));
#2121=DIRECTION('',(1.0,-0.0,0.0));
#2122=DIRECTION('',(0.0,0.0,1.0));
#2123=ORIENTED_EDGE('',*,*,#3674,.T.);
#2124=ORIENTED_EDGE('',*,*,#3420,.F.);
#2125=ORIENTED_EDGE('',*,*,#3675,.F.);
#2126=ORIENTED_EDGE('',*,*,#3631,.T.);
#2127=CARTESIAN_POINT('',(3.35,5.5,0.0));
#2128=DIRECTION('',(0.707106781186548,0.707106781186548,0.0));
#2129=DIRECTION('',(0.0,0.0,-1.0));
#2130=ORIENTED_EDGE('',*,*,#3425,.T.);
#2131=ORIENTED_EDGE('',*,*,#3676,.F.);
#2132=ORIENTED_EDGE('',*,*,#3626,.F.);
#2133=ORIENTED_EDGE('',*,*,#3675,.T.);
#2134=CARTESIAN_POINT('',(2.4,5.5,0.0));
#2135=DIRECTION('',(0.0,-1.0,0.0));
#2136=DIRECTION('',(0.0,0.0,-1.0));
#2137=ORIENTED_EDGE('',*,*,#3676,.T.);
#2138=ORIENTED_EDGE('',*,*,#3424,.F.);
#2139=ORIENTED_EDGE('',*,*,#3677,.F.);
#2140=ORIENTED_EDGE('',*,*,#3627,.T.);
#2141=CARTESIAN_POINT('',(6.0,6.45,0.0));
#2142=DIRECTION('',(-0.707106781186548,0.707106781186548,0.0));
#2143=DIRECTION('',(0.0,0.0,1.0));
#2144=ORIENTED_EDGE('',*,*,#3423,.T.);
#2145=ORIENTED_EDGE('',*,*,#3678,.T.);
#2146=ORIENTED_EDGE('',*,*,#3628,.F.);
#2147=ORIENTED_EDGE('',*,*,#3677,.T.);
#2148=CARTESIAN_POINT('',(6.0,5.5,0.0));
#2149=DIRECTION('',(1.0,0.0,0.0));
#2150=DIRECTION('',(0.0,1.0,0.0));
#2151=ORIENTED_EDGE('',*,*,#3679,.T.);
#2152=ORIENTED_EDGE('',*,*,#3629,.F.);
#2153=ORIENTED_EDGE('',*,*,#3678,.F.);
#2154=ORIENTED_EDGE('',*,*,#3422,.T.);
#2155=CARTESIAN_POINT('',(6.0,9.1,0.0));
#2156=DIRECTION('',(-0.0,1.0,0.0));
#2157=DIRECTION('',(1.0,0.0,0.0));
#2158=ORIENTED_EDGE('',*,*,#3630,.F.);
#2159=ORIENTED_EDGE('',*,*,#3679,.F.);
#2160=ORIENTED_EDGE('',*,*,#3421,.T.);
#2161=ORIENTED_EDGE('',*,*,#3674,.F.);
#2162=CARTESIAN_POINT('',(2.4,9.1,0.0));
#2163=DIRECTION('',(-1.0,0.0,0.0));
#2164=DIRECTION('',(0.0,0.0,1.0));
#2165=ORIENTED_EDGE('',*,*,#3596,.F.);
#2166=ORIENTED_EDGE('',*,*,#3614,.F.);
#2167=ORIENTED_EDGE('',*,*,#3602,.F.);
#2168=ORIENTED_EDGE('',*,*,#3680,.T.);
#2169=CARTESIAN_POINT('',(3.85,-3.15,-19.4));
#2170=DIRECTION('',(-0.884094940294909,-0.467307325584504,0.0));
#2171=DIRECTION('',(-0.467307325584504,0.884094940294909,0.0));
#2172=ORIENTED_EDGE('',*,*,#3601,.T.);
#2173=ORIENTED_EDGE('',*,*,#3599,.F.);
#2174=ORIENTED_EDGE('',*,*,#3597,.F.);
#2175=ORIENTED_EDGE('',*,*,#3680,.F.);
#2176=CARTESIAN_POINT('',(4.735,-3.5,-19.935));
#2177=DIRECTION('',(0.0,-1.0,0.0));
#2178=DIRECTION('',(0.0,0.0,-1.0));
#2179=ORIENTED_EDGE('',*,*,#3681,.F.);
#2180=ORIENTED_EDGE('',*,*,#3682,.T.);
#2181=ORIENTED_EDGE('',*,*,#3683,.F.);
#2182=ORIENTED_EDGE('',*,*,#3684,.T.);
#2183=CARTESIAN_POINT('',(0.535,0.0,0.0));
#2184=DIRECTION('',(-1.0,0.0,0.0));
#2185=DIRECTION('',(0.0,0.0,1.0));
#2186=ORIENTED_EDGE('',*,*,#3685,.F.);
#2187=ORIENTED_EDGE('',*,*,#3686,.F.);
#2188=ORIENTED_EDGE('',*,*,#3687,.F.);
#2189=ORIENTED_EDGE('',*,*,#3550,.F.);
#2190=ORIENTED_EDGE('',*,*,#3688,.F.);
#2191=ORIENTED_EDGE('',*,*,#3689,.F.);
#2192=ORIENTED_EDGE('',*,*,#3690,.F.);
#2193=ORIENTED_EDGE('',*,*,#3691,.T.);
#2194=CARTESIAN_POINT('',(0.535,0.0,0.0));
#2195=DIRECTION('',(-1.0,0.0,0.0));
#2196=DIRECTION('',(0.0,0.0,1.0));
#2197=ORIENTED_EDGE('',*,*,#3692,.F.);
#2198=ORIENTED_EDGE('',*,*,#3693,.T.);
#2199=ORIENTED_EDGE('',*,*,#3694,.T.);
#2200=ORIENTED_EDGE('',*,*,#3684,.F.);
#2201=CARTESIAN_POINT('',(0.35,7.5,-4.15));
#2202=DIRECTION('',(0.884094940294909,0.0,0.467307325584504));
#2203=DIRECTION('',(0.0,-1.0,0.0));
#2204=ORIENTED_EDGE('',*,*,#3694,.F.);
#2205=ORIENTED_EDGE('',*,*,#3695,.F.);
#2206=ORIENTED_EDGE('',*,*,#3696,.T.);
#2207=ORIENTED_EDGE('',*,*,#3697,.T.);
#2208=CARTESIAN_POINT('',(-1.24344978758E-14,7.15,-4.15));
#2209=DIRECTION('',(0.0,-0.884094940294909,0.467307325584504));
#2210=DIRECTION('',(-1.0,0.0,0.0));
#2211=ORIENTED_EDGE('',*,*,#3698,.F.);
#2212=ORIENTED_EDGE('',*,*,#3699,.F.);
#2213=ORIENTED_EDGE('',*,*,#3688,.T.);
#2214=ORIENTED_EDGE('',*,*,#3549,.T.);
#2215=CARTESIAN_POINT('',(0.535,6.965,-17.845));
#2216=DIRECTION('',(0.0,-1.0,0.0));
#2217=DIRECTION('',(0.0,0.0,-1.0));
#2218=ORIENTED_EDGE('',*,*,#3700,.F.);
#2219=ORIENTED_EDGE('',*,*,#3701,.F.);
#2220=ORIENTED_EDGE('',*,*,#3681,.T.);
#2221=ORIENTED_EDGE('',*,*,#3697,.F.);
#2222=CARTESIAN_POINT('',(0.535,6.965,-17.845));
#2223=DIRECTION('',(0.0,-1.0,0.0));
#2224=DIRECTION('',(0.0,0.0,-1.0));
#2225=ORIENTED_EDGE('',*,*,#3699,.T.);
#2226=ORIENTED_EDGE('',*,*,#3702,.F.);
#2227=ORIENTED_EDGE('',*,*,#3703,.F.);
#2228=ORIENTED_EDGE('',*,*,#3689,.T.);
#2229=CARTESIAN_POINT('',(0.535,5.945,-17.845));
#2230=DIRECTION('',(1.0,-0.0,0.0));
#2231=DIRECTION('',(0.0,0.0,1.0));
#2232=ORIENTED_EDGE('',*,*,#3690,.T.);
#2233=ORIENTED_EDGE('',*,*,#3703,.T.);
#2234=ORIENTED_EDGE('',*,*,#3704,.F.);
#2235=ORIENTED_EDGE('',*,*,#3705,.T.);
#2236=CARTESIAN_POINT('',(0.535,-3.5,-18.865));
#2237=DIRECTION('',(0.0,0.0,1.0));
#2238=DIRECTION('',(1.0,0.0,0.0));
#2239=ORIENTED_EDGE('',*,*,#3706,.T.);
#2240=ORIENTED_EDGE('',*,*,#3707,.T.);
#2241=ORIENTED_EDGE('',*,*,#3708,.T.);
#2242=ORIENTED_EDGE('',*,*,#3705,.F.);
#2243=CARTESIAN_POINT('',(0.0,-3.15,-19.05));
#2244=DIRECTION('',(0.0,-0.467307325584504,0.884094940294909));
#2245=DIRECTION('',(-1.0,0.0,0.0));
#2246=ORIENTED_EDGE('',*,*,#3708,.F.);
#2247=ORIENTED_EDGE('',*,*,#3709,.T.);
#2248=ORIENTED_EDGE('',*,*,#3710,.T.);
#2249=ORIENTED_EDGE('',*,*,#3691,.F.);
#2250=CARTESIAN_POINT('',(0.35,-3.15,-19.4));
#2251=DIRECTION('',(0.884094940294909,-0.467307325584504,0.0));
#2252=DIRECTION('',(0.0,0.0,-1.0));
#2253=ORIENTED_EDGE('',*,*,#3710,.F.);
#2254=ORIENTED_EDGE('',*,*,#3711,.F.);
#2255=ORIENTED_EDGE('',*,*,#3712,.T.);
#2256=ORIENTED_EDGE('',*,*,#3713,.T.);
#2257=CARTESIAN_POINT('',(0.0,-3.15,-19.75));
#2258=DIRECTION('',(0.0,-0.467307325584504,-0.884094940294909));
#2259=DIRECTION('',(0.0,-0.884094940294909,0.467307325584504));
#2260=ORIENTED_EDGE('',*,*,#3714,.F.);
#2261=ORIENTED_EDGE('',*,*,#3715,.F.);
#2262=ORIENTED_EDGE('',*,*,#3685,.T.);
#2263=ORIENTED_EDGE('',*,*,#3713,.F.);
#2264=CARTESIAN_POINT('',(0.535,5.945,-19.935));
#2265=DIRECTION('',(0.0,0.0,-1.0));
#2266=DIRECTION('',(0.0,-1.0,0.0));
#2267=ORIENTED_EDGE('',*,*,#3715,.T.);
#2268=ORIENTED_EDGE('',*,*,#3716,.F.);
#2269=ORIENTED_EDGE('',*,*,#3717,.F.);
#2270=ORIENTED_EDGE('',*,*,#3686,.T.);
#2271=CARTESIAN_POINT('',(0.535,5.945,-17.845));
#2272=DIRECTION('',(1.0,-0.0,0.0));
#2273=DIRECTION('',(0.0,0.0,1.0));
#2274=ORIENTED_EDGE('',*,*,#3687,.T.);
#2275=ORIENTED_EDGE('',*,*,#3717,.T.);
#2276=ORIENTED_EDGE('',*,*,#3718,.F.);
#2277=ORIENTED_EDGE('',*,*,#3547,.F.);
#2278=CARTESIAN_POINT('',(0.535,8.035,-3.8));
#2279=DIRECTION('',(-0.0,1.0,0.0));
#2280=DIRECTION('',(1.0,0.0,0.0));
#2281=ORIENTED_EDGE('',*,*,#3683,.T.);
#2282=ORIENTED_EDGE('',*,*,#3719,.T.);
#2283=ORIENTED_EDGE('',*,*,#3720,.F.);
#2284=ORIENTED_EDGE('',*,*,#3721,.T.);
#2285=CARTESIAN_POINT('',(0.535,8.035,-3.8));
#2286=DIRECTION('',(-0.0,1.0,0.0));
#2287=DIRECTION('',(1.0,0.0,0.0));
#2288=ORIENTED_EDGE('',*,*,#3720,.T.);
#2289=ORIENTED_EDGE('',*,*,#3722,.F.);
#2290=ORIENTED_EDGE('',*,*,#3700,.T.);
#2291=ORIENTED_EDGE('',*,*,#3723,.T.);
#2292=CARTESIAN_POINT('',(-0.535,0.0,0.0));
#2293=DIRECTION('',(-1.0,0.0,0.0));
#2294=DIRECTION('',(0.0,0.0,1.0));
#2295=ORIENTED_EDGE('',*,*,#3704,.T.);
#2296=ORIENTED_EDGE('',*,*,#3702,.T.);
#2297=ORIENTED_EDGE('',*,*,#3698,.T.);
#2298=ORIENTED_EDGE('',*,*,#3548,.T.);
#2299=ORIENTED_EDGE('',*,*,#3718,.T.);
#2300=ORIENTED_EDGE('',*,*,#3716,.T.);
#2301=ORIENTED_EDGE('',*,*,#3714,.T.);
#2302=ORIENTED_EDGE('',*,*,#3724,.T.);
#2303=CARTESIAN_POINT('',(-0.535,0.0,0.0));
#2304=DIRECTION('',(-1.0,0.0,0.0));
#2305=DIRECTION('',(0.0,0.0,1.0));
#2306=ORIENTED_EDGE('',*,*,#3725,.T.);
#2307=ORIENTED_EDGE('',*,*,#3723,.F.);
#2308=ORIENTED_EDGE('',*,*,#3696,.F.);
#2309=ORIENTED_EDGE('',*,*,#3726,.T.);
#2310=CARTESIAN_POINT('',(-0.35,7.5,-4.15));
#2311=DIRECTION('',(-0.884094940294909,0.0,0.467307325584504));
#2312=DIRECTION('',(0.0,1.0,0.0));
#2313=ORIENTED_EDGE('',*,*,#3695,.T.);
#2314=ORIENTED_EDGE('',*,*,#3693,.F.);
#2315=ORIENTED_EDGE('',*,*,#3727,.F.);
#2316=ORIENTED_EDGE('',*,*,#3726,.F.);
#2317=CARTESIAN_POINT('',(0.535,6.965,-3.8));
#2318=DIRECTION('',(0.0,0.0,1.0));
#2319=DIRECTION('',(1.0,0.0,0.0));
#2320=ORIENTED_EDGE('',*,*,#3725,.F.);
#2321=ORIENTED_EDGE('',*,*,#3727,.T.);
#2322=ORIENTED_EDGE('',*,*,#3692,.T.);
#2323=ORIENTED_EDGE('',*,*,#3721,.F.);
#2324=CARTESIAN_POINT('',(0.0,7.85,-4.15));
#2325=DIRECTION('',(0.0,0.884094940294909,0.467307325584504));
#2326=DIRECTION('',(1.0,0.0,-0.0));
#2327=ORIENTED_EDGE('',*,*,#3728,.T.);
#2328=ORIENTED_EDGE('',*,*,#3729,.T.);
#2329=ORIENTED_EDGE('',*,*,#3730,.T.);
#2330=ORIENTED_EDGE('',*,*,#3731,.T.);
#2331=ORIENTED_EDGE('',*,*,#3701,.T.);
#2332=ORIENTED_EDGE('',*,*,#3722,.T.);
#2333=ORIENTED_EDGE('',*,*,#3719,.F.);
#2334=ORIENTED_EDGE('',*,*,#3682,.F.);
#2335=CARTESIAN_POINT('',(0.0,0.0,-9.1));
#2336=DIRECTION('',(0.0,0.0,1.0));
#2337=DIRECTION('',(1.0,0.0,0.0));
#2338=ORIENTED_EDGE('',*,*,#3732,.T.);
#2339=ORIENTED_EDGE('',*,*,#3733,.F.);
#2340=ORIENTED_EDGE('',*,*,#3734,.T.);
#2341=ORIENTED_EDGE('',*,*,#3735,.T.);
#2342=ORIENTED_EDGE('',*,*,#3736,.T.);
#2343=ORIENTED_EDGE('',*,*,#3737,.F.);
#2344=ORIENTED_EDGE('',*,*,#3738,.T.);
#2345=ORIENTED_EDGE('',*,*,#3739,.T.);
#2346=ORIENTED_EDGE('',*,*,#3740,.F.);
#2347=ORIENTED_EDGE('',*,*,#3741,.F.);
#2348=CARTESIAN_POINT('',(0.0,0.0,-9.1));
#2349=DIRECTION('',(0.0,0.0,1.0));
#2350=DIRECTION('',(1.0,0.0,0.0));
#2351=ORIENTED_EDGE('',*,*,#3742,.T.);
#2352=ORIENTED_EDGE('',*,*,#3731,.F.);
#2353=ORIENTED_EDGE('',*,*,#3743,.F.);
#2354=ORIENTED_EDGE('',*,*,#3415,.T.);
#2355=CARTESIAN_POINT('',(-1.8,9.1,0.0));
#2356=DIRECTION('',(-1.0,0.0,0.0));
#2357=DIRECTION('',(0.0,0.0,1.0));
#2358=ORIENTED_EDGE('',*,*,#3743,.T.);
#2359=ORIENTED_EDGE('',*,*,#3730,.F.);
#2360=ORIENTED_EDGE('',*,*,#3744,.F.);
#2361=ORIENTED_EDGE('',*,*,#3412,.T.);
#2362=CARTESIAN_POINT('',(1.8,9.1,0.0));
#2363=DIRECTION('',(-0.0,1.0,0.0));
#2364=DIRECTION('',(1.0,0.0,0.0));
#2365=ORIENTED_EDGE('',*,*,#3744,.T.);
#2366=ORIENTED_EDGE('',*,*,#3729,.F.);
#2367=ORIENTED_EDGE('',*,*,#3745,.F.);
#2368=ORIENTED_EDGE('',*,*,#3413,.T.);
#2369=CARTESIAN_POINT('',(1.8,5.5,0.0));
#2370=DIRECTION('',(1.0,0.0,0.0));
#2371=DIRECTION('',(0.0,1.0,0.0));
#2372=ORIENTED_EDGE('',*,*,#3745,.T.);
#2373=ORIENTED_EDGE('',*,*,#3728,.F.);
#2374=ORIENTED_EDGE('',*,*,#3742,.F.);
#2375=ORIENTED_EDGE('',*,*,#3414,.T.);
#2376=CARTESIAN_POINT('',(-1.8,5.5,0.0));
#2377=DIRECTION('',(0.0,-1.0,0.0));
#2378=DIRECTION('',(0.0,0.0,-1.0));
#2379=ORIENTED_EDGE('',*,*,#3746,.F.);
#2380=ORIENTED_EDGE('',*,*,#3741,.T.);
#2381=ORIENTED_EDGE('',*,*,#3747,.F.);
#2382=ORIENTED_EDGE('',*,*,#3748,.T.);
#2383=CARTESIAN_POINT('',(0.535,0.0,0.0));
#2384=DIRECTION('',(-1.0,0.0,0.0));
#2385=DIRECTION('',(0.0,0.0,1.0));
#2386=ORIENTED_EDGE('',*,*,#3749,.F.);
#2387=ORIENTED_EDGE('',*,*,#3750,.F.);
#2388=ORIENTED_EDGE('',*,*,#3562,.F.);
#2389=ORIENTED_EDGE('',*,*,#3751,.F.);
#2390=ORIENTED_EDGE('',*,*,#3752,.F.);
#2391=ORIENTED_EDGE('',*,*,#3753,.T.);
#2392=CARTESIAN_POINT('',(0.535,0.0,0.0));
#2393=DIRECTION('',(-1.0,0.0,0.0));
#2394=DIRECTION('',(0.0,0.0,1.0));
#2395=ORIENTED_EDGE('',*,*,#3754,.F.);
#2396=ORIENTED_EDGE('',*,*,#3755,.T.);
#2397=ORIENTED_EDGE('',*,*,#3756,.T.);
#2398=ORIENTED_EDGE('',*,*,#3748,.F.);
#2399=CARTESIAN_POINT('',(0.35,3.3,-4.15));
#2400=DIRECTION('',(0.884094940294909,0.0,0.467307325584504));
#2401=DIRECTION('',(0.0,-1.0,0.0));
#2402=ORIENTED_EDGE('',*,*,#3756,.F.);
#2403=ORIENTED_EDGE('',*,*,#3757,.F.);
#2404=ORIENTED_EDGE('',*,*,#3758,.T.);
#2405=ORIENTED_EDGE('',*,*,#3759,.T.);
#2406=CARTESIAN_POINT('',(0.0,2.95,-4.15));
#2407=DIRECTION('',(0.0,-0.884094940294909,0.467307325584504));
#2408=DIRECTION('',(-1.0,0.0,0.0));
#2409=ORIENTED_EDGE('',*,*,#3760,.F.);
#2410=ORIENTED_EDGE('',*,*,#3738,.F.);
#2411=ORIENTED_EDGE('',*,*,#3746,.T.);
#2412=ORIENTED_EDGE('',*,*,#3759,.F.);
#2413=CARTESIAN_POINT('',(0.535,2.765,-12.345));
#2414=DIRECTION('',(0.0,-1.0,0.0));
#2415=DIRECTION('',(0.0,0.0,-1.0));
#2416=ORIENTED_EDGE('',*,*,#3761,.T.);
#2417=ORIENTED_EDGE('',*,*,#3739,.F.);
#2418=ORIENTED_EDGE('',*,*,#3760,.T.);
#2419=ORIENTED_EDGE('',*,*,#3762,.T.);
#2420=CARTESIAN_POINT('',(-0.535,0.0,0.0));
#2421=DIRECTION('',(-1.0,0.0,0.0));
#2422=DIRECTION('',(0.0,0.0,1.0));
#2423=ORIENTED_EDGE('',*,*,#3763,.T.);
#2424=ORIENTED_EDGE('',*,*,#3764,.T.);
#2425=ORIENTED_EDGE('',*,*,#3560,.T.);
#2426=ORIENTED_EDGE('',*,*,#3765,.T.);
#2427=ORIENTED_EDGE('',*,*,#3766,.T.);
#2428=ORIENTED_EDGE('',*,*,#3767,.T.);
#2429=CARTESIAN_POINT('',(-0.535,0.0,0.0));
#2430=DIRECTION('',(-1.0,0.0,0.0));
#2431=DIRECTION('',(0.0,0.0,1.0));
#2432=ORIENTED_EDGE('',*,*,#3768,.T.);
#2433=ORIENTED_EDGE('',*,*,#3762,.F.);
#2434=ORIENTED_EDGE('',*,*,#3758,.F.);
#2435=ORIENTED_EDGE('',*,*,#3769,.T.);
#2436=CARTESIAN_POINT('',(-0.35,3.3,-4.15));
#2437=DIRECTION('',(-0.884094940294909,0.0,0.467307325584504));
#2438=DIRECTION('',(0.0,1.0,0.0));
#2439=ORIENTED_EDGE('',*,*,#3769,.F.);
#2440=ORIENTED_EDGE('',*,*,#3757,.T.);
#2441=ORIENTED_EDGE('',*,*,#3755,.F.);
#2442=ORIENTED_EDGE('',*,*,#3770,.F.);
#2443=CARTESIAN_POINT('',(0.535,2.765,-3.8));
#2444=DIRECTION('',(0.0,0.0,1.0));
#2445=DIRECTION('',(1.0,0.0,0.0));
#2446=ORIENTED_EDGE('',*,*,#3768,.F.);
#2447=ORIENTED_EDGE('',*,*,#3770,.T.);
#2448=ORIENTED_EDGE('',*,*,#3754,.T.);
#2449=ORIENTED_EDGE('',*,*,#3771,.F.);
#2450=CARTESIAN_POINT('',(0.0,3.65,-4.15));
#2451=DIRECTION('',(0.0,0.884094940294909,0.467307325584504));
#2452=DIRECTION('',(1.0,0.0,-0.0));
#2453=ORIENTED_EDGE('',*,*,#3747,.T.);
#2454=ORIENTED_EDGE('',*,*,#3740,.T.);
#2455=ORIENTED_EDGE('',*,*,#3761,.F.);
#2456=ORIENTED_EDGE('',*,*,#3771,.T.);
#2457=CARTESIAN_POINT('',(0.535,3.835,-3.8));
#2458=DIRECTION('',(-0.0,1.0,0.0));
#2459=DIRECTION('',(1.0,0.0,0.0));
#2460=ORIENTED_EDGE('',*,*,#3772,.F.);
#2461=ORIENTED_EDGE('',*,*,#3767,.F.);
#2462=ORIENTED_EDGE('',*,*,#3773,.F.);
#2463=ORIENTED_EDGE('',*,*,#3774,.T.);
#2464=CARTESIAN_POINT('',(-0.35,-3.15,-13.9));
#2465=DIRECTION('',(-0.884094940294909,-0.467307325584504,0.0));
#2466=DIRECTION('',(-0.467307325584504,0.884094940294909,0.0));
#2467=ORIENTED_EDGE('',*,*,#3774,.F.);
#2468=ORIENTED_EDGE('',*,*,#3775,.T.);
#2469=ORIENTED_EDGE('',*,*,#3776,.F.);
#2470=ORIENTED_EDGE('',*,*,#3777,.F.);
#2471=CARTESIAN_POINT('',(0.535,-3.5,-14.435));
#2472=DIRECTION('',(0.0,-1.0,0.0));
#2473=DIRECTION('',(0.0,0.0,-1.0));
#2474=ORIENTED_EDGE('',*,*,#3772,.T.);
#2475=ORIENTED_EDGE('',*,*,#3777,.T.);
#2476=ORIENTED_EDGE('',*,*,#3778,.T.);
#2477=ORIENTED_EDGE('',*,*,#3779,.F.);
#2478=CARTESIAN_POINT('',(-1.42108547152E-14,-3.15,-13.55));
#2479=DIRECTION('',(0.0,-0.467307325584504,0.884094940294909));
#2480=DIRECTION('',(-1.0,0.0,0.0));
#2481=ORIENTED_EDGE('',*,*,#3752,.T.);
#2482=ORIENTED_EDGE('',*,*,#3780,.T.);
#2483=ORIENTED_EDGE('',*,*,#3763,.F.);
#2484=ORIENTED_EDGE('',*,*,#3779,.T.);
#2485=CARTESIAN_POINT('',(0.535,-3.5,-13.365));
#2486=DIRECTION('',(0.0,0.0,1.0));
#2487=DIRECTION('',(1.0,0.0,0.0));
#2488=ORIENTED_EDGE('',*,*,#3764,.F.);
#2489=ORIENTED_EDGE('',*,*,#3780,.F.);
#2490=ORIENTED_EDGE('',*,*,#3751,.T.);
#2491=ORIENTED_EDGE('',*,*,#3561,.T.);
#2492=CARTESIAN_POINT('',(0.535,1.745,-12.345));
#2493=DIRECTION('',(1.0,-0.0,0.0));
#2494=DIRECTION('',(0.0,0.0,1.0));
#2495=ORIENTED_EDGE('',*,*,#3778,.F.);
#2496=ORIENTED_EDGE('',*,*,#3776,.T.);
#2497=ORIENTED_EDGE('',*,*,#3781,.T.);
#2498=ORIENTED_EDGE('',*,*,#3753,.F.);
#2499=CARTESIAN_POINT('',(0.35,-3.15,-13.9));
#2500=DIRECTION('',(0.884094940294909,-0.467307325584504,0.0));
#2501=DIRECTION('',(0.0,0.0,-1.0));
#2502=ORIENTED_EDGE('',*,*,#3781,.F.);
#2503=ORIENTED_EDGE('',*,*,#3775,.F.);
#2504=ORIENTED_EDGE('',*,*,#3773,.T.);
#2505=ORIENTED_EDGE('',*,*,#3782,.T.);
#2506=CARTESIAN_POINT('',(0.0,-3.15,-14.25));
#2507=DIRECTION('',(0.0,-0.467307325584504,-0.884094940294909));
#2508=DIRECTION('',(0.0,-0.884094940294909,0.467307325584504));
#2509=ORIENTED_EDGE('',*,*,#3766,.F.);
#2510=ORIENTED_EDGE('',*,*,#3783,.F.);
#2511=ORIENTED_EDGE('',*,*,#3749,.T.);
#2512=ORIENTED_EDGE('',*,*,#3782,.F.);
#2513=CARTESIAN_POINT('',(0.535,1.745,-14.435));
#2514=DIRECTION('',(0.0,0.0,-1.0));
#2515=DIRECTION('',(0.0,-1.0,0.0));
#2516=ORIENTED_EDGE('',*,*,#3750,.T.);
#2517=ORIENTED_EDGE('',*,*,#3783,.T.);
#2518=ORIENTED_EDGE('',*,*,#3765,.F.);
#2519=ORIENTED_EDGE('',*,*,#3559,.F.);
#2520=CARTESIAN_POINT('',(0.535,1.745,-12.345));
#2521=DIRECTION('',(1.0,-0.0,0.0));
#2522=DIRECTION('',(0.0,0.0,1.0));
#2523=ORIENTED_EDGE('',*,*,#3784,.T.);
#2524=ORIENTED_EDGE('',*,*,#3426,.F.);
#2525=ORIENTED_EDGE('',*,*,#3785,.F.);
#2526=ORIENTED_EDGE('',*,*,#3737,.T.);
#2527=CARTESIAN_POINT('',(-0.85,1.3,0.0));
#2528=DIRECTION('',(0.707106781186548,0.707106781186548,0.0));
#2529=DIRECTION('',(0.0,0.0,-1.0));
#2530=ORIENTED_EDGE('',*,*,#3431,.T.);
#2531=ORIENTED_EDGE('',*,*,#3786,.F.);
#2532=ORIENTED_EDGE('',*,*,#3732,.F.);
#2533=ORIENTED_EDGE('',*,*,#3785,.T.);
#2534=CARTESIAN_POINT('',(-1.8,1.3,0.0));
#2535=DIRECTION('',(0.0,-1.0,0.0));
#2536=DIRECTION('',(0.0,0.0,-1.0));
#2537=ORIENTED_EDGE('',*,*,#3786,.T.);
#2538=ORIENTED_EDGE('',*,*,#3430,.F.);
#2539=ORIENTED_EDGE('',*,*,#3787,.F.);
#2540=ORIENTED_EDGE('',*,*,#3733,.T.);
#2541=CARTESIAN_POINT('',(1.8,2.25,0.0));
#2542=DIRECTION('',(-0.707106781186548,0.707106781186548,0.0));
#2543=DIRECTION('',(0.0,0.0,1.0));
#2544=ORIENTED_EDGE('',*,*,#3429,.T.);
#2545=ORIENTED_EDGE('',*,*,#3788,.T.);
#2546=ORIENTED_EDGE('',*,*,#3734,.F.);
#2547=ORIENTED_EDGE('',*,*,#3787,.T.);
#2548=CARTESIAN_POINT('',(1.8,1.3,0.0));
#2549=DIRECTION('',(1.0,0.0,0.0));
#2550=DIRECTION('',(0.0,1.0,0.0));
#2551=ORIENTED_EDGE('',*,*,#3789,.T.);
#2552=ORIENTED_EDGE('',*,*,#3735,.F.);
#2553=ORIENTED_EDGE('',*,*,#3788,.F.);
#2554=ORIENTED_EDGE('',*,*,#3428,.T.);
#2555=CARTESIAN_POINT('',(1.8,4.9,0.0));
#2556=DIRECTION('',(-0.0,1.0,0.0));
#2557=DIRECTION('',(1.0,0.0,0.0));
#2558=ORIENTED_EDGE('',*,*,#3736,.F.);
#2559=ORIENTED_EDGE('',*,*,#3789,.F.);
#2560=ORIENTED_EDGE('',*,*,#3427,.T.);
#2561=ORIENTED_EDGE('',*,*,#3784,.F.);
#2562=CARTESIAN_POINT('',(-1.8,4.9,0.0));
#2563=DIRECTION('',(-1.0,0.0,0.0));
#2564=DIRECTION('',(0.0,0.0,1.0));
#2565=ORIENTED_EDGE('',*,*,#3706,.F.);
#2566=ORIENTED_EDGE('',*,*,#3724,.F.);
#2567=ORIENTED_EDGE('',*,*,#3712,.F.);
#2568=ORIENTED_EDGE('',*,*,#3790,.T.);
#2569=CARTESIAN_POINT('',(-0.35,-3.15,-19.4));
#2570=DIRECTION('',(-0.884094940294909,-0.467307325584504,0.0));
#2571=DIRECTION('',(-0.467307325584504,0.884094940294909,0.0));
#2572=ORIENTED_EDGE('',*,*,#3711,.T.);
#2573=ORIENTED_EDGE('',*,*,#3709,.F.);
#2574=ORIENTED_EDGE('',*,*,#3707,.F.);
#2575=ORIENTED_EDGE('',*,*,#3790,.F.);
#2576=CARTESIAN_POINT('',(0.535,-3.5,-19.935));
#2577=DIRECTION('',(0.0,-1.0,0.0));
#2578=DIRECTION('',(0.0,0.0,-1.0));
#2579=ORIENTED_EDGE('',*,*,#3791,.F.);
#2580=ORIENTED_EDGE('',*,*,#3792,.T.);
#2581=ORIENTED_EDGE('',*,*,#3793,.F.);
#2582=ORIENTED_EDGE('',*,*,#3794,.T.);
#2583=CARTESIAN_POINT('',(-3.665,0.0,0.0));
#2584=DIRECTION('',(-1.0,0.0,0.0));
#2585=DIRECTION('',(0.0,0.0,1.0));
#2586=ORIENTED_EDGE('',*,*,#3795,.F.);
#2587=ORIENTED_EDGE('',*,*,#3796,.F.);
#2588=ORIENTED_EDGE('',*,*,#3797,.F.);
#2589=ORIENTED_EDGE('',*,*,#3554,.F.);
#2590=ORIENTED_EDGE('',*,*,#3798,.F.);
#2591=ORIENTED_EDGE('',*,*,#3799,.F.);
#2592=ORIENTED_EDGE('',*,*,#3800,.F.);
#2593=ORIENTED_EDGE('',*,*,#3801,.T.);
#2594=CARTESIAN_POINT('',(-3.665,0.0,0.0));
#2595=DIRECTION('',(-1.0,0.0,0.0));
#2596=DIRECTION('',(0.0,0.0,1.0));
#2597=ORIENTED_EDGE('',*,*,#3802,.F.);
#2598=ORIENTED_EDGE('',*,*,#3803,.T.);
#2599=ORIENTED_EDGE('',*,*,#3804,.T.);
#2600=ORIENTED_EDGE('',*,*,#3794,.F.);
#2601=CARTESIAN_POINT('',(-3.85,7.5,-4.15));
#2602=DIRECTION('',(0.884094940294909,0.0,0.467307325584504));
#2603=DIRECTION('',(0.0,-1.0,0.0));
#2604=ORIENTED_EDGE('',*,*,#3804,.F.);
#2605=ORIENTED_EDGE('',*,*,#3805,.F.);
#2606=ORIENTED_EDGE('',*,*,#3806,.T.);
#2607=ORIENTED_EDGE('',*,*,#3807,.T.);
#2608=CARTESIAN_POINT('',(-4.2,7.15,-4.15));
#2609=DIRECTION('',(0.0,-0.884094940294909,0.467307325584504));
#2610=DIRECTION('',(-1.0,0.0,0.0));
#2611=ORIENTED_EDGE('',*,*,#3808,.F.);
#2612=ORIENTED_EDGE('',*,*,#3809,.F.);
#2613=ORIENTED_EDGE('',*,*,#3798,.T.);
#2614=ORIENTED_EDGE('',*,*,#3553,.T.);
#2615=CARTESIAN_POINT('',(-3.665,6.965,-17.845));
#2616=DIRECTION('',(0.0,-1.0,0.0));
#2617=DIRECTION('',(0.0,0.0,-1.0));
#2618=ORIENTED_EDGE('',*,*,#3810,.F.);
#2619=ORIENTED_EDGE('',*,*,#3811,.F.);
#2620=ORIENTED_EDGE('',*,*,#3791,.T.);
#2621=ORIENTED_EDGE('',*,*,#3807,.F.);
#2622=CARTESIAN_POINT('',(-3.665,6.965,-17.845));
#2623=DIRECTION('',(0.0,-1.0,0.0));
#2624=DIRECTION('',(0.0,0.0,-1.0));
#2625=ORIENTED_EDGE('',*,*,#3809,.T.);
#2626=ORIENTED_EDGE('',*,*,#3812,.F.);
#2627=ORIENTED_EDGE('',*,*,#3813,.F.);
#2628=ORIENTED_EDGE('',*,*,#3799,.T.);
#2629=CARTESIAN_POINT('',(-3.665,5.945,-17.845));
#2630=DIRECTION('',(1.0,-0.0,0.0));
#2631=DIRECTION('',(0.0,0.0,1.0));
#2632=ORIENTED_EDGE('',*,*,#3800,.T.);
#2633=ORIENTED_EDGE('',*,*,#3813,.T.);
#2634=ORIENTED_EDGE('',*,*,#3814,.F.);
#2635=ORIENTED_EDGE('',*,*,#3815,.T.);
#2636=CARTESIAN_POINT('',(-3.665,-3.5,-18.865));
#2637=DIRECTION('',(0.0,0.0,1.0));
#2638=DIRECTION('',(1.0,0.0,0.0));
#2639=ORIENTED_EDGE('',*,*,#3816,.T.);
#2640=ORIENTED_EDGE('',*,*,#3817,.T.);
#2641=ORIENTED_EDGE('',*,*,#3818,.T.);
#2642=ORIENTED_EDGE('',*,*,#3815,.F.);
#2643=CARTESIAN_POINT('',(-4.2,-3.15,-19.05));
#2644=DIRECTION('',(0.0,-0.467307325584504,0.884094940294909));
#2645=DIRECTION('',(-1.0,0.0,0.0));
#2646=ORIENTED_EDGE('',*,*,#3818,.F.);
#2647=ORIENTED_EDGE('',*,*,#3819,.T.);
#2648=ORIENTED_EDGE('',*,*,#3820,.T.);
#2649=ORIENTED_EDGE('',*,*,#3801,.F.);
#2650=CARTESIAN_POINT('',(-3.85,-3.15,-19.4));
#2651=DIRECTION('',(0.884094940294909,-0.467307325584504,0.0));
#2652=DIRECTION('',(0.0,0.0,-1.0));
#2653=ORIENTED_EDGE('',*,*,#3820,.F.);
#2654=ORIENTED_EDGE('',*,*,#3821,.F.);
#2655=ORIENTED_EDGE('',*,*,#3822,.T.);
#2656=ORIENTED_EDGE('',*,*,#3823,.T.);
#2657=CARTESIAN_POINT('',(-4.2,-3.15,-19.75));
#2658=DIRECTION('',(0.0,-0.467307325584504,-0.884094940294909));
#2659=DIRECTION('',(0.0,-0.884094940294909,0.467307325584504));
#2660=ORIENTED_EDGE('',*,*,#3824,.F.);
#2661=ORIENTED_EDGE('',*,*,#3825,.F.);
#2662=ORIENTED_EDGE('',*,*,#3795,.T.);
#2663=ORIENTED_EDGE('',*,*,#3823,.F.);
#2664=CARTESIAN_POINT('',(-3.665,5.945,-19.935));
#2665=DIRECTION('',(0.0,0.0,-1.0));
#2666=DIRECTION('',(0.0,-1.0,0.0));
#2667=ORIENTED_EDGE('',*,*,#3825,.T.);
#2668=ORIENTED_EDGE('',*,*,#3826,.F.);
#2669=ORIENTED_EDGE('',*,*,#3827,.F.);
#2670=ORIENTED_EDGE('',*,*,#3796,.T.);
#2671=CARTESIAN_POINT('',(-3.665,5.945,-17.845));
#2672=DIRECTION('',(1.0,-0.0,0.0));
#2673=DIRECTION('',(0.0,0.0,1.0));
#2674=ORIENTED_EDGE('',*,*,#3797,.T.);
#2675=ORIENTED_EDGE('',*,*,#3827,.T.);
#2676=ORIENTED_EDGE('',*,*,#3828,.F.);
#2677=ORIENTED_EDGE('',*,*,#3551,.F.);
#2678=CARTESIAN_POINT('',(-3.665,8.035,-3.8));
#2679=DIRECTION('',(-0.0,1.0,0.0));
#2680=DIRECTION('',(1.0,0.0,0.0));
#2681=ORIENTED_EDGE('',*,*,#3793,.T.);
#2682=ORIENTED_EDGE('',*,*,#3829,.T.);
#2683=ORIENTED_EDGE('',*,*,#3830,.F.);
#2684=ORIENTED_EDGE('',*,*,#3831,.T.);
#2685=CARTESIAN_POINT('',(-3.665,8.035,-3.8));
#2686=DIRECTION('',(-0.0,1.0,0.0));
#2687=DIRECTION('',(1.0,0.0,0.0));
#2688=ORIENTED_EDGE('',*,*,#3830,.T.);
#2689=ORIENTED_EDGE('',*,*,#3832,.F.);
#2690=ORIENTED_EDGE('',*,*,#3810,.T.);
#2691=ORIENTED_EDGE('',*,*,#3833,.T.);
#2692=CARTESIAN_POINT('',(-4.735,0.0,0.0));
#2693=DIRECTION('',(-1.0,0.0,0.0));
#2694=DIRECTION('',(0.0,0.0,1.0));
#2695=ORIENTED_EDGE('',*,*,#3814,.T.);
#2696=ORIENTED_EDGE('',*,*,#3812,.T.);
#2697=ORIENTED_EDGE('',*,*,#3808,.T.);
#2698=ORIENTED_EDGE('',*,*,#3552,.T.);
#2699=ORIENTED_EDGE('',*,*,#3828,.T.);
#2700=ORIENTED_EDGE('',*,*,#3826,.T.);
#2701=ORIENTED_EDGE('',*,*,#3824,.T.);
#2702=ORIENTED_EDGE('',*,*,#3834,.T.);
#2703=CARTESIAN_POINT('',(-4.735,0.0,0.0));
#2704=DIRECTION('',(-1.0,0.0,0.0));
#2705=DIRECTION('',(0.0,0.0,1.0));
#2706=ORIENTED_EDGE('',*,*,#3835,.T.);
#2707=ORIENTED_EDGE('',*,*,#3833,.F.);
#2708=ORIENTED_EDGE('',*,*,#3806,.F.);
#2709=ORIENTED_EDGE('',*,*,#3836,.T.);
#2710=CARTESIAN_POINT('',(-4.55,7.5,-4.15));
#2711=DIRECTION('',(-0.884094940294909,0.0,0.467307325584504));
#2712=DIRECTION('',(0.0,1.0,0.0));
#2713=ORIENTED_EDGE('',*,*,#3805,.T.);
#2714=ORIENTED_EDGE('',*,*,#3803,.F.);
#2715=ORIENTED_EDGE('',*,*,#3837,.F.);
#2716=ORIENTED_EDGE('',*,*,#3836,.F.);
#2717=CARTESIAN_POINT('',(-3.665,6.965,-3.8));
#2718=DIRECTION('',(0.0,0.0,1.0));
#2719=DIRECTION('',(1.0,0.0,0.0));
#2720=ORIENTED_EDGE('',*,*,#3835,.F.);
#2721=ORIENTED_EDGE('',*,*,#3837,.T.);
#2722=ORIENTED_EDGE('',*,*,#3802,.T.);
#2723=ORIENTED_EDGE('',*,*,#3831,.F.);
#2724=CARTESIAN_POINT('',(-4.2,7.85,-4.15));
#2725=DIRECTION('',(0.0,0.884094940294909,0.467307325584504));
#2726=DIRECTION('',(1.0,0.0,-0.0));
#2727=ORIENTED_EDGE('',*,*,#3838,.T.);
#2728=ORIENTED_EDGE('',*,*,#3839,.T.);
#2729=ORIENTED_EDGE('',*,*,#3840,.T.);
#2730=ORIENTED_EDGE('',*,*,#3841,.T.);
#2731=ORIENTED_EDGE('',*,*,#3811,.T.);
#2732=ORIENTED_EDGE('',*,*,#3832,.T.);
#2733=ORIENTED_EDGE('',*,*,#3829,.F.);
#2734=ORIENTED_EDGE('',*,*,#3792,.F.);
#2735=CARTESIAN_POINT('',(0.0,0.0,-9.1));
#2736=DIRECTION('',(0.0,0.0,1.0));
#2737=DIRECTION('',(1.0,0.0,0.0));
#2738=ORIENTED_EDGE('',*,*,#3842,.T.);
#2739=ORIENTED_EDGE('',*,*,#3843,.T.);
#2740=ORIENTED_EDGE('',*,*,#3844,.T.);
#2741=ORIENTED_EDGE('',*,*,#3845,.F.);
#2742=ORIENTED_EDGE('',*,*,#3846,.T.);
#2743=ORIENTED_EDGE('',*,*,#3847,.F.);
#2744=ORIENTED_EDGE('',*,*,#3848,.T.);
#2745=ORIENTED_EDGE('',*,*,#3849,.T.);
#2746=ORIENTED_EDGE('',*,*,#3850,.F.);
#2747=ORIENTED_EDGE('',*,*,#3851,.F.);
#2748=CARTESIAN_POINT('',(0.0,0.0,-9.1));
#2749=DIRECTION('',(0.0,0.0,1.0));
#2750=DIRECTION('',(1.0,0.0,0.0));
#2751=ORIENTED_EDGE('',*,*,#3852,.T.);
#2752=ORIENTED_EDGE('',*,*,#3841,.F.);
#2753=ORIENTED_EDGE('',*,*,#3853,.F.);
#2754=ORIENTED_EDGE('',*,*,#3419,.T.);
#2755=CARTESIAN_POINT('',(-6.0,9.1,0.0));
#2756=DIRECTION('',(-1.0,0.0,0.0));
#2757=DIRECTION('',(0.0,0.0,1.0));
#2758=ORIENTED_EDGE('',*,*,#3853,.T.);
#2759=ORIENTED_EDGE('',*,*,#3840,.F.);
#2760=ORIENTED_EDGE('',*,*,#3854,.F.);
#2761=ORIENTED_EDGE('',*,*,#3416,.T.);
#2762=CARTESIAN_POINT('',(-2.4,9.1,0.0));
#2763=DIRECTION('',(-0.0,1.0,0.0));
#2764=DIRECTION('',(1.0,0.0,0.0));
#2765=ORIENTED_EDGE('',*,*,#3854,.T.);
#2766=ORIENTED_EDGE('',*,*,#3839,.F.);
#2767=ORIENTED_EDGE('',*,*,#3855,.F.);
#2768=ORIENTED_EDGE('',*,*,#3417,.T.);
#2769=CARTESIAN_POINT('',(-2.4,5.5,0.0));
#2770=DIRECTION('',(1.0,0.0,0.0));
#2771=DIRECTION('',(0.0,1.0,0.0));
#2772=ORIENTED_EDGE('',*,*,#3855,.T.);
#2773=ORIENTED_EDGE('',*,*,#3838,.F.);
#2774=ORIENTED_EDGE('',*,*,#3852,.F.);
#2775=ORIENTED_EDGE('',*,*,#3418,.T.);
#2776=CARTESIAN_POINT('',(-6.0,5.5,0.0));
#2777=DIRECTION('',(0.0,-1.0,0.0));
#2778=DIRECTION('',(0.0,0.0,-1.0));
#2779=ORIENTED_EDGE('',*,*,#3856,.F.);
#2780=ORIENTED_EDGE('',*,*,#3851,.T.);
#2781=ORIENTED_EDGE('',*,*,#3857,.F.);
#2782=ORIENTED_EDGE('',*,*,#3858,.T.);
#2783=CARTESIAN_POINT('',(-3.665,0.0,0.0));
#2784=DIRECTION('',(-1.0,0.0,0.0));
#2785=DIRECTION('',(0.0,0.0,1.0));
#2786=ORIENTED_EDGE('',*,*,#3859,.F.);
#2787=ORIENTED_EDGE('',*,*,#3860,.F.);
#2788=ORIENTED_EDGE('',*,*,#3566,.F.);
#2789=ORIENTED_EDGE('',*,*,#3861,.F.);
#2790=ORIENTED_EDGE('',*,*,#3862,.F.);
#2791=ORIENTED_EDGE('',*,*,#3863,.T.);
#2792=CARTESIAN_POINT('',(-3.665,0.0,0.0));
#2793=DIRECTION('',(-1.0,0.0,0.0));
#2794=DIRECTION('',(0.0,0.0,1.0));
#2795=ORIENTED_EDGE('',*,*,#3864,.F.);
#2796=ORIENTED_EDGE('',*,*,#3865,.T.);
#2797=ORIENTED_EDGE('',*,*,#3866,.T.);
#2798=ORIENTED_EDGE('',*,*,#3858,.F.);
#2799=CARTESIAN_POINT('',(-3.85,3.3,-4.15));
#2800=DIRECTION('',(0.884094940294909,0.0,0.467307325584504));
#2801=DIRECTION('',(0.0,-1.0,0.0));
#2802=ORIENTED_EDGE('',*,*,#3866,.F.);
#2803=ORIENTED_EDGE('',*,*,#3867,.F.);
#2804=ORIENTED_EDGE('',*,*,#3868,.T.);
#2805=ORIENTED_EDGE('',*,*,#3869,.T.);
#2806=CARTESIAN_POINT('',(-4.2,2.95,-4.15));
#2807=DIRECTION('',(0.0,-0.884094940294909,0.467307325584504));
#2808=DIRECTION('',(-1.0,0.0,0.0));
#2809=ORIENTED_EDGE('',*,*,#3870,.F.);
#2810=ORIENTED_EDGE('',*,*,#3848,.F.);
#2811=ORIENTED_EDGE('',*,*,#3856,.T.);
#2812=ORIENTED_EDGE('',*,*,#3869,.F.);
#2813=CARTESIAN_POINT('',(-3.665,2.765,-12.345));
#2814=DIRECTION('',(0.0,-1.0,0.0));
#2815=DIRECTION('',(0.0,0.0,-1.0));
#2816=ORIENTED_EDGE('',*,*,#3871,.T.);
#2817=ORIENTED_EDGE('',*,*,#3849,.F.);
#2818=ORIENTED_EDGE('',*,*,#3870,.T.);
#2819=ORIENTED_EDGE('',*,*,#3872,.T.);
#2820=CARTESIAN_POINT('',(-4.735,0.0,0.0));
#2821=DIRECTION('',(-1.0,0.0,0.0));
#2822=DIRECTION('',(0.0,0.0,1.0));
#2823=ORIENTED_EDGE('',*,*,#3873,.T.);
#2824=ORIENTED_EDGE('',*,*,#3874,.T.);
#2825=ORIENTED_EDGE('',*,*,#3564,.T.);
#2826=ORIENTED_EDGE('',*,*,#3875,.T.);
#2827=ORIENTED_EDGE('',*,*,#3876,.T.);
#2828=ORIENTED_EDGE('',*,*,#3877,.T.);
#2829=CARTESIAN_POINT('',(-4.735,0.0,0.0));
#2830=DIRECTION('',(-1.0,0.0,0.0));
#2831=DIRECTION('',(0.0,0.0,1.0));
#2832=ORIENTED_EDGE('',*,*,#3878,.T.);
#2833=ORIENTED_EDGE('',*,*,#3872,.F.);
#2834=ORIENTED_EDGE('',*,*,#3868,.F.);
#2835=ORIENTED_EDGE('',*,*,#3879,.T.);
#2836=CARTESIAN_POINT('',(-4.55,3.3,-4.15));
#2837=DIRECTION('',(-0.884094940294909,0.0,0.467307325584504));
#2838=DIRECTION('',(0.0,1.0,0.0));
#2839=ORIENTED_EDGE('',*,*,#3879,.F.);
#2840=ORIENTED_EDGE('',*,*,#3867,.T.);
#2841=ORIENTED_EDGE('',*,*,#3865,.F.);
#2842=ORIENTED_EDGE('',*,*,#3880,.F.);
#2843=CARTESIAN_POINT('',(-3.665,2.765,-3.8));
#2844=DIRECTION('',(0.0,0.0,1.0));
#2845=DIRECTION('',(1.0,0.0,0.0));
#2846=ORIENTED_EDGE('',*,*,#3878,.F.);
#2847=ORIENTED_EDGE('',*,*,#3880,.T.);
#2848=ORIENTED_EDGE('',*,*,#3864,.T.);
#2849=ORIENTED_EDGE('',*,*,#3881,.F.);
#2850=CARTESIAN_POINT('',(-4.2,3.65,-4.15));
#2851=DIRECTION('',(0.0,0.884094940294909,0.467307325584504));
#2852=DIRECTION('',(1.0,0.0,-0.0));
#2853=ORIENTED_EDGE('',*,*,#3857,.T.);
#2854=ORIENTED_EDGE('',*,*,#3850,.T.);
#2855=ORIENTED_EDGE('',*,*,#3871,.F.);
#2856=ORIENTED_EDGE('',*,*,#3881,.T.);
#2857=CARTESIAN_POINT('',(-3.665,3.835,-3.8));
#2858=DIRECTION('',(-0.0,1.0,0.0));
#2859=DIRECTION('',(1.0,0.0,0.0));
#2860=ORIENTED_EDGE('',*,*,#3882,.F.);
#2861=ORIENTED_EDGE('',*,*,#3877,.F.);
#2862=ORIENTED_EDGE('',*,*,#3883,.F.);
#2863=ORIENTED_EDGE('',*,*,#3884,.T.);
#2864=CARTESIAN_POINT('',(-4.55,-3.15,-13.9));
#2865=DIRECTION('',(-0.884094940294909,-0.467307325584504,0.0));
#2866=DIRECTION('',(-0.467307325584504,0.884094940294909,0.0));
#2867=ORIENTED_EDGE('',*,*,#3884,.F.);
#2868=ORIENTED_EDGE('',*,*,#3885,.T.);
#2869=ORIENTED_EDGE('',*,*,#3886,.F.);
#2870=ORIENTED_EDGE('',*,*,#3887,.F.);
#2871=CARTESIAN_POINT('',(-3.665,-3.5,-14.435));
#2872=DIRECTION('',(0.0,-1.0,0.0));
#2873=DIRECTION('',(0.0,0.0,-1.0));
#2874=ORIENTED_EDGE('',*,*,#3882,.T.);
#2875=ORIENTED_EDGE('',*,*,#3887,.T.);
#2876=ORIENTED_EDGE('',*,*,#3888,.T.);
#2877=ORIENTED_EDGE('',*,*,#3889,.F.);
#2878=CARTESIAN_POINT('',(-4.2,-3.15,-13.55));
#2879=DIRECTION('',(0.0,-0.467307325584504,0.884094940294909));
#2880=DIRECTION('',(-1.0,0.0,0.0));
#2881=ORIENTED_EDGE('',*,*,#3862,.T.);
#2882=ORIENTED_EDGE('',*,*,#3890,.T.);
#2883=ORIENTED_EDGE('',*,*,#3873,.F.);
#2884=ORIENTED_EDGE('',*,*,#3889,.T.);
#2885=CARTESIAN_POINT('',(-3.665,-3.5,-13.365));
#2886=DIRECTION('',(0.0,0.0,1.0));
#2887=DIRECTION('',(1.0,0.0,0.0));
#2888=ORIENTED_EDGE('',*,*,#3874,.F.);
#2889=ORIENTED_EDGE('',*,*,#3890,.F.);
#2890=ORIENTED_EDGE('',*,*,#3861,.T.);
#2891=ORIENTED_EDGE('',*,*,#3565,.T.);
#2892=CARTESIAN_POINT('',(-3.665,1.745,-12.345));
#2893=DIRECTION('',(1.0,-0.0,0.0));
#2894=DIRECTION('',(0.0,0.0,1.0));
#2895=ORIENTED_EDGE('',*,*,#3888,.F.);
#2896=ORIENTED_EDGE('',*,*,#3886,.T.);
#2897=ORIENTED_EDGE('',*,*,#3891,.T.);
#2898=ORIENTED_EDGE('',*,*,#3863,.F.);
#2899=CARTESIAN_POINT('',(-3.85,-3.15,-13.9));
#2900=DIRECTION('',(0.884094940294909,-0.467307325584504,0.0));
#2901=DIRECTION('',(0.0,0.0,-1.0));
#2902=ORIENTED_EDGE('',*,*,#3891,.F.);
#2903=ORIENTED_EDGE('',*,*,#3885,.F.);
#2904=ORIENTED_EDGE('',*,*,#3883,.T.);
#2905=ORIENTED_EDGE('',*,*,#3892,.T.);
#2906=CARTESIAN_POINT('',(-4.2,-3.15,-14.25));
#2907=DIRECTION('',(0.0,-0.467307325584504,-0.884094940294909));
#2908=DIRECTION('',(0.0,-0.884094940294909,0.467307325584504));
#2909=ORIENTED_EDGE('',*,*,#3876,.F.);
#2910=ORIENTED_EDGE('',*,*,#3893,.F.);
#2911=ORIENTED_EDGE('',*,*,#3859,.T.);
#2912=ORIENTED_EDGE('',*,*,#3892,.F.);
#2913=CARTESIAN_POINT('',(-3.665,1.745,-14.435));
#2914=DIRECTION('',(0.0,0.0,-1.0));
#2915=DIRECTION('',(0.0,-1.0,0.0));
#2916=ORIENTED_EDGE('',*,*,#3860,.T.);
#2917=ORIENTED_EDGE('',*,*,#3893,.T.);
#2918=ORIENTED_EDGE('',*,*,#3875,.F.);
#2919=ORIENTED_EDGE('',*,*,#3563,.F.);
#2920=CARTESIAN_POINT('',(-3.665,1.745,-12.345));
#2921=DIRECTION('',(1.0,-0.0,0.0));
#2922=DIRECTION('',(0.0,0.0,1.0));
#2923=ORIENTED_EDGE('',*,*,#3894,.T.);
#2924=ORIENTED_EDGE('',*,*,#3434,.F.);
#2925=ORIENTED_EDGE('',*,*,#3895,.F.);
#2926=ORIENTED_EDGE('',*,*,#3847,.T.);
#2927=CARTESIAN_POINT('',(-2.4,2.25,0.0));
#2928=DIRECTION('',(-0.707106781186548,0.707106781186548,0.0));
#2929=DIRECTION('',(0.0,0.0,1.0));
#2930=ORIENTED_EDGE('',*,*,#3433,.T.);
#2931=ORIENTED_EDGE('',*,*,#3896,.T.);
#2932=ORIENTED_EDGE('',*,*,#3842,.F.);
#2933=ORIENTED_EDGE('',*,*,#3895,.T.);
#2934=CARTESIAN_POINT('',(-2.4,1.3,0.0));
#2935=DIRECTION('',(1.0,0.0,0.0));
#2936=DIRECTION('',(0.0,1.0,0.0));
#2937=ORIENTED_EDGE('',*,*,#3897,.T.);
#2938=ORIENTED_EDGE('',*,*,#3843,.F.);
#2939=ORIENTED_EDGE('',*,*,#3896,.F.);
#2940=ORIENTED_EDGE('',*,*,#3432,.T.);
#2941=CARTESIAN_POINT('',(-2.4,4.9,0.0));
#2942=DIRECTION('',(-0.0,1.0,0.0));
#2943=DIRECTION('',(1.0,0.0,0.0));
#2944=ORIENTED_EDGE('',*,*,#3844,.F.);
#2945=ORIENTED_EDGE('',*,*,#3897,.F.);
#2946=ORIENTED_EDGE('',*,*,#3437,.T.);
#2947=ORIENTED_EDGE('',*,*,#3898,.F.);
#2948=CARTESIAN_POINT('',(-6.0,4.9,0.0));
#2949=DIRECTION('',(-1.0,0.0,0.0));
#2950=DIRECTION('',(0.0,0.0,1.0));
#2951=ORIENTED_EDGE('',*,*,#3898,.T.);
#2952=ORIENTED_EDGE('',*,*,#3436,.F.);
#2953=ORIENTED_EDGE('',*,*,#3899,.F.);
#2954=ORIENTED_EDGE('',*,*,#3845,.T.);
#2955=CARTESIAN_POINT('',(-5.05,1.3,0.0));
#2956=DIRECTION('',(0.707106781186548,0.707106781186548,0.0));
#2957=DIRECTION('',(0.0,0.0,-1.0));
#2958=ORIENTED_EDGE('',*,*,#3846,.F.);
#2959=ORIENTED_EDGE('',*,*,#3899,.T.);
#2960=ORIENTED_EDGE('',*,*,#3435,.T.);
#2961=ORIENTED_EDGE('',*,*,#3894,.F.);
#2962=CARTESIAN_POINT('',(-6.0,1.3,0.0));
#2963=DIRECTION('',(0.0,-1.0,0.0));
#2964=DIRECTION('',(0.0,0.0,-1.0));
#2965=ORIENTED_EDGE('',*,*,#3816,.F.);
#2966=ORIENTED_EDGE('',*,*,#3834,.F.);
#2967=ORIENTED_EDGE('',*,*,#3822,.F.);
#2968=ORIENTED_EDGE('',*,*,#3900,.T.);
#2969=CARTESIAN_POINT('',(-4.55,-3.15,-19.4));
#2970=DIRECTION('',(-0.884094940294909,-0.467307325584504,0.0));
#2971=DIRECTION('',(-0.467307325584504,0.884094940294909,0.0));
#2972=ORIENTED_EDGE('',*,*,#3821,.T.);
#2973=ORIENTED_EDGE('',*,*,#3819,.F.);
#2974=ORIENTED_EDGE('',*,*,#3817,.F.);
#2975=ORIENTED_EDGE('',*,*,#3900,.F.);
#2976=CARTESIAN_POINT('',(-3.665,-3.5,-19.935));
#2977=DIRECTION('',(0.0,-1.0,0.0));
#2978=DIRECTION('',(0.0,0.0,-1.0));
#2979=ORIENTED_EDGE('',*,*,#3536,.F.);
#2980=ORIENTED_EDGE('',*,*,#3901,.F.);
#2981=ORIENTED_EDGE('',*,*,#3402,.T.);
#2982=ORIENTED_EDGE('',*,*,#3902,.F.);
#2983=CARTESIAN_POINT('',(6.9,10.0,0.0));
#2984=DIRECTION('',(1.0,0.0,0.0));
#2985=DIRECTION('',(0.0,1.0,0.0));
#2986=ORIENTED_EDGE('',*,*,#3376,.T.);
#2987=ORIENTED_EDGE('',*,*,#3544,.F.);
#2988=ORIENTED_EDGE('',*,*,#3903,.T.);
#2989=ORIENTED_EDGE('',*,*,#3404,.T.);
#2990=ORIENTED_EDGE('',*,*,#3380,.T.);
#2991=ORIENTED_EDGE('',*,*,#3546,.F.);
#2992=ORIENTED_EDGE('',*,*,#3904,.F.);
#2993=ORIENTED_EDGE('',*,*,#3905,.T.);
#2994=CARTESIAN_POINT('',(6.9,10.0,0.0));
#2995=DIRECTION('',(1.0,0.0,0.0));
#2996=DIRECTION('',(0.0,1.0,0.0));
#2997=ORIENTED_EDGE('',*,*,#3537,.F.);
#2998=ORIENTED_EDGE('',*,*,#3902,.T.);
#2999=ORIENTED_EDGE('',*,*,#3401,.F.);
#3000=ORIENTED_EDGE('',*,*,#3484,.F.);
#3001=CARTESIAN_POINT('',(6.5,0.8,-12.815648));
#3002=DIRECTION('',(0.0,0.0,-1.0));
#3003=DIRECTION('',(1.0,0.0,0.0));
#3004=ORIENTED_EDGE('',*,*,#3378,.T.);
#3005=ORIENTED_EDGE('',*,*,#3403,.T.);
#3006=ORIENTED_EDGE('',*,*,#3901,.T.);
#3007=ORIENTED_EDGE('',*,*,#3535,.F.);
#3008=CARTESIAN_POINT('',(6.9,2.75,0.0));
#3009=DIRECTION('',(0.0,0.0,1.0));
#3010=DIRECTION('',(-1.0,0.0,0.0));
#3011=ORIENTED_EDGE('',*,*,#3377,.F.);
#3012=ORIENTED_EDGE('',*,*,#3905,.F.);
#3013=ORIENTED_EDGE('',*,*,#3906,.F.);
#3014=CARTESIAN_POINT('',(0.0,0.0,-4.8));
#3015=DIRECTION('',(0.0,0.0,-1.0));
#3016=DIRECTION('',(0.0,-1.0,0.0));
#3017=ORIENTED_EDGE('',*,*,#3374,.T.);
#3018=ORIENTED_EDGE('',*,*,#3906,.T.);
#3019=ORIENTED_EDGE('',*,*,#3904,.T.);
#3020=ORIENTED_EDGE('',*,*,#3545,.F.);
#3021=CARTESIAN_POINT('',(6.9,8.8,-12.8));
#3022=DIRECTION('',(0.0,0.0,1.0));
#3023=DIRECTION('',(-1.0,0.0,0.0));
#3024=ORIENTED_EDGE('',*,*,#3543,.F.);
#3025=ORIENTED_EDGE('',*,*,#3446,.T.);
#3026=ORIENTED_EDGE('',*,*,#3405,.F.);
#3027=ORIENTED_EDGE('',*,*,#3903,.F.);
#3028=CARTESIAN_POINT('',(6.5,9.6,-12.815648));
#3029=DIRECTION('',(0.0,0.0,-1.0));
#3030=DIRECTION('',(0.0,1.0,0.0));
#3031=ORIENTED_EDGE('',*,*,#3542,.T.);
#3032=ORIENTED_EDGE('',*,*,#3907,.T.);
#3033=ORIENTED_EDGE('',*,*,#3908,.F.);
#3034=ORIENTED_EDGE('',*,*,#3486,.F.);
#3035=CARTESIAN_POINT('',(-5.7,0.0,-2.0));
#3036=DIRECTION('',(-1.0,0.0,0.0));
#3037=DIRECTION('',(0.0,0.0,1.0));
#3038=ORIENTED_EDGE('',*,*,#3908,.T.);
#3039=ORIENTED_EDGE('',*,*,#3909,.T.);
#3040=ORIENTED_EDGE('',*,*,#3533,.F.);
#3041=ORIENTED_EDGE('',*,*,#3487,.T.);
#3042=CARTESIAN_POINT('',(-4.81,0.0,-2.0));
#3043=DIRECTION('',(0.0,0.0,1.0));
#3044=DIRECTION('',(1.0,0.0,0.0));
#3045=ORIENTED_EDGE('',*,*,#3910,.T.);
#3046=ORIENTED_EDGE('',*,*,#3911,.F.);
#3047=ORIENTED_EDGE('',*,*,#3539,.F.);
#3048=ORIENTED_EDGE('',*,*,#3912,.F.);
#3049=ORIENTED_EDGE('',*,*,#3913,.F.);
#3050=ORIENTED_EDGE('',*,*,#3914,.F.);
#3051=ORIENTED_EDGE('',*,*,#3915,.T.);
#3052=ORIENTED_EDGE('',*,*,#3916,.F.);
#3053=ORIENTED_EDGE('',*,*,#3357,.F.);
#3054=ORIENTED_EDGE('',*,*,#3917,.F.);
#3055=ORIENTED_EDGE('',*,*,#3918,.F.);
#3056=CARTESIAN_POINT('',(0.0,0.0,0.0));
#3057=DIRECTION('',(0.0,-1.0,0.0));
#3058=DIRECTION('',(0.0,0.0,-1.0));
#3059=ORIENTED_EDGE('',*,*,#3919,.T.);
#3060=ORIENTED_EDGE('',*,*,#3920,.T.);
#3061=ORIENTED_EDGE('',*,*,#3355,.T.);
#3062=ORIENTED_EDGE('',*,*,#3921,.T.);
#3063=ORIENTED_EDGE('',*,*,#3502,.F.);
#3064=ORIENTED_EDGE('',*,*,#3534,.F.);
#3065=ORIENTED_EDGE('',*,*,#3909,.F.);
#3066=ORIENTED_EDGE('',*,*,#3907,.F.);
#3067=ORIENTED_EDGE('',*,*,#3541,.F.);
#3068=ORIENTED_EDGE('',*,*,#3531,.F.);
#3069=ORIENTED_EDGE('',*,*,#3529,.F.);
#3070=CARTESIAN_POINT('',(0.0,0.0,0.0));
#3071=DIRECTION('',(0.0,-1.0,0.0));
#3072=DIRECTION('',(0.0,0.0,-1.0));
#3073=ORIENTED_EDGE('',*,*,#3922,.F.);
#3074=ORIENTED_EDGE('',*,*,#3918,.T.);
#3075=ORIENTED_EDGE('',*,*,#3923,.T.);
#3076=ORIENTED_EDGE('',*,*,#3924,.T.);
#3077=CARTESIAN_POINT('',(5.37,0.4,-6.92));
#3078=DIRECTION('',(0.0,0.0,-1.0));
#3079=DIRECTION('',(0.0,-1.0,0.0));
#3080=ORIENTED_EDGE('',*,*,#3925,.F.);
#3081=ORIENTED_EDGE('',*,*,#3926,.F.);
#3082=ORIENTED_EDGE('',*,*,#3927,.F.);
#3083=ORIENTED_EDGE('',*,*,#3924,.F.);
#3084=ORIENTED_EDGE('',*,*,#3928,.T.);
#3085=ORIENTED_EDGE('',*,*,#3359,.T.);
#3086=ORIENTED_EDGE('',*,*,#3929,.F.);
#3087=CARTESIAN_POINT('',(4.2,-2.469998986219,-6.6));
#3088=DIRECTION('',(-0.0,1.0,0.0));
#3089=DIRECTION('',(0.0,0.0,-1.0));
#3090=ORIENTED_EDGE('',*,*,#3358,.F.);
#3091=ORIENTED_EDGE('',*,*,#3916,.T.);
#3092=ORIENTED_EDGE('',*,*,#3930,.T.);
#3093=ORIENTED_EDGE('',*,*,#3929,.T.);
#3094=CARTESIAN_POINT('',(5.639869785779,0.4,-6.28));
#3095=DIRECTION('',(0.0,0.0,1.0));
#3096=DIRECTION('',(1.0,0.0,0.0));
#3097=ORIENTED_EDGE('',*,*,#3931,.F.);
#3098=ORIENTED_EDGE('',*,*,#3925,.T.);
#3099=ORIENTED_EDGE('',*,*,#3930,.F.);
#3100=ORIENTED_EDGE('',*,*,#3915,.F.);
#3101=ORIENTED_EDGE('',*,*,#3932,.F.);
#3102=ORIENTED_EDGE('',*,*,#3479,.F.);
#3103=ORIENTED_EDGE('',*,*,#3933,.T.);
#3104=ORIENTED_EDGE('',*,*,#3934,.T.);
#3105=CARTESIAN_POINT('',(5.37,0.4,-5.43));
#3106=DIRECTION('',(0.0,1.0,-0.0));
#3107=DIRECTION('',(1.0,0.0,0.0));
#3108=ORIENTED_EDGE('',*,*,#3369,.T.);
#3109=ORIENTED_EDGE('',*,*,#3935,.F.);
#3110=ORIENTED_EDGE('',*,*,#3934,.F.);
#3111=ORIENTED_EDGE('',*,*,#3936,.F.);
#3112=ORIENTED_EDGE('',*,*,#3937,.T.);
#3113=CARTESIAN_POINT('',(4.2,-2.469998986219,-6.6));
#3114=DIRECTION('',(-0.0,1.0,0.0));
#3115=DIRECTION('',(0.0,0.0,-1.0));
#3116=ORIENTED_EDGE('',*,*,#3938,.F.);
#3117=ORIENTED_EDGE('',*,*,#3476,.T.);
#3118=ORIENTED_EDGE('',*,*,#3939,.T.);
#3119=ORIENTED_EDGE('',*,*,#3371,.T.);
#3120=CARTESIAN_POINT('',(3.88,0.4,-5.160130214221));
#3121=DIRECTION('',(-1.0,0.0,0.0));
#3122=DIRECTION('',(0.0,0.0,1.0));
#3123=ORIENTED_EDGE('',*,*,#3939,.F.);
#3124=ORIENTED_EDGE('',*,*,#3475,.F.);
#3125=ORIENTED_EDGE('',*,*,#3940,.T.);
#3126=ORIENTED_EDGE('',*,*,#3941,.T.);
#3127=ORIENTED_EDGE('',*,*,#3942,.F.);
#3128=ORIENTED_EDGE('',*,*,#3372,.T.);
#3129=CARTESIAN_POINT('',(3.03,0.4,-5.43));
#3130=DIRECTION('',(0.0,1.0,-0.0));
#3131=DIRECTION('',(1.0,0.0,0.0));
#3132=ORIENTED_EDGE('',*,*,#3942,.T.);
#3133=ORIENTED_EDGE('',*,*,#3943,.T.);
#3134=ORIENTED_EDGE('',*,*,#3944,.T.);
#3135=ORIENTED_EDGE('',*,*,#3365,.T.);
#3136=ORIENTED_EDGE('',*,*,#3945,.T.);
#3137=ORIENTED_EDGE('',*,*,#3946,.T.);
#3138=ORIENTED_EDGE('',*,*,#3926,.T.);
#3139=ORIENTED_EDGE('',*,*,#3931,.T.);
#3140=ORIENTED_EDGE('',*,*,#3935,.T.);
#3141=ORIENTED_EDGE('',*,*,#3373,.T.);
#3142=CARTESIAN_POINT('',(0.0,-2.87,0.0));
#3143=DIRECTION('',(0.0,-1.0,0.0));
#3144=DIRECTION('',(0.0,0.0,-1.0));
#3145=ORIENTED_EDGE('',*,*,#3947,.F.);
#3146=ORIENTED_EDGE('',*,*,#3467,.F.);
#3147=ORIENTED_EDGE('',*,*,#3948,.T.);
#3148=ORIENTED_EDGE('',*,*,#3910,.F.);
#3149=ORIENTED_EDGE('',*,*,#3922,.T.);
#3150=ORIENTED_EDGE('',*,*,#3927,.T.);
#3151=ORIENTED_EDGE('',*,*,#3946,.F.);
#3152=ORIENTED_EDGE('',*,*,#3949,.T.);
#3153=CARTESIAN_POINT('',(5.37,0.4,-7.77));
#3154=DIRECTION('',(0.0,1.0,-0.0));
#3155=DIRECTION('',(1.0,0.0,0.0));
#3156=ORIENTED_EDGE('',*,*,#3364,.T.);
#3157=ORIENTED_EDGE('',*,*,#3950,.T.);
#3158=ORIENTED_EDGE('',*,*,#3951,.F.);
#3159=ORIENTED_EDGE('',*,*,#3949,.F.);
#3160=ORIENTED_EDGE('',*,*,#3945,.F.);
#3161=CARTESIAN_POINT('',(4.2,-2.469998986219,-6.6));
#3162=DIRECTION('',(-0.0,1.0,0.0));
#3163=DIRECTION('',(0.0,0.0,-1.0));
#3164=ORIENTED_EDGE('',*,*,#3952,.F.);
#3165=ORIENTED_EDGE('',*,*,#3468,.T.);
#3166=ORIENTED_EDGE('',*,*,#3947,.T.);
#3167=ORIENTED_EDGE('',*,*,#3951,.T.);
#3168=CARTESIAN_POINT('',(4.52,0.4,-8.039869785779));
#3169=DIRECTION('',(1.0,0.0,0.0));
#3170=DIRECTION('',(0.0,1.0,0.0));
#3171=ORIENTED_EDGE('',*,*,#3953,.F.);
#3172=ORIENTED_EDGE('',*,*,#3469,.T.);
#3173=ORIENTED_EDGE('',*,*,#3952,.T.);
#3174=ORIENTED_EDGE('',*,*,#3950,.F.);
#3175=ORIENTED_EDGE('',*,*,#3368,.F.);
#3176=CARTESIAN_POINT('',(4.2,0.4,-6.6));
#3177=DIRECTION('',(0.0,1.0,-0.0));
#3178=DIRECTION('',(1.0,0.0,0.0));
#3179=ORIENTED_EDGE('',*,*,#3954,.F.);
#3180=ORIENTED_EDGE('',*,*,#3470,.T.);
#3181=ORIENTED_EDGE('',*,*,#3953,.T.);
#3182=ORIENTED_EDGE('',*,*,#3367,.T.);
#3183=CARTESIAN_POINT('',(3.88,0.4,-7.77));
#3184=DIRECTION('',(-1.0,0.0,0.0));
#3185=DIRECTION('',(0.0,0.0,1.0));
#3186=ORIENTED_EDGE('',*,*,#3955,.F.);
#3187=ORIENTED_EDGE('',*,*,#3471,.F.);
#3188=ORIENTED_EDGE('',*,*,#3954,.T.);
#3189=ORIENTED_EDGE('',*,*,#3366,.T.);
#3190=ORIENTED_EDGE('',*,*,#3944,.F.);
#3191=ORIENTED_EDGE('',*,*,#3956,.T.);
#3192=CARTESIAN_POINT('',(3.03,0.4,-7.77));
#3193=DIRECTION('',(0.0,1.0,-0.0));
#3194=DIRECTION('',(1.0,0.0,0.0));
#3195=ORIENTED_EDGE('',*,*,#3956,.F.);
#3196=ORIENTED_EDGE('',*,*,#3943,.F.);
#3197=ORIENTED_EDGE('',*,*,#3941,.F.);
#3198=ORIENTED_EDGE('',*,*,#3957,.F.);
#3199=ORIENTED_EDGE('',*,*,#3361,.T.);
#3200=ORIENTED_EDGE('',*,*,#3958,.T.);
#3201=ORIENTED_EDGE('',*,*,#3959,.F.);
#3202=CARTESIAN_POINT('',(4.2,-2.469998986219,-6.6));
#3203=DIRECTION('',(-0.0,1.0,0.0));
#3204=DIRECTION('',(0.0,0.0,-1.0));
#3205=ORIENTED_EDGE('',*,*,#3960,.F.);
#3206=ORIENTED_EDGE('',*,*,#3472,.T.);
#3207=ORIENTED_EDGE('',*,*,#3955,.T.);
#3208=ORIENTED_EDGE('',*,*,#3959,.T.);
#3209=CARTESIAN_POINT('',(2.760130214221,0.4,-6.92));
#3210=DIRECTION('',(0.0,0.0,-1.0));
#3211=DIRECTION('',(0.0,-1.0,0.0));
#3212=ORIENTED_EDGE('',*,*,#3360,.T.);
#3213=ORIENTED_EDGE('',*,*,#3473,.T.);
#3214=ORIENTED_EDGE('',*,*,#3960,.T.);
#3215=ORIENTED_EDGE('',*,*,#3958,.F.);
#3216=CARTESIAN_POINT('',(4.2,0.4,-6.6));
#3217=DIRECTION('',(0.0,1.0,-0.0));
#3218=DIRECTION('',(1.0,0.0,0.0));
#3219=ORIENTED_EDGE('',*,*,#3940,.F.);
#3220=ORIENTED_EDGE('',*,*,#3474,.T.);
#3221=ORIENTED_EDGE('',*,*,#3362,.T.);
#3222=ORIENTED_EDGE('',*,*,#3957,.T.);
#3223=CARTESIAN_POINT('',(3.03,0.4,-6.28));
#3224=DIRECTION('',(0.0,0.0,1.0));
#3225=DIRECTION('',(1.0,0.0,0.0));
#3226=ORIENTED_EDGE('',*,*,#3466,.F.);
#3227=ORIENTED_EDGE('',*,*,#3540,.T.);
#3228=ORIENTED_EDGE('',*,*,#3911,.T.);
#3229=ORIENTED_EDGE('',*,*,#3948,.F.);
#3230=CARTESIAN_POINT('',(4.81,0.0,-2.0));
#3231=DIRECTION('',(-1.0,0.0,0.0));
#3232=DIRECTION('',(0.0,0.0,1.0));
#3233=ORIENTED_EDGE('',*,*,#3914,.T.);
#3234=ORIENTED_EDGE('',*,*,#3961,.F.);
#3235=ORIENTED_EDGE('',*,*,#3480,.F.);
#3236=ORIENTED_EDGE('',*,*,#3932,.T.);
#3237=CARTESIAN_POINT('',(4.81,0.0,-2.0));
#3238=DIRECTION('',(-1.0,0.0,0.0));
#3239=DIRECTION('',(0.0,0.0,1.0));
#3240=ORIENTED_EDGE('',*,*,#3961,.T.);
#3241=ORIENTED_EDGE('',*,*,#3913,.T.);
#3242=ORIENTED_EDGE('',*,*,#3962,.F.);
#3243=ORIENTED_EDGE('',*,*,#3481,.T.);
#3244=CARTESIAN_POINT('',(5.7,0.0,-2.0));
#3245=DIRECTION('',(0.0,0.0,1.0));
#3246=DIRECTION('',(1.0,0.0,0.0));
#3247=ORIENTED_EDGE('',*,*,#3962,.T.);
#3248=ORIENTED_EDGE('',*,*,#3912,.T.);
#3249=ORIENTED_EDGE('',*,*,#3538,.F.);
#3250=ORIENTED_EDGE('',*,*,#3482,.T.);
#3251=CARTESIAN_POINT('',(5.7,0.0,-12.8));
#3252=DIRECTION('',(1.0,0.0,0.0));
#3253=DIRECTION('',(0.0,1.0,0.0));
#3254=ORIENTED_EDGE('',*,*,#3963,.F.);
#3255=ORIENTED_EDGE('',*,*,#3477,.T.);
#3256=ORIENTED_EDGE('',*,*,#3938,.T.);
#3257=ORIENTED_EDGE('',*,*,#3370,.F.);
#3258=ORIENTED_EDGE('',*,*,#3937,.F.);
#3259=CARTESIAN_POINT('',(4.2,0.4,-6.6));
#3260=DIRECTION('',(0.0,1.0,-0.0));
#3261=DIRECTION('',(1.0,0.0,0.0));
#3262=ORIENTED_EDGE('',*,*,#3933,.F.);
#3263=ORIENTED_EDGE('',*,*,#3478,.T.);
#3264=ORIENTED_EDGE('',*,*,#3963,.T.);
#3265=ORIENTED_EDGE('',*,*,#3936,.T.);
#3266=CARTESIAN_POINT('',(4.52,0.4,-5.43));
#3267=DIRECTION('',(1.0,0.0,0.0));
#3268=DIRECTION('',(0.0,1.0,0.0));
#3269=ORIENTED_EDGE('',*,*,#3356,.T.);
#3270=ORIENTED_EDGE('',*,*,#3928,.F.);
#3271=ORIENTED_EDGE('',*,*,#3923,.F.);
#3272=ORIENTED_EDGE('',*,*,#3917,.T.);
#3273=CARTESIAN_POINT('',(4.2,0.4,-6.6));
#3274=DIRECTION('',(0.0,1.0,-0.0));
#3275=DIRECTION('',(1.0,0.0,0.0));
#3276=ORIENTED_EDGE('',*,*,#3503,.F.);
#3277=ORIENTED_EDGE('',*,*,#3921,.F.);
#3278=ORIENTED_EDGE('',*,*,#3354,.T.);
#3279=ORIENTED_EDGE('',*,*,#3964,.T.);
#3280=CARTESIAN_POINT('',(-5.639869785779,0.4,-6.28));
#3281=DIRECTION('',(0.0,0.0,-1.0));
#3282=DIRECTION('',(0.0,-1.0,0.0));
#3283=ORIENTED_EDGE('',*,*,#3527,.F.);
#3284=ORIENTED_EDGE('',*,*,#3506,.F.);
#3285=ORIENTED_EDGE('',*,*,#3504,.F.);
#3286=ORIENTED_EDGE('',*,*,#3964,.F.);
#3287=ORIENTED_EDGE('',*,*,#3353,.T.);
#3288=ORIENTED_EDGE('',*,*,#3965,.T.);
#3289=ORIENTED_EDGE('',*,*,#3966,.F.);
#3290=CARTESIAN_POINT('',(-4.2,-2.469998986219,-6.6));
#3291=DIRECTION('',(-0.0,1.0,0.0));
#3292=DIRECTION('',(0.0,0.0,-1.0));
#3293=ORIENTED_EDGE('',*,*,#3967,.F.);
#3294=ORIENTED_EDGE('',*,*,#3919,.F.);
#3295=ORIENTED_EDGE('',*,*,#3528,.T.);
#3296=ORIENTED_EDGE('',*,*,#3966,.T.);
#3297=CARTESIAN_POINT('',(-5.37,0.4,-6.92));
#3298=DIRECTION('',(0.0,0.0,1.0));
#3299=DIRECTION('',(1.0,0.0,0.0));
#3300=ORIENTED_EDGE('',*,*,#3352,.T.);
#3301=ORIENTED_EDGE('',*,*,#3920,.F.);
#3302=ORIENTED_EDGE('',*,*,#3967,.T.);
#3303=ORIENTED_EDGE('',*,*,#3965,.F.);
#3304=CARTESIAN_POINT('',(-4.2,0.4,-6.6));
#3305=DIRECTION('',(-0.0,-1.0,0.0));
#3306=DIRECTION('',(-1.0,0.0,0.0));
#3307=ORIENTED_EDGE('',*,*,#3494,.F.);
#3308=ORIENTED_EDGE('',*,*,#3491,.F.);
#3309=ORIENTED_EDGE('',*,*,#3499,.T.);
#3310=ORIENTED_EDGE('',*,*,#3392,.F.);
#3311=ORIENTED_EDGE('',*,*,#3498,.F.);
#3312=CARTESIAN_POINT('',(-4.2,0.4,-6.6));
#3313=DIRECTION('',(-0.0,-1.0,0.0));
#3314=DIRECTION('',(-1.0,0.0,0.0));
#3315=ORIENTED_EDGE('',*,*,#3968,.T.);
#3316=ORIENTED_EDGE('',*,*,#3969,.T.);
#3317=ORIENTED_EDGE('',*,*,#3438,.T.);
#3318=ORIENTED_EDGE('',*,*,#3445,.T.);
#3319=CARTESIAN_POINT('',(1.7,0.0,0.0));
#3320=DIRECTION('',(1.0,0.0,0.0));
#3321=DIRECTION('',(0.0,1.0,0.0));
#3322=ORIENTED_EDGE('',*,*,#3439,.T.);
#3323=ORIENTED_EDGE('',*,*,#3969,.F.);
#3324=ORIENTED_EDGE('',*,*,#3970,.F.);
#3325=ORIENTED_EDGE('',*,*,#3441,.T.);
#3326=CARTESIAN_POINT('',(-1.7,11.4,-3.172484128936));
#3327=DIRECTION('',(-0.0,1.0,0.0));
#3328=DIRECTION('',(1.0,0.0,0.0));
#3329=ORIENTED_EDGE('',*,*,#3442,.T.);
#3330=ORIENTED_EDGE('',*,*,#3970,.T.);
#3331=ORIENTED_EDGE('',*,*,#3968,.F.);
#3332=ORIENTED_EDGE('',*,*,#3444,.F.);
#3333=CARTESIAN_POINT('',(-1.7,10.0,-3.05));
#3334=DIRECTION('',(0.0,-0.087155742747664,-0.996194698091745));
#3335=DIRECTION('',(0.0,-0.996194698091745,0.087155742747664));
#3336=AXIS2_PLACEMENT_3D('',#3971,#3972,#3973);
#3337=AXIS2_PLACEMENT_3D('',#3974,#3975,#3976);
#3338=AXIS2_PLACEMENT_3D('',#3977,#3978,#3979);
#3339=AXIS2_PLACEMENT_3D('',#3980,#3981,#3982);
#3340=AXIS2_PLACEMENT_3D('',#3983,#3984,#3985);
#3341=AXIS2_PLACEMENT_3D('',#3986,#3987,#3988);
#3342=AXIS2_PLACEMENT_3D('',#3989,#3990,#3991);
#3343=AXIS2_PLACEMENT_3D('',#3992,#3993,#3994);
#3344=AXIS2_PLACEMENT_3D('',#3995,#3996,#3997);
#3345=AXIS2_PLACEMENT_3D('',#3998,#3999,#4000);
#3346=AXIS2_PLACEMENT_3D('',#4001,#4002,#4003);
#3347=AXIS2_PLACEMENT_3D('',#4004,#4005,#4006);
#3348=AXIS2_PLACEMENT_3D('',#4007,#4008,#4009);
#3349=AXIS2_PLACEMENT_3D('',#4010,#4011,#4012);
#3350=AXIS2_PLACEMENT_3D('',#4013,#4014,#4015);
#3351=AXIS2_PLACEMENT_3D('',#4016,#4017,#4018);
#3352=EDGE_CURVE('',#4019,#4020,#4021,.T.);
#3353=EDGE_CURVE('',#4022,#4019,#4023,.T.);
#3354=EDGE_CURVE('',#4024,#4022,#4025,.T.);
#3355=EDGE_CURVE('',#4020,#4024,#4026,.T.);
#3356=EDGE_CURVE('',#4027,#4028,#4029,.T.);
#3357=EDGE_CURVE('',#4027,#4030,#4031,.T.);
#3358=EDGE_CURVE('',#4030,#4032,#4033,.T.);
#3359=EDGE_CURVE('',#4028,#4032,#4034,.T.);
#3360=EDGE_CURVE('',#4035,#4036,#4037,.T.);
#3361=EDGE_CURVE('',#4038,#4035,#4039,.T.);
#3362=EDGE_CURVE('',#4040,#4038,#4041,.T.);
#3363=EDGE_CURVE('',#4040,#4036,#4042,.T.);
#3364=EDGE_CURVE('',#4043,#4044,#4045,.T.);
#3365=EDGE_CURVE('',#4046,#4043,#4047,.T.);
#3366=EDGE_CURVE('',#4048,#4046,#4049,.T.);
#3367=EDGE_CURVE('',#4050,#4048,#4051,.T.);
#3368=EDGE_CURVE('',#4050,#4044,#4052,.T.);
#3369=EDGE_CURVE('',#4053,#4054,#4055,.T.);
#3370=EDGE_CURVE('',#4053,#4056,#4057,.T.);
#3371=EDGE_CURVE('',#4058,#4056,#4059,.T.);
#3372=EDGE_CURVE('',#4060,#4058,#4061,.T.);
#3373=EDGE_CURVE('',#4054,#4060,#4062,.T.);
#3374=EDGE_CURVE('',#4063,#4064,#4065,.T.);
#3375=EDGE_CURVE('',#4066,#4063,#4067,.T.);
#3376=EDGE_CURVE('',#4068,#4066,#4069,.T.);
#3377=EDGE_CURVE('',#4068,#4064,#4070,.T.);
#3378=EDGE_CURVE('',#4071,#4072,#4073,.T.);
#3379=EDGE_CURVE('',#4074,#4071,#4075,.T.);
#3380=EDGE_CURVE('',#4076,#4074,#4077,.T.);
#3381=EDGE_CURVE('',#4076,#4072,#4078,.T.);
#3382=EDGE_CURVE('',#4079,#4080,#4081,.T.);
#3383=EDGE_CURVE('',#4082,#4079,#4083,.T.);
#3384=EDGE_CURVE('',#4084,#4082,#4085,.T.);
#3385=EDGE_CURVE('',#4086,#4084,#4087,.T.);
#3386=EDGE_CURVE('',#4086,#4080,#4088,.T.);
#3387=EDGE_CURVE('',#4089,#4090,#4091,.T.);
#3388=EDGE_CURVE('',#4092,#4089,#4093,.T.);
#3389=EDGE_CURVE('',#4092,#4094,#4095,.T.);
#3390=EDGE_CURVE('',#4090,#4094,#4096,.T.);
#3391=EDGE_CURVE('',#4097,#4098,#4099,.T.);
#3392=EDGE_CURVE('',#4097,#4100,#4101,.T.);
#3393=EDGE_CURVE('',#4102,#4100,#4103,.T.);
#3394=EDGE_CURVE('',#4104,#4102,#4105,.T.);
#3395=EDGE_CURVE('',#4098,#4104,#4106,.T.);
#3396=EDGE_CURVE('',#4107,#4108,#4109,.T.);
#3397=EDGE_CURVE('',#4107,#4110,#4111,.T.);
#3398=EDGE_CURVE('',#4112,#4110,#4113,.T.);
#3399=EDGE_CURVE('',#4112,#4114,#4115,.T.);
#3400=EDGE_CURVE('',#4116,#4114,#4117,.T.);
#3401=EDGE_CURVE('',#4116,#4118,#4119,.T.);
#3402=EDGE_CURVE('',#4120,#4118,#4121,.T.);
#3403=EDGE_CURVE('',#4072,#4120,#4122,.T.);
#3404=EDGE_CURVE('',#4123,#4076,#4124,.T.);
#3405=EDGE_CURVE('',#4123,#4125,#4126,.T.);
#3406=EDGE_CURVE('',#4127,#4125,#4128,.T.);
#3407=EDGE_CURVE('',#4108,#4127,#4129,.T.);
#3408=EDGE_CURVE('',#4130,#4131,#4132,.T.);
#3409=EDGE_CURVE('',#4133,#4130,#4134,.T.);
#3410=EDGE_CURVE('',#4135,#4133,#4136,.T.);
#3411=EDGE_CURVE('',#4131,#4135,#4137,.T.);
#3412=EDGE_CURVE('',#4138,#4139,#4140,.T.);
#3413=EDGE_CURVE('',#4141,#4138,#4142,.T.);
#3414=EDGE_CURVE('',#4143,#4141,#4144,.T.);
#3415=EDGE_CURVE('',#4139,#4143,#4145,.T.);
#3416=EDGE_CURVE('',#4146,#4147,#4148,.T.);
#3417=EDGE_CURVE('',#4149,#4146,#4150,.T.);
#3418=EDGE_CURVE('',#4151,#4149,#4152,.T.);
#3419=EDGE_CURVE('',#4147,#4151,#4153,.T.);
#3420=EDGE_CURVE('',#4154,#4155,#4156,.T.);
#3421=EDGE_CURVE('',#4157,#4155,#4158,.T.);
#3422=EDGE_CURVE('',#4159,#4157,#4160,.T.);
#3423=EDGE_CURVE('',#4161,#4159,#4162,.T.);
#3424=EDGE_CURVE('',#4161,#4163,#4164,.T.);
#3425=EDGE_CURVE('',#4154,#4163,#4165,.T.);
#3426=EDGE_CURVE('',#4166,#4167,#4168,.T.);
#3427=EDGE_CURVE('',#4169,#4167,#4170,.T.);
#3428=EDGE_CURVE('',#4171,#4169,#4172,.T.);
#3429=EDGE_CURVE('',#4173,#4171,#4174,.T.);
#3430=EDGE_CURVE('',#4173,#4175,#4176,.T.);
#3431=EDGE_CURVE('',#4166,#4175,#4177,.T.);
#3432=EDGE_CURVE('',#4178,#4179,#4180,.T.);
#3433=EDGE_CURVE('',#4181,#4178,#4182,.T.);
#3434=EDGE_CURVE('',#4181,#4183,#4184,.T.);
#3435=EDGE_CURVE('',#4185,#4183,#4186,.T.);
#3436=EDGE_CURVE('',#4185,#4187,#4188,.T.);
#3437=EDGE_CURVE('',#4179,#4187,#4189,.T.);
#3438=EDGE_CURVE('',#4190,#4127,#4191,.T.);
#3439=EDGE_CURVE('',#4192,#4190,#4193,.T.);
#3440=EDGE_CURVE('',#4192,#4108,#4194,.T.);
#3441=EDGE_CURVE('',#4195,#4192,#4196,.T.);
#3442=EDGE_CURVE('',#4197,#4195,#4198,.T.);
#3443=EDGE_CURVE('',#4108,#4197,#4199,.T.);
#3444=EDGE_CURVE('',#4197,#4200,#4201,.T.);
#3445=EDGE_CURVE('',#4127,#4200,#4202,.T.);
#3446=EDGE_CURVE('',#4203,#4125,#4204,.T.);
#3447=EDGE_CURVE('',#4205,#4203,#4206,.T.);
#3448=EDGE_CURVE('',#4205,#4107,#4207,.T.);
#3449=EDGE_CURVE('',#4208,#4205,#4209,.T.);
#3450=EDGE_CURVE('',#4208,#4110,#4210,.T.);
#3451=EDGE_CURVE('',#4211,#4208,#4212,.T.);
#3452=EDGE_CURVE('',#4211,#4112,#4213,.T.);
#3453=EDGE_CURVE('',#4214,#4211,#4215,.T.);
#3454=EDGE_CURVE('',#4214,#4114,#4216,.T.);
#3455=EDGE_CURVE('',#4217,#4218,#4219,.T.);
#3456=EDGE_CURVE('',#4217,#4092,#4220,.T.);
#3457=EDGE_CURVE('',#4089,#4221,#4222,.T.);
#3458=EDGE_CURVE('',#4221,#4223,#4224,.T.);
#3459=EDGE_CURVE('',#4225,#4223,#4226,.T.);
#3460=EDGE_CURVE('',#4225,#4227,#4228,.T.);
#3461=EDGE_CURVE('',#4227,#4229,#4230,.T.);
#3462=EDGE_CURVE('',#4229,#4231,#4232,.T.);
#3463=EDGE_CURVE('',#4233,#4231,#4234,.T.);
#3464=EDGE_CURVE('',#4235,#4233,#4236,.T.);
#3465=EDGE_CURVE('',#4237,#4235,#4238,.T.);
#3466=EDGE_CURVE('',#4237,#4239,#4240,.T.);
#3467=EDGE_CURVE('',#4239,#4241,#4242,.T.);
#3468=EDGE_CURVE('',#4243,#4241,#4244,.T.);
#3469=EDGE_CURVE('',#4245,#4243,#4246,.T.);
#3470=EDGE_CURVE('',#4247,#4245,#4248,.T.);
#3471=EDGE_CURVE('',#4247,#4249,#4250,.T.);
#3472=EDGE_CURVE('',#4251,#4249,#4252,.T.);
#3473=EDGE_CURVE('',#4036,#4251,#4253,.T.);
#3474=EDGE_CURVE('',#4254,#4040,#4255,.T.);
#3475=EDGE_CURVE('',#4254,#4256,#4257,.T.);
#3476=EDGE_CURVE('',#4258,#4256,#4259,.T.);
#3477=EDGE_CURVE('',#4260,#4258,#4261,.T.);
#3478=EDGE_CURVE('',#4262,#4260,#4263,.T.);
#3479=EDGE_CURVE('',#4262,#4264,#4265,.T.);
#3480=EDGE_CURVE('',#4264,#4266,#4267,.T.);
#3481=EDGE_CURVE('',#4268,#4266,#4269,.T.);
#3482=EDGE_CURVE('',#4270,#4268,#4271,.T.);
#3483=EDGE_CURVE('',#4272,#4270,#4273,.T.);
#3484=EDGE_CURVE('',#4272,#4116,#4274,.T.);
#3485=EDGE_CURVE('',#4275,#4214,#4276,.T.);
#3486=EDGE_CURVE('',#4275,#4277,#4278,.T.);
#3487=EDGE_CURVE('',#4279,#4277,#4280,.T.);
#3488=EDGE_CURVE('',#4281,#4279,#4282,.T.);
#3489=EDGE_CURVE('',#4283,#4281,#4284,.T.);
#3490=EDGE_CURVE('',#4283,#4285,#4286,.T.);
#3491=EDGE_CURVE('',#4285,#4287,#4288,.T.);
#3492=EDGE_CURVE('',#4287,#4218,#4289,.T.);
#3493=EDGE_CURVE('',#4218,#4290,#4291,.T.);
#3494=EDGE_CURVE('',#4287,#4292,#4293,.T.);
#3495=EDGE_CURVE('',#4292,#4290,#4294,.T.);
#3496=EDGE_CURVE('',#4295,#4098,#4296,.T.);
#3497=EDGE_CURVE('',#4290,#4295,#4297,.T.);
#3498=EDGE_CURVE('',#4292,#4097,#4298,.T.);
#3499=EDGE_CURVE('',#4285,#4100,#4299,.T.);
#3500=EDGE_CURVE('',#4283,#4102,#4300,.T.);
#3501=EDGE_CURVE('',#4301,#4281,#4302,.T.);
#3502=EDGE_CURVE('',#4301,#4303,#4304,.T.);
#3503=EDGE_CURVE('',#4303,#4305,#4306,.T.);
#3504=EDGE_CURVE('',#4305,#4307,#4308,.T.);
#3505=EDGE_CURVE('',#4307,#4104,#4309,.T.);
#3506=EDGE_CURVE('',#4307,#4310,#4311,.T.);
#3507=EDGE_CURVE('',#4082,#4310,#4312,.T.);
#3508=EDGE_CURVE('',#4079,#4313,#4314,.T.);
#3509=EDGE_CURVE('',#4315,#4313,#4316,.T.);
#3510=EDGE_CURVE('',#4315,#4317,#4318,.T.);
#3511=EDGE_CURVE('',#4295,#4317,#4319,.T.);
#3512=EDGE_CURVE('',#4317,#4320,#4321,.T.);
#3513=EDGE_CURVE('',#4217,#4320,#4322,.T.);
#3514=EDGE_CURVE('',#4320,#4094,#4323,.T.);
#3515=EDGE_CURVE('',#4324,#4315,#4325,.T.);
#3516=EDGE_CURVE('',#4326,#4324,#4327,.T.);
#3517=EDGE_CURVE('',#4326,#4090,#4328,.T.);
#3518=EDGE_CURVE('',#4221,#4326,#4329,.T.);
#3519=EDGE_CURVE('',#4223,#4324,#4330,.T.);
#3520=EDGE_CURVE('',#4313,#4331,#4332,.T.);
#3521=EDGE_CURVE('',#4225,#4331,#4333,.T.);
#3522=EDGE_CURVE('',#4227,#4334,#4335,.T.);
#3523=EDGE_CURVE('',#4331,#4334,#4336,.T.);
#3524=EDGE_CURVE('',#4080,#4334,#4337,.T.);
#3525=EDGE_CURVE('',#4229,#4086,#4338,.T.);
#3526=EDGE_CURVE('',#4231,#4084,#4339,.T.);
#3527=EDGE_CURVE('',#4310,#4340,#4341,.T.);
#3528=EDGE_CURVE('',#4342,#4340,#4343,.T.);
#3529=EDGE_CURVE('',#4342,#4344,#4345,.T.);
#3530=EDGE_CURVE('',#4344,#4233,#4346,.T.);
#3531=EDGE_CURVE('',#4344,#4347,#4348,.T.);
#3532=EDGE_CURVE('',#4235,#4347,#4349,.T.);
#3533=EDGE_CURVE('',#4279,#4350,#4351,.T.);
#3534=EDGE_CURVE('',#4350,#4301,#4352,.T.);
#3535=EDGE_CURVE('',#4071,#4353,#4354,.T.);
#3536=EDGE_CURVE('',#4353,#4355,#4356,.T.);
#3537=EDGE_CURVE('',#4355,#4272,#4357,.T.);
#3538=EDGE_CURVE('',#4270,#4358,#4359,.T.);
#3539=EDGE_CURVE('',#4358,#4360,#4361,.T.);
#3540=EDGE_CURVE('',#4237,#4360,#4362,.T.);
#3541=EDGE_CURVE('',#4347,#4363,#4364,.T.);
#3542=EDGE_CURVE('',#4275,#4363,#4365,.T.);
#3543=EDGE_CURVE('',#4203,#4366,#4367,.T.);
#3544=EDGE_CURVE('',#4366,#4066,#4368,.T.);
#3545=EDGE_CURVE('',#4063,#4369,#4370,.T.);
#3546=EDGE_CURVE('',#4369,#4074,#4371,.T.);
#3547=EDGE_CURVE('',#4372,#4373,#4374,.T.);
#3548=EDGE_CURVE('',#4375,#4373,#4376,.T.);
#3549=EDGE_CURVE('',#4377,#4375,#4378,.T.);
#3550=EDGE_CURVE('',#4377,#4372,#4379,.T.);
#3551=EDGE_CURVE('',#4380,#4381,#4382,.T.);
#3552=EDGE_CURVE('',#4383,#4381,#4384,.T.);
#3553=EDGE_CURVE('',#4385,#4383,#4386,.T.);
#3554=EDGE_CURVE('',#4385,#4380,#4387,.T.);
#3555=EDGE_CURVE('',#4388,#4389,#4390,.T.);
#3556=EDGE_CURVE('',#4391,#4389,#4392,.T.);
#3557=EDGE_CURVE('',#4393,#4391,#4394,.T.);
#3558=EDGE_CURVE('',#4393,#4388,#4395,.T.);
#3559=EDGE_CURVE('',#4396,#4397,#4398,.T.);
#3560=EDGE_CURVE('',#4399,#4397,#4400,.T.);
#3561=EDGE_CURVE('',#4401,#4399,#4402,.T.);
#3562=EDGE_CURVE('',#4401,#4396,#4403,.T.);
#3563=EDGE_CURVE('',#4404,#4405,#4406,.T.);
#3564=EDGE_CURVE('',#4407,#4405,#4408,.T.);
#3565=EDGE_CURVE('',#4409,#4407,#4410,.T.);
#3566=EDGE_CURVE('',#4409,#4404,#4411,.T.);
#3567=EDGE_CURVE('',#4412,#4413,#4414,.T.);
#3568=EDGE_CURVE('',#4415,#4413,#4416,.T.);
#3569=EDGE_CURVE('',#4417,#4415,#4418,.T.);
#3570=EDGE_CURVE('',#4417,#4412,#4419,.T.);
#3571=EDGE_CURVE('',#4420,#4421,#4422,.T.);
#3572=EDGE_CURVE('',#4420,#4423,#4424,.T.);
#3573=EDGE_CURVE('',#4425,#4423,#4426,.T.);
#3574=EDGE_CURVE('',#4425,#4421,#4427,.T.);
#3575=EDGE_CURVE('',#4428,#4429,#4430,.T.);
#3576=EDGE_CURVE('',#4431,#4428,#4432,.T.);
#3577=EDGE_CURVE('',#4412,#4431,#4433,.T.);
#3578=EDGE_CURVE('',#4434,#4417,#4435,.T.);
#3579=EDGE_CURVE('',#4436,#4434,#4437,.T.);
#3580=EDGE_CURVE('',#4438,#4436,#4439,.T.);
#3581=EDGE_CURVE('',#4438,#4429,#4440,.T.);
#3582=EDGE_CURVE('',#4441,#4425,#4442,.T.);
#3583=EDGE_CURVE('',#4441,#4443,#4444,.T.);
#3584=EDGE_CURVE('',#4443,#4421,#4445,.T.);
#3585=EDGE_CURVE('',#4446,#4443,#4447,.T.);
#3586=EDGE_CURVE('',#4446,#4448,#4449,.T.);
#3587=EDGE_CURVE('',#4448,#4421,#4450,.T.);
#3588=EDGE_CURVE('',#4451,#4415,#4452,.T.);
#3589=EDGE_CURVE('',#4434,#4451,#4453,.T.);
#3590=EDGE_CURVE('',#4454,#4448,#4455,.T.);
#3591=EDGE_CURVE('',#4420,#4454,#4456,.T.);
#3592=EDGE_CURVE('',#4457,#4451,#4458,.T.);
#3593=EDGE_CURVE('',#4436,#4457,#4459,.T.);
#3594=EDGE_CURVE('',#4460,#4457,#4461,.T.);
#3595=EDGE_CURVE('',#4460,#4438,#4462,.T.);
#3596=EDGE_CURVE('',#4460,#4463,#4464,.T.);
#3597=EDGE_CURVE('',#4463,#4465,#4466,.T.);
#3598=EDGE_CURVE('',#4465,#4438,#4467,.T.);
#3599=EDGE_CURVE('',#4465,#4468,#4469,.T.);
#3600=EDGE_CURVE('',#4468,#4429,#4470,.T.);
#3601=EDGE_CURVE('',#4471,#4468,#4472,.T.);
#3602=EDGE_CURVE('',#4471,#4473,#4474,.T.);
#3603=EDGE_CURVE('',#4473,#4429,#4475,.T.);
#3604=EDGE_CURVE('',#4476,#4473,#4477,.T.);
#3605=EDGE_CURVE('',#4428,#4476,#4478,.T.);
#3606=EDGE_CURVE('',#4479,#4476,#4480,.T.);
#3607=EDGE_CURVE('',#4431,#4479,#4481,.T.);
#3608=EDGE_CURVE('',#4413,#4479,#4482,.T.);
#3609=EDGE_CURVE('',#4423,#4483,#4484,.T.);
#3610=EDGE_CURVE('',#4485,#4483,#4486,.T.);
#3611=EDGE_CURVE('',#4485,#4425,#4487,.T.);
#3612=EDGE_CURVE('',#4454,#4483,#4488,.T.);
#3613=EDGE_CURVE('',#4448,#4485,#4489,.T.);
#3614=EDGE_CURVE('',#4473,#4460,#4490,.T.);
#3615=EDGE_CURVE('',#4491,#4485,#4492,.T.);
#3616=EDGE_CURVE('',#4446,#4491,#4493,.T.);
#3617=EDGE_CURVE('',#4491,#4441,#4494,.T.);
#3618=EDGE_CURVE('',#4495,#4496,#4497,.T.);
#3619=EDGE_CURVE('',#4496,#4498,#4499,.T.);
#3620=EDGE_CURVE('',#4498,#4500,#4501,.T.);
#3621=EDGE_CURVE('',#4500,#4495,#4502,.T.);
#3622=EDGE_CURVE('',#4503,#4504,#4505,.T.);
#3623=EDGE_CURVE('',#4504,#4506,#4507,.T.);
#3624=EDGE_CURVE('',#4508,#4506,#4509,.T.);
#3625=EDGE_CURVE('',#4503,#4508,#4510,.T.);
#3626=EDGE_CURVE('',#4511,#4512,#4513,.T.);
#3627=EDGE_CURVE('',#4514,#4512,#4515,.T.);
#3628=EDGE_CURVE('',#4514,#4516,#4517,.T.);
#3629=EDGE_CURVE('',#4516,#4518,#4519,.T.);
#3630=EDGE_CURVE('',#4518,#4520,#4521,.T.);
#3631=EDGE_CURVE('',#4511,#4520,#4522,.T.);
#3632=EDGE_CURVE('',#4135,#4495,#4523,.T.);
#3633=EDGE_CURVE('',#4131,#4500,#4524,.T.);
#3634=EDGE_CURVE('',#4130,#4498,#4525,.T.);
#3635=EDGE_CURVE('',#4133,#4496,#4526,.T.);
#3636=EDGE_CURVE('',#4503,#4527,#4528,.T.);
#3637=EDGE_CURVE('',#4529,#4508,#4530,.T.);
#3638=EDGE_CURVE('',#4529,#4527,#4531,.T.);
#3639=EDGE_CURVE('',#4532,#4533,#4534,.T.);
#3640=EDGE_CURVE('',#4388,#4532,#4535,.T.);
#3641=EDGE_CURVE('',#4536,#4393,#4537,.T.);
#3642=EDGE_CURVE('',#4538,#4536,#4539,.T.);
#3643=EDGE_CURVE('',#4538,#4533,#4540,.T.);
#3644=EDGE_CURVE('',#4541,#4529,#4542,.T.);
#3645=EDGE_CURVE('',#4541,#4543,#4544,.T.);
#3646=EDGE_CURVE('',#4543,#4527,#4545,.T.);
#3647=EDGE_CURVE('',#4546,#4543,#4547,.T.);
#3648=EDGE_CURVE('',#4546,#4548,#4549,.T.);
#3649=EDGE_CURVE('',#4548,#4527,#4550,.T.);
#3650=EDGE_CURVE('',#4504,#4548,#4551,.T.);
#3651=EDGE_CURVE('',#4552,#4506,#4553,.T.);
#3652=EDGE_CURVE('',#4548,#4552,#4554,.T.);
#3653=EDGE_CURVE('',#4555,#4556,#4557,.T.);
#3654=EDGE_CURVE('',#4556,#4391,#4558,.T.);
#3655=EDGE_CURVE('',#4389,#4559,#4560,.T.);
#3656=EDGE_CURVE('',#4559,#4561,#4562,.T.);
#3657=EDGE_CURVE('',#4561,#4555,#4563,.T.);
#3658=EDGE_CURVE('',#4564,#4552,#4565,.T.);
#3659=EDGE_CURVE('',#4546,#4564,#4566,.T.);
#3660=EDGE_CURVE('',#4564,#4541,#4567,.T.);
#3661=EDGE_CURVE('',#4552,#4529,#4568,.T.);
#3662=EDGE_CURVE('',#4555,#4569,#4570,.T.);
#3663=EDGE_CURVE('',#4571,#4561,#4572,.T.);
#3664=EDGE_CURVE('',#4571,#4569,#4573,.T.);
#3665=EDGE_CURVE('',#4571,#4574,#4575,.T.);
#3666=EDGE_CURVE('',#4576,#4574,#4577,.T.);
#3667=EDGE_CURVE('',#4569,#4576,#4578,.T.);
#3668=EDGE_CURVE('',#4576,#4538,#4579,.T.);
#3669=EDGE_CURVE('',#4555,#4538,#4580,.T.);
#3670=EDGE_CURVE('',#4536,#4556,#4581,.T.);
#3671=EDGE_CURVE('',#4574,#4533,#4582,.T.);
#3672=EDGE_CURVE('',#4561,#4533,#4583,.T.);
#3673=EDGE_CURVE('',#4532,#4559,#4584,.T.);
#3674=EDGE_CURVE('',#4520,#4155,#4585,.T.);
#3675=EDGE_CURVE('',#4511,#4154,#4586,.T.);
#3676=EDGE_CURVE('',#4512,#4163,#4587,.T.);
#3677=EDGE_CURVE('',#4514,#4161,#4588,.T.);
#3678=EDGE_CURVE('',#4159,#4516,#4589,.T.);
#3679=EDGE_CURVE('',#4157,#4518,#4590,.T.);
#3680=EDGE_CURVE('',#4471,#4463,#4591,.T.);
#3681=EDGE_CURVE('',#4592,#4593,#4594,.T.);
#3682=EDGE_CURVE('',#4592,#4595,#4596,.T.);
#3683=EDGE_CURVE('',#4597,#4595,#4598,.T.);
#3684=EDGE_CURVE('',#4597,#4593,#4599,.T.);
#3685=EDGE_CURVE('',#4600,#4601,#4602,.T.);
#3686=EDGE_CURVE('',#4603,#4600,#4604,.T.);
#3687=EDGE_CURVE('',#4372,#4603,#4605,.T.);
#3688=EDGE_CURVE('',#4606,#4377,#4607,.T.);
#3689=EDGE_CURVE('',#4608,#4606,#4609,.T.);
#3690=EDGE_CURVE('',#4610,#4608,#4611,.T.);
#3691=EDGE_CURVE('',#4610,#4601,#4612,.T.);
#3692=EDGE_CURVE('',#4613,#4597,#4614,.T.);
#3693=EDGE_CURVE('',#4613,#4615,#4616,.T.);
#3694=EDGE_CURVE('',#4615,#4593,#4617,.T.);
#3695=EDGE_CURVE('',#4618,#4615,#4619,.T.);
#3696=EDGE_CURVE('',#4618,#4620,#4621,.T.);
#3697=EDGE_CURVE('',#4620,#4593,#4622,.T.);
#3698=EDGE_CURVE('',#4623,#4375,#4624,.T.);
#3699=EDGE_CURVE('',#4606,#4623,#4625,.T.);
#3700=EDGE_CURVE('',#4626,#4620,#4627,.T.);
#3701=EDGE_CURVE('',#4592,#4626,#4628,.T.);
#3702=EDGE_CURVE('',#4629,#4623,#4630,.T.);
#3703=EDGE_CURVE('',#4608,#4629,#4631,.T.);
#3704=EDGE_CURVE('',#4632,#4629,#4633,.T.);
#3705=EDGE_CURVE('',#4632,#4610,#4634,.T.);
#3706=EDGE_CURVE('',#4632,#4635,#4636,.T.);
#3707=EDGE_CURVE('',#4635,#4637,#4638,.T.);
#3708=EDGE_CURVE('',#4637,#4610,#4639,.T.);
#3709=EDGE_CURVE('',#4637,#4640,#4641,.T.);
#3710=EDGE_CURVE('',#4640,#4601,#4642,.T.);
#3711=EDGE_CURVE('',#4643,#4640,#4644,.T.);
#3712=EDGE_CURVE('',#4643,#4645,#4646,.T.);
#3713=EDGE_CURVE('',#4645,#4601,#4647,.T.);
#3714=EDGE_CURVE('',#4648,#4645,#4649,.T.);
#3715=EDGE_CURVE('',#4600,#4648,#4650,.T.);
#3716=EDGE_CURVE('',#4651,#4648,#4652,.T.);
#3717=EDGE_CURVE('',#4603,#4651,#4653,.T.);
#3718=EDGE_CURVE('',#4373,#4651,#4654,.T.);
#3719=EDGE_CURVE('',#4595,#4655,#4656,.T.);
#3720=EDGE_CURVE('',#4657,#4655,#4658,.T.);
#3721=EDGE_CURVE('',#4657,#4597,#4659,.T.);
#3722=EDGE_CURVE('',#4626,#4655,#4660,.T.);
#3723=EDGE_CURVE('',#4620,#4657,#4661,.T.);
#3724=EDGE_CURVE('',#4645,#4632,#4662,.T.);
#3725=EDGE_CURVE('',#4663,#4657,#4664,.T.);
#3726=EDGE_CURVE('',#4618,#4663,#4665,.T.);
#3727=EDGE_CURVE('',#4663,#4613,#4666,.T.);
#3728=EDGE_CURVE('',#4667,#4668,#4669,.T.);
#3729=EDGE_CURVE('',#4668,#4670,#4671,.T.);
#3730=EDGE_CURVE('',#4670,#4672,#4673,.T.);
#3731=EDGE_CURVE('',#4672,#4667,#4674,.T.);
#3732=EDGE_CURVE('',#4675,#4676,#4677,.T.);
#3733=EDGE_CURVE('',#4678,#4676,#4679,.T.);
#3734=EDGE_CURVE('',#4678,#4680,#4681,.T.);
#3735=EDGE_CURVE('',#4680,#4682,#4683,.T.);
#3736=EDGE_CURVE('',#4682,#4684,#4685,.T.);
#3737=EDGE_CURVE('',#4675,#4684,#4686,.T.);
#3738=EDGE_CURVE('',#4687,#4688,#4689,.T.);
#3739=EDGE_CURVE('',#4688,#4690,#4691,.T.);
#3740=EDGE_CURVE('',#4692,#4690,#4693,.T.);
#3741=EDGE_CURVE('',#4687,#4692,#4694,.T.);
#3742=EDGE_CURVE('',#4143,#4667,#4695,.T.);
#3743=EDGE_CURVE('',#4139,#4672,#4696,.T.);
#3744=EDGE_CURVE('',#4138,#4670,#4697,.T.);
#3745=EDGE_CURVE('',#4141,#4668,#4698,.T.);
#3746=EDGE_CURVE('',#4687,#4699,#4700,.T.);
#3747=EDGE_CURVE('',#4701,#4692,#4702,.T.);
#3748=EDGE_CURVE('',#4701,#4699,#4703,.T.);
#3749=EDGE_CURVE('',#4704,#4705,#4706,.T.);
#3750=EDGE_CURVE('',#4396,#4704,#4707,.T.);
#3751=EDGE_CURVE('',#4708,#4401,#4709,.T.);
#3752=EDGE_CURVE('',#4710,#4708,#4711,.T.);
#3753=EDGE_CURVE('',#4710,#4705,#4712,.T.);
#3754=EDGE_CURVE('',#4713,#4701,#4714,.T.);
#3755=EDGE_CURVE('',#4713,#4715,#4716,.T.);
#3756=EDGE_CURVE('',#4715,#4699,#4717,.T.);
#3757=EDGE_CURVE('',#4718,#4715,#4719,.T.);
#3758=EDGE_CURVE('',#4718,#4720,#4721,.T.);
#3759=EDGE_CURVE('',#4720,#4699,#4722,.T.);
#3760=EDGE_CURVE('',#4688,#4720,#4723,.T.);
#3761=EDGE_CURVE('',#4724,#4690,#4725,.T.);
#3762=EDGE_CURVE('',#4720,#4724,#4726,.T.);
#3763=EDGE_CURVE('',#4727,#4728,#4729,.T.);
#3764=EDGE_CURVE('',#4728,#4399,#4730,.T.);
#3765=EDGE_CURVE('',#4397,#4731,#4732,.T.);
#3766=EDGE_CURVE('',#4731,#4733,#4734,.T.);
#3767=EDGE_CURVE('',#4733,#4727,#4735,.T.);
#3768=EDGE_CURVE('',#4736,#4724,#4737,.T.);
#3769=EDGE_CURVE('',#4718,#4736,#4738,.T.);
#3770=EDGE_CURVE('',#4736,#4713,#4739,.T.);
#3771=EDGE_CURVE('',#4724,#4701,#4740,.T.);
#3772=EDGE_CURVE('',#4727,#4741,#4742,.T.);
#3773=EDGE_CURVE('',#4743,#4733,#4744,.T.);
#3774=EDGE_CURVE('',#4743,#4741,#4745,.T.);
#3775=EDGE_CURVE('',#4743,#4746,#4747,.T.);
#3776=EDGE_CURVE('',#4748,#4746,#4749,.T.);
#3777=EDGE_CURVE('',#4741,#4748,#4750,.T.);
#3778=EDGE_CURVE('',#4748,#4710,#4751,.T.);
#3779=EDGE_CURVE('',#4727,#4710,#4752,.T.);
#3780=EDGE_CURVE('',#4708,#4728,#4753,.T.);
#3781=EDGE_CURVE('',#4746,#4705,#4754,.T.);
#3782=EDGE_CURVE('',#4733,#4705,#4755,.T.);
#3783=EDGE_CURVE('',#4704,#4731,#4756,.T.);
#3784=EDGE_CURVE('',#4684,#4167,#4757,.T.);
#3785=EDGE_CURVE('',#4675,#4166,#4758,.T.);
#3786=EDGE_CURVE('',#4676,#4175,#4759,.T.);
#3787=EDGE_CURVE('',#4678,#4173,#4760,.T.);
#3788=EDGE_CURVE('',#4171,#4680,#4761,.T.);
#3789=EDGE_CURVE('',#4169,#4682,#4762,.T.);
#3790=EDGE_CURVE('',#4643,#4635,#4763,.T.);
#3791=EDGE_CURVE('',#4764,#4765,#4766,.T.);
#3792=EDGE_CURVE('',#4764,#4767,#4768,.T.);
#3793=EDGE_CURVE('',#4769,#4767,#4770,.T.);
#3794=EDGE_CURVE('',#4769,#4765,#4771,.T.);
#3795=EDGE_CURVE('',#4772,#4773,#4774,.T.);
#3796=EDGE_CURVE('',#4775,#4772,#4776,.T.);
#3797=EDGE_CURVE('',#4380,#4775,#4777,.T.);
#3798=EDGE_CURVE('',#4778,#4385,#4779,.T.);
#3799=EDGE_CURVE('',#4780,#4778,#4781,.T.);
#3800=EDGE_CURVE('',#4782,#4780,#4783,.T.);
#3801=EDGE_CURVE('',#4782,#4773,#4784,.T.);
#3802=EDGE_CURVE('',#4785,#4769,#4786,.T.);
#3803=EDGE_CURVE('',#4785,#4787,#4788,.T.);
#3804=EDGE_CURVE('',#4787,#4765,#4789,.T.);
#3805=EDGE_CURVE('',#4790,#4787,#4791,.T.);
#3806=EDGE_CURVE('',#4790,#4792,#4793,.T.);
#3807=EDGE_CURVE('',#4792,#4765,#4794,.T.);
#3808=EDGE_CURVE('',#4795,#4383,#4796,.T.);
#3809=EDGE_CURVE('',#4778,#4795,#4797,.T.);
#3810=EDGE_CURVE('',#4798,#4792,#4799,.T.);
#3811=EDGE_CURVE('',#4764,#4798,#4800,.T.);
#3812=EDGE_CURVE('',#4801,#4795,#4802,.T.);
#3813=EDGE_CURVE('',#4780,#4801,#4803,.T.);
#3814=EDGE_CURVE('',#4804,#4801,#4805,.T.);
#3815=EDGE_CURVE('',#4804,#4782,#4806,.T.);
#3816=EDGE_CURVE('',#4804,#4807,#4808,.T.);
#3817=EDGE_CURVE('',#4807,#4809,#4810,.T.);
#3818=EDGE_CURVE('',#4809,#4782,#4811,.T.);
#3819=EDGE_CURVE('',#4809,#4812,#4813,.T.);
#3820=EDGE_CURVE('',#4812,#4773,#4814,.T.);
#3821=EDGE_CURVE('',#4815,#4812,#4816,.T.);
#3822=EDGE_CURVE('',#4815,#4817,#4818,.T.);
#3823=EDGE_CURVE('',#4817,#4773,#4819,.T.);
#3824=EDGE_CURVE('',#4820,#4817,#4821,.T.);
#3825=EDGE_CURVE('',#4772,#4820,#4822,.T.);
#3826=EDGE_CURVE('',#4823,#4820,#4824,.T.);
#3827=EDGE_CURVE('',#4775,#4823,#4825,.T.);
#3828=EDGE_CURVE('',#4381,#4823,#4826,.T.);
#3829=EDGE_CURVE('',#4767,#4827,#4828,.T.);
#3830=EDGE_CURVE('',#4829,#4827,#4830,.T.);
#3831=EDGE_CURVE('',#4829,#4769,#4831,.T.);
#3832=EDGE_CURVE('',#4798,#4827,#4832,.T.);
#3833=EDGE_CURVE('',#4792,#4829,#4833,.T.);
#3834=EDGE_CURVE('',#4817,#4804,#4834,.T.);
#3835=EDGE_CURVE('',#4835,#4829,#4836,.T.);
#3836=EDGE_CURVE('',#4790,#4835,#4837,.T.);
#3837=EDGE_CURVE('',#4835,#4785,#4838,.T.);
#3838=EDGE_CURVE('',#4839,#4840,#4841,.T.);
#3839=EDGE_CURVE('',#4840,#4842,#4843,.T.);
#3840=EDGE_CURVE('',#4842,#4844,#4845,.T.);
#3841=EDGE_CURVE('',#4844,#4839,#4846,.T.);
#3842=EDGE_CURVE('',#4847,#4848,#4849,.T.);
#3843=EDGE_CURVE('',#4848,#4850,#4851,.T.);
#3844=EDGE_CURVE('',#4850,#4852,#4853,.T.);
#3845=EDGE_CURVE('',#4854,#4852,#4855,.T.);
#3846=EDGE_CURVE('',#4854,#4856,#4857,.T.);
#3847=EDGE_CURVE('',#4847,#4856,#4858,.T.);
#3848=EDGE_CURVE('',#4859,#4860,#4861,.T.);
#3849=EDGE_CURVE('',#4860,#4862,#4863,.T.);
#3850=EDGE_CURVE('',#4864,#4862,#4865,.T.);
#3851=EDGE_CURVE('',#4859,#4864,#4866,.T.);
#3852=EDGE_CURVE('',#4151,#4839,#4867,.T.);
#3853=EDGE_CURVE('',#4147,#4844,#4868,.T.);
#3854=EDGE_CURVE('',#4146,#4842,#4869,.T.);
#3855=EDGE_CURVE('',#4149,#4840,#4870,.T.);
#3856=EDGE_CURVE('',#4859,#4871,#4872,.T.);
#3857=EDGE_CURVE('',#4873,#4864,#4874,.T.);
#3858=EDGE_CURVE('',#4873,#4871,#4875,.T.);
#3859=EDGE_CURVE('',#4876,#4877,#4878,.T.);
#3860=EDGE_CURVE('',#4404,#4876,#4879,.T.);
#3861=EDGE_CURVE('',#4880,#4409,#4881,.T.);
#3862=EDGE_CURVE('',#4882,#4880,#4883,.T.);
#3863=EDGE_CURVE('',#4882,#4877,#4884,.T.);
#3864=EDGE_CURVE('',#4885,#4873,#4886,.T.);
#3865=EDGE_CURVE('',#4885,#4887,#4888,.T.);
#3866=EDGE_CURVE('',#4887,#4871,#4889,.T.);
#3867=EDGE_CURVE('',#4890,#4887,#4891,.T.);
#3868=EDGE_CURVE('',#4890,#4892,#4893,.T.);
#3869=EDGE_CURVE('',#4892,#4871,#4894,.T.);
#3870=EDGE_CURVE('',#4860,#4892,#4895,.T.);
#3871=EDGE_CURVE('',#4896,#4862,#4897,.T.);
#3872=EDGE_CURVE('',#4892,#4896,#4898,.T.);
#3873=EDGE_CURVE('',#4899,#4900,#4901,.T.);
#3874=EDGE_CURVE('',#4900,#4407,#4902,.T.);
#3875=EDGE_CURVE('',#4405,#4903,#4904,.T.);
#3876=EDGE_CURVE('',#4903,#4905,#4906,.T.);
#3877=EDGE_CURVE('',#4905,#4899,#4907,.T.);
#3878=EDGE_CURVE('',#4908,#4896,#4909,.T.);
#3879=EDGE_CURVE('',#4890,#4908,#4910,.T.);
#3880=EDGE_CURVE('',#4908,#4885,#4911,.T.);
#3881=EDGE_CURVE('',#4896,#4873,#4912,.T.);
#3882=EDGE_CURVE('',#4899,#4913,#4914,.T.);
#3883=EDGE_CURVE('',#4915,#4905,#4916,.T.);
#3884=EDGE_CURVE('',#4915,#4913,#4917,.T.);
#3885=EDGE_CURVE('',#4915,#4918,#4919,.T.);
#3886=EDGE_CURVE('',#4920,#4918,#4921,.T.);
#3887=EDGE_CURVE('',#4913,#4920,#4922,.T.);
#3888=EDGE_CURVE('',#4920,#4882,#4923,.T.);
#3889=EDGE_CURVE('',#4899,#4882,#4924,.T.);
#3890=EDGE_CURVE('',#4880,#4900,#4925,.T.);
#3891=EDGE_CURVE('',#4918,#4877,#4926,.T.);
#3892=EDGE_CURVE('',#4905,#4877,#4927,.T.);
#3893=EDGE_CURVE('',#4876,#4903,#4928,.T.);
#3894=EDGE_CURVE('',#4856,#4183,#4929,.T.);
#3895=EDGE_CURVE('',#4847,#4181,#4930,.T.);
#3896=EDGE_CURVE('',#4178,#4848,#4931,.T.);
#3897=EDGE_CURVE('',#4179,#4850,#4932,.T.);
#3898=EDGE_CURVE('',#4852,#4187,#4933,.T.);
#3899=EDGE_CURVE('',#4854,#4185,#4934,.T.);
#3900=EDGE_CURVE('',#4815,#4807,#4935,.T.);
#3901=EDGE_CURVE('',#4120,#4353,#4936,.T.);
#3902=EDGE_CURVE('',#4355,#4118,#4937,.T.);
#3903=EDGE_CURVE('',#4366,#4123,#4938,.T.);
#3904=EDGE_CURVE('',#4939,#4369,#4940,.T.);
#3905=EDGE_CURVE('',#4939,#4068,#4941,.T.);
#3906=EDGE_CURVE('',#4064,#4939,#4942,.T.);
#3907=EDGE_CURVE('',#4363,#4943,#4944,.T.);
#3908=EDGE_CURVE('',#4277,#4943,#4945,.T.);
#3909=EDGE_CURVE('',#4943,#4350,#4946,.T.);
#3910=EDGE_CURVE('',#4947,#4948,#4949,.T.);
#3911=EDGE_CURVE('',#4360,#4948,#4950,.T.);
#3912=EDGE_CURVE('',#4951,#4358,#4952,.T.);
#3913=EDGE_CURVE('',#4953,#4951,#4954,.T.);
#3914=EDGE_CURVE('',#4955,#4953,#4956,.T.);
#3915=EDGE_CURVE('',#4955,#4957,#4958,.T.);
#3916=EDGE_CURVE('',#4030,#4957,#4959,.T.);
#3917=EDGE_CURVE('',#4960,#4027,#4961,.T.);
#3918=EDGE_CURVE('',#4947,#4960,#4962,.T.);
#3919=EDGE_CURVE('',#4342,#4963,#4964,.T.);
#3920=EDGE_CURVE('',#4963,#4020,#4965,.T.);
#3921=EDGE_CURVE('',#4024,#4303,#4966,.T.);
#3922=EDGE_CURVE('',#4947,#4967,#4968,.T.);
#3923=EDGE_CURVE('',#4960,#4969,#4970,.T.);
#3924=EDGE_CURVE('',#4969,#4967,#4971,.T.);
#3925=EDGE_CURVE('',#4972,#4973,#4974,.T.);
#3926=EDGE_CURVE('',#4975,#4972,#4976,.T.);
#3927=EDGE_CURVE('',#4967,#4975,#4977,.T.);
#3928=EDGE_CURVE('',#4969,#4028,#4978,.T.);
#3929=EDGE_CURVE('',#4973,#4032,#4979,.T.);
#3930=EDGE_CURVE('',#4957,#4973,#4980,.T.);
#3931=EDGE_CURVE('',#4972,#4981,#4982,.T.);
#3932=EDGE_CURVE('',#4264,#4955,#4983,.T.);
#3933=EDGE_CURVE('',#4262,#4984,#4985,.T.);
#3934=EDGE_CURVE('',#4984,#4981,#4986,.T.);
#3935=EDGE_CURVE('',#4981,#4054,#4987,.T.);
#3936=EDGE_CURVE('',#4988,#4984,#4989,.T.);
#3937=EDGE_CURVE('',#4988,#4053,#4990,.T.);
#3938=EDGE_CURVE('',#4258,#4056,#4991,.T.);
#3939=EDGE_CURVE('',#4256,#4058,#4992,.T.);
#3940=EDGE_CURVE('',#4254,#4993,#4994,.T.);
#3941=EDGE_CURVE('',#4993,#4995,#4996,.T.);
#3942=EDGE_CURVE('',#4060,#4995,#4997,.T.);
#3943=EDGE_CURVE('',#4995,#4998,#4999,.T.);
#3944=EDGE_CURVE('',#4998,#4046,#5000,.T.);
#3945=EDGE_CURVE('',#4043,#5001,#5002,.T.);
#3946=EDGE_CURVE('',#5001,#4975,#5003,.T.);
#3947=EDGE_CURVE('',#4241,#5004,#5005,.T.);
#3948=EDGE_CURVE('',#4239,#4948,#5006,.T.);
#3949=EDGE_CURVE('',#5001,#5004,#5007,.T.);
#3950=EDGE_CURVE('',#4044,#5008,#5009,.T.);
#3951=EDGE_CURVE('',#5004,#5008,#5010,.T.);
#3952=EDGE_CURVE('',#4243,#5008,#5011,.T.);
#3953=EDGE_CURVE('',#4245,#4050,#5012,.T.);
#3954=EDGE_CURVE('',#4247,#4048,#5013,.T.);
#3955=EDGE_CURVE('',#4249,#5014,#5015,.T.);
#3956=EDGE_CURVE('',#4998,#5014,#5016,.T.);
#3957=EDGE_CURVE('',#4038,#4993,#5017,.T.);
#3958=EDGE_CURVE('',#4035,#5018,#5019,.T.);
#3959=EDGE_CURVE('',#5014,#5018,#5020,.T.);
#3960=EDGE_CURVE('',#4251,#5018,#5021,.T.);
#3961=EDGE_CURVE('',#4266,#4953,#5022,.T.);
#3962=EDGE_CURVE('',#4268,#4951,#5023,.T.);
#3963=EDGE_CURVE('',#4260,#4988,#5024,.T.);
#3964=EDGE_CURVE('',#4022,#4305,#5025,.T.);
#3965=EDGE_CURVE('',#4019,#5026,#5027,.T.);
#3966=EDGE_CURVE('',#4340,#5026,#5028,.T.);
#3967=EDGE_CURVE('',#4963,#5026,#5029,.T.);
#3968=EDGE_CURVE('',#4200,#5030,#5031,.T.);
#3969=EDGE_CURVE('',#5030,#4190,#5032,.T.);
#3970=EDGE_CURVE('',#4195,#5030,#5033,.T.);
#3971=CARTESIAN_POINT('',(4.2,0.0,-13.9));
#3972=DIRECTION('',(0.0,1.0,0.0));
#3973=DIRECTION('',(-1.0,0.0,0.0));
#3974=CARTESIAN_POINT('',(4.2,0.0,-13.9));
#3975=DIRECTION('',(-0.0,1.0,0.0));
#3976=DIRECTION('',(1.0,0.0,0.0));
#3977=CARTESIAN_POINT('',(4.2,0.0,-19.4));
#3978=DIRECTION('',(0.0,1.0,0.0));
#3979=DIRECTION('',(-1.0,0.0,0.0));
#3980=CARTESIAN_POINT('',(4.2,0.0,-19.4));
#3981=DIRECTION('',(-0.0,1.0,0.0));
#3982=DIRECTION('',(1.0,0.0,0.0));
#3983=CARTESIAN_POINT('',(0.0,0.0,-13.9));
#3984=DIRECTION('',(0.0,1.0,0.0));
#3985=DIRECTION('',(-1.0,0.0,0.0));
#3986=CARTESIAN_POINT('',(0.0,0.0,-13.9));
#3987=DIRECTION('',(-0.0,1.0,0.0));
#3988=DIRECTION('',(1.0,0.0,0.0));
#3989=CARTESIAN_POINT('',(0.0,0.0,-19.4));
#3990=DIRECTION('',(0.0,1.0,0.0));
#3991=DIRECTION('',(-1.0,0.0,0.0));
#3992=CARTESIAN_POINT('',(0.0,0.0,-19.4));
#3993=DIRECTION('',(-0.0,1.0,0.0));
#3994=DIRECTION('',(1.0,0.0,0.0));
#3995=CARTESIAN_POINT('',(-4.2,0.0,-13.9));
#3996=DIRECTION('',(0.0,1.0,0.0));
#3997=DIRECTION('',(-1.0,0.0,0.0));
#3998=CARTESIAN_POINT('',(-4.2,0.0,-13.9));
#3999=DIRECTION('',(-0.0,1.0,0.0));
#4000=DIRECTION('',(1.0,0.0,0.0));
#4001=CARTESIAN_POINT('',(-4.2,0.0,-19.4));
#4002=DIRECTION('',(0.0,1.0,0.0));
#4003=DIRECTION('',(-1.0,0.0,0.0));
#4004=CARTESIAN_POINT('',(-4.2,0.0,-19.4));
#4005=DIRECTION('',(-0.0,1.0,0.0));
#4006=DIRECTION('',(1.0,0.0,0.0));
#4007=CARTESIAN_POINT('',(4.2,0.0,-6.6));
#4008=DIRECTION('',(0.0,-1.0,0.0));
#4009=DIRECTION('',(1.0,0.0,0.0));
#4010=CARTESIAN_POINT('',(4.2,0.0,-6.6));
#4011=DIRECTION('',(0.0,-1.0,0.0));
#4012=DIRECTION('',(-1.0,0.0,0.0));
#4013=CARTESIAN_POINT('',(-4.2,0.0,-6.6));
#4014=DIRECTION('',(0.0,1.0,0.0));
#4015=DIRECTION('',(-1.0,0.0,0.0));
#4016=CARTESIAN_POINT('',(-4.2,0.0,-6.6));
#4017=DIRECTION('',(-0.0,1.0,0.0));
#4018=DIRECTION('',(1.0,0.0,0.0));
#4019=VERTEX_POINT('',#5034);
#4020=VERTEX_POINT('',#5035);
#4021=LINE('',#5036,#5037);
#4022=VERTEX_POINT('',#5038);
#4023=CIRCLE('',#5039,1.475);
#4024=VERTEX_POINT('',#5040);
#4025=LINE('',#5041,#5042);
#4026=CIRCLE('',#5043,1.475);
#4027=VERTEX_POINT('',#5044);
#4028=VERTEX_POINT('',#5045);
#4029=LINE('',#5046,#5047);
#4030=VERTEX_POINT('',#5048);
#4031=CIRCLE('',#5049,1.475);
#4032=VERTEX_POINT('',#5050);
#4033=LINE('',#5051,#5052);
#4034=CIRCLE('',#5053,1.475);
#4035=VERTEX_POINT('',#5054);
#4036=VERTEX_POINT('',#5055);
#4037=LINE('',#5056,#5057);
#4038=VERTEX_POINT('',#5058);
#4039=CIRCLE('',#5059,1.475);
#4040=VERTEX_POINT('',#5060);
#4041=LINE('',#5061,#5062);
#4042=CIRCLE('',#5063,1.475);
#4043=VERTEX_POINT('',#5064);
#4044=VERTEX_POINT('',#5065);
#4045=LINE('',#5066,#5067);
#4046=VERTEX_POINT('',#5068);
#4047=CIRCLE('',#5069,1.101953211016);
#4048=VERTEX_POINT('',#5070);
#4049=B_SPLINE_CURVE_WITH_KNOTS('',3,(#5071,#5072,#5073,#5074,#5075),.UNSPECIFIED.,.F.,.F.,(4,1,4),(0.0,0.5,1.0),.UNSPECIFIED.);
#4050=VERTEX_POINT('',#5076);
#4051=B_SPLINE_CURVE_WITH_KNOTS('',3,(#5077,#5078,#5079,#5080,#5081),.UNSPECIFIED.,.F.,.F.,(4,1,4),(0.0,0.5,1.0),.UNSPECIFIED.);
#4052=CIRCLE('',#5082,1.475);
#4053=VERTEX_POINT('',#5083);
#4054=VERTEX_POINT('',#5084);
#4055=LINE('',#5085,#5086);
#4056=VERTEX_POINT('',#5087);
#4057=CIRCLE('',#5088,1.475);
#4058=VERTEX_POINT('',#5089);
#4059=B_SPLINE_CURVE_WITH_KNOTS('',3,(#5090,#5091,#5092,#5093,#5094),.UNSPECIFIED.,.F.,.F.,(4,1,4),(0.0,0.5,1.0),.UNSPECIFIED.);
#4060=VERTEX_POINT('',#5095);
#4061=B_SPLINE_CURVE_WITH_KNOTS('',3,(#5096,#5097,#5098,#5099,#5100),.UNSPECIFIED.,.F.,.F.,(4,1,4),(0.0,0.5,1.0),.UNSPECIFIED.);
#4062=CIRCLE('',#5101,1.101953211016);
#4063=VERTEX_POINT('',#5102);
#4064=VERTEX_POINT('',#5103);
#4065=LINE('',#5104,#5105);
#4066=VERTEX_POINT('',#5106);
#4067=CIRCLE('',#5107,0.4);
#4068=VERTEX_POINT('',#5108);
#4069=LINE('',#5109,#5110);
#4070=CIRCLE('',#5111,0.4);
#4071=VERTEX_POINT('',#5112);
#4072=VERTEX_POINT('',#5113);
#4073=LINE('',#5114,#5115);
#4074=VERTEX_POINT('',#5116);
#4075=CIRCLE('',#5117,0.4);
#4076=VERTEX_POINT('',#5118);
#4077=LINE('',#5119,#5120);
#4078=CIRCLE('',#5121,0.4);
#4079=VERTEX_POINT('',#5122);
#4080=VERTEX_POINT('',#5123);
#4081=LINE('',#5124,#5125);
#4082=VERTEX_POINT('',#5126);
#4083=CIRCLE('',#5127,1.101953211016);
#4084=VERTEX_POINT('',#5128);
#4085=B_SPLINE_CURVE_WITH_KNOTS('',3,(#5129,#5130,#5131,#5132,#5133),.UNSPECIFIED.,.F.,.F.,(4,1,4),(0.0,0.5,1.0),.UNSPECIFIED.);
#4086=VERTEX_POINT('',#5134);
#4087=B_SPLINE_CURVE_WITH_KNOTS('',3,(#5135,#5136,#5137,#5138,#5139),.UNSPECIFIED.,.F.,.F.,(4,1,4),(0.0,0.5,1.0),.UNSPECIFIED.);
#4088=CIRCLE('',#5140,1.475);
#4089=VERTEX_POINT('',#5141);
#4090=VERTEX_POINT('',#5142);
#4091=LINE('',#5143,#5144);
#4092=VERTEX_POINT('',#5145);
#4093=CIRCLE('',#5146,1.475);
#4094=VERTEX_POINT('',#5147);
#4095=LINE('',#5148,#5149);
#4096=CIRCLE('',#5150,1.475);
#4097=VERTEX_POINT('',#5151);
#4098=VERTEX_POINT('',#5152);
#4099=LINE('',#5153,#5154);
#4100=VERTEX_POINT('',#5155);
#4101=CIRCLE('',#5156,1.475);
#4102=VERTEX_POINT('',#5157);
#4103=B_SPLINE_CURVE_WITH_KNOTS('',3,(#5158,#5159,#5160,#5161,#5162),.UNSPECIFIED.,.F.,.F.,(4,1,4),(0.0,0.5,1.0),.UNSPECIFIED.);
#4104=VERTEX_POINT('',#5163);
#4105=B_SPLINE_CURVE_WITH_KNOTS('',3,(#5164,#5165,#5166,#5167,#5168),.UNSPECIFIED.,.F.,.F.,(4,1,4),(0.0,0.5,1.0),.UNSPECIFIED.);
#4106=CIRCLE('',#5169,1.101953211016);
#4107=VERTEX_POINT('',#5170);
#4108=VERTEX_POINT('',#5171);
#4109=LINE('',#5172,#5173);
#4110=VERTEX_POINT('',#5174);
#4111=CIRCLE('',#5175,0.4);
#4112=VERTEX_POINT('',#5176);
#4113=LINE('',#5177,#5178);
#4114=VERTEX_POINT('',#5179);
#4115=CIRCLE('',#5180,0.4);
#4116=VERTEX_POINT('',#5181);
#4117=LINE('',#5182,#5183);
#4118=VERTEX_POINT('',#5184);
#4119=CIRCLE('',#5185,0.4);
#4120=VERTEX_POINT('',#5186);
#4121=LINE('',#5187,#5188);
#4122=CIRCLE('',#5189,0.4);
#4123=VERTEX_POINT('',#5190);
#4124=LINE('',#5191,#5192);
#4125=VERTEX_POINT('',#5193);
#4126=CIRCLE('',#5194,0.4);
#4127=VERTEX_POINT('',#5195);
#4128=LINE('',#5196,#5197);
#4129=LINE('',#5198,#5199);
#4130=VERTEX_POINT('',#5200);
#4131=VERTEX_POINT('',#5201);
#4132=LINE('',#5202,#5203);
#4133=VERTEX_POINT('',#5204);
#4134=LINE('',#5205,#5206);
#4135=VERTEX_POINT('',#5207);
#4136=LINE('',#5208,#5209);
#4137=LINE('',#5210,#5211);
#4138=VERTEX_POINT('',#5212);
#4139=VERTEX_POINT('',#5213);
#4140=LINE('',#5214,#5215);
#4141=VERTEX_POINT('',#5216);
#4142=LINE('',#5217,#5218);
#4143=VERTEX_POINT('',#5219);
#4144=LINE('',#5220,#5221);
#4145=LINE('',#5222,#5223);
#4146=VERTEX_POINT('',#5224);
#4147=VERTEX_POINT('',#5225);
#4148=LINE('',#5226,#5227);
#4149=VERTEX_POINT('',#5228);
#4150=LINE('',#5229,#5230);
#4151=VERTEX_POINT('',#5231);
#4152=LINE('',#5232,#5233);
#4153=LINE('',#5234,#5235);
#4154=VERTEX_POINT('',#5236);
#4155=VERTEX_POINT('',#5237);
#4156=LINE('',#5238,#5239);
#4157=VERTEX_POINT('',#5240);
#4158=LINE('',#5241,#5242);
#4159=VERTEX_POINT('',#5243);
#4160=LINE('',#5244,#5245);
#4161=VERTEX_POINT('',#5246);
#4162=LINE('',#5247,#5248);
#4163=VERTEX_POINT('',#5249);
#4164=LINE('',#5250,#5251);
#4165=LINE('',#5252,#5253);
#4166=VERTEX_POINT('',#5254);
#4167=VERTEX_POINT('',#5255);
#4168=LINE('',#5256,#5257);
#4169=VERTEX_POINT('',#5258);
#4170=LINE('',#5259,#5260);
#4171=VERTEX_POINT('',#5261);
#4172=LINE('',#5262,#5263);
#4173=VERTEX_POINT('',#5264);
#4174=LINE('',#5265,#5266);
#4175=VERTEX_POINT('',#5267);
#4176=LINE('',#5268,#5269);
#4177=LINE('',#5270,#5271);
#4178=VERTEX_POINT('',#5272);
#4179=VERTEX_POINT('',#5273);
#4180=LINE('',#5274,#5275);
#4181=VERTEX_POINT('',#5276);
#4182=LINE('',#5277,#5278);
#4183=VERTEX_POINT('',#5279);
#4184=LINE('',#5280,#5281);
#4185=VERTEX_POINT('',#5282);
#4186=LINE('',#5283,#5284);
#4187=VERTEX_POINT('',#5285);
#4188=LINE('',#5286,#5287);
#4189=LINE('',#5288,#5289);
#4190=VERTEX_POINT('',#5290);
#4191=LINE('',#5291,#5292);
#4192=VERTEX_POINT('',#5293);
#4193=LINE('',#5294,#5295);
#4194=LINE('',#5296,#5297);
#4195=VERTEX_POINT('',#5298);
#4196=LINE('',#5299,#5300);
#4197=VERTEX_POINT('',#5301);
#4198=LINE('',#5302,#5303);
#4199=LINE('',#5304,#5305);
#4200=VERTEX_POINT('',#5306);
#4201=LINE('',#5307,#5308);
#4202=LINE('',#5309,#5310);
#4203=VERTEX_POINT('',#5311);
#4204=LINE('',#5312,#5313);
#4205=VERTEX_POINT('',#5314);
#4206=LINE('',#5315,#5316);
#4207=LINE('',#5317,#5318);
#4208=VERTEX_POINT('',#5319);
#4209=CIRCLE('',#5320,0.4);
#4210=LINE('',#5321,#5322);
#4211=VERTEX_POINT('',#5323);
#4212=LINE('',#5324,#5325);
#4213=LINE('',#5326,#5327);
#4214=VERTEX_POINT('',#5328);
#4215=CIRCLE('',#5329,0.4);
#4216=LINE('',#5330,#5331);
#4217=VERTEX_POINT('',#5332);
#4218=VERTEX_POINT('',#5333);
#4219=CIRCLE('',#5334,0.85);
#4220=LINE('',#5335,#5336);
#4221=VERTEX_POINT('',#5337);
#4222=CIRCLE('',#5338,1.475);
#4223=VERTEX_POINT('',#5339);
#4224=LINE('',#5340,#5341);
#4225=VERTEX_POINT('',#5342);
#4226=CIRCLE('',#5343,0.85);
#4227=VERTEX_POINT('',#5344);
#4228=LINE('',#5345,#5346);
#4229=VERTEX_POINT('',#5347);
#4230=CIRCLE('',#5348,1.475);
#4231=VERTEX_POINT('',#5349);
#4232=LINE('',#5350,#5351);
#4233=VERTEX_POINT('',#5352);
#4234=CIRCLE('',#5353,0.85);
#4235=VERTEX_POINT('',#5354);
#4236=LINE('',#5355,#5356);
#4237=VERTEX_POINT('',#5357);
#4238=LINE('',#5358,#5359);
#4239=VERTEX_POINT('',#5360);
#4240=LINE('',#5361,#5362);
#4241=VERTEX_POINT('',#5363);
#4242=CIRCLE('',#5364,0.85);
#4243=VERTEX_POINT('',#5365);
#4244=LINE('',#5366,#5367);
#4245=VERTEX_POINT('',#5368);
#4246=CIRCLE('',#5369,1.475);
#4247=VERTEX_POINT('',#5370);
#4248=LINE('',#5371,#5372);
#4249=VERTEX_POINT('',#5373);
#4250=CIRCLE('',#5374,0.85);
#4251=VERTEX_POINT('',#5375);
#4252=LINE('',#5376,#5377);
#4253=CIRCLE('',#5378,1.475);
#4254=VERTEX_POINT('',#5379);
#4255=LINE('',#5380,#5381);
#4256=VERTEX_POINT('',#5382);
#4257=CIRCLE('',#5383,0.85);
#4258=VERTEX_POINT('',#5384);
#4259=LINE('',#5385,#5386);
#4260=VERTEX_POINT('',#5387);
#4261=CIRCLE('',#5388,1.475);
#4262=VERTEX_POINT('',#5389);
#4263=LINE('',#5390,#5391);
#4264=VERTEX_POINT('',#5392);
#4265=CIRCLE('',#5393,0.85);
#4266=VERTEX_POINT('',#5394);
#4267=LINE('',#5395,#5396);
#4268=VERTEX_POINT('',#5397);
#4269=LINE('',#5398,#5399);
#4270=VERTEX_POINT('',#5400);
#4271=LINE('',#5401,#5402);
#4272=VERTEX_POINT('',#5403);
#4273=LINE('',#5404,#5405);
#4274=LINE('',#5406,#5407);
#4275=VERTEX_POINT('',#5408);
#4276=LINE('',#5409,#5410);
#4277=VERTEX_POINT('',#5411);
#4278=LINE('',#5412,#5413);
#4279=VERTEX_POINT('',#5414);
#4280=LINE('',#5415,#5416);
#4281=VERTEX_POINT('',#5417);
#4282=LINE('',#5418,#5419);
#4283=VERTEX_POINT('',#5420);
#4284=CIRCLE('',#5421,0.85);
#4285=VERTEX_POINT('',#5422);
#4286=LINE('',#5423,#5424);
#4287=VERTEX_POINT('',#5425);
#4288=CIRCLE('',#5426,1.475);
#4289=LINE('',#5427,#5428);
#4290=VERTEX_POINT('',#5429);
#4291=LINE('',#5430,#5431);
#4292=VERTEX_POINT('',#5432);
#4293=LINE('',#5433,#5434);
#4294=B_SPLINE_CURVE_WITH_KNOTS('',3,(#5435,#5436,#5437,#5438,#5439),.UNSPECIFIED.,.F.,.F.,(4,1,4),(0.0,0.5,1.0),.UNSPECIFIED.);
#4295=VERTEX_POINT('',#5440);
#4296=CIRCLE('',#5441,1.101953211016);
#4297=B_SPLINE_CURVE_WITH_KNOTS('',3,(#5442,#5443,#5444,#5445,#5446),.UNSPECIFIED.,.F.,.F.,(4,1,4),(0.0,0.5,1.0),.UNSPECIFIED.);
#4298=CIRCLE('',#5447,1.475);
#4299=LINE('',#5448,#5449);
#4300=LINE('',#5450,#5451);
#4301=VERTEX_POINT('',#5452);
#4302=LINE('',#5453,#5454);
#4303=VERTEX_POINT('',#5455);
#4304=CIRCLE('',#5456,0.85);
#4305=VERTEX_POINT('',#5457);
#4306=LINE('',#5458,#5459);
#4307=VERTEX_POINT('',#5460);
#4308=B_SPLINE_CURVE_WITH_KNOTS('',3,(#5461,#5462,#5463,#5464,#5465),.UNSPECIFIED.,.F.,.F.,(4,1,4),(0.0,0.5,1.0),.UNSPECIFIED.);
#4309=CIRCLE('',#5466,0.85);
#4310=VERTEX_POINT('',#5467);
#4311=CIRCLE('',#5468,1.101953211016);
#4312=CIRCLE('',#5469,0.85);
#4313=VERTEX_POINT('',#5470);
#4314=CIRCLE('',#5471,1.101953211016);
#4315=VERTEX_POINT('',#5472);
#4316=CIRCLE('',#5473,0.85);
#4317=VERTEX_POINT('',#5474);
#4318=CIRCLE('',#5475,1.101953211016);
#4319=CIRCLE('',#5476,0.85);
#4320=VERTEX_POINT('',#5477);
#4321=B_SPLINE_CURVE_WITH_KNOTS('',3,(#5478,#5479,#5480,#5481,#5482),.UNSPECIFIED.,.F.,.F.,(4,1,4),(0.0,0.5,1.0),.UNSPECIFIED.);
#4322=LINE('',#5483,#5484);
#4323=B_SPLINE_CURVE_WITH_KNOTS('',3,(#5485,#5486,#5487,#5488,#5489),.UNSPECIFIED.,.F.,.F.,(4,1,4),(0.0,0.5,1.0),.UNSPECIFIED.);
#4324=VERTEX_POINT('',#5490);
#4325=B_SPLINE_CURVE_WITH_KNOTS('',3,(#5491,#5492,#5493,#5494,#5495),.UNSPECIFIED.,.F.,.F.,(4,1,4),(0.0,0.5,1.0),.UNSPECIFIED.);
#4326=VERTEX_POINT('',#5496);
#4327=B_SPLINE_CURVE_WITH_KNOTS('',3,(#5497,#5498,#5499,#5500,#5501),.UNSPECIFIED.,.F.,.F.,(4,1,4),(0.0,0.5,1.0),.UNSPECIFIED.);
#4328=CIRCLE('',#5502,1.475);
#4329=LINE('',#5503,#5504);
#4330=LINE('',#5505,#5506);
#4331=VERTEX_POINT('',#5507);
#4332=B_SPLINE_CURVE_WITH_KNOTS('',3,(#5508,#5509,#5510,#5511,#5512),.UNSPECIFIED.,.F.,.F.,(4,1,4),(0.0,0.5,1.0),.UNSPECIFIED.);
#4333=LINE('',#5513,#5514);
#4334=VERTEX_POINT('',#5515);
#4335=LINE('',#5516,#5517);
#4336=B_SPLINE_CURVE_WITH_KNOTS('',3,(#5518,#5519,#5520,#5521,#5522),.UNSPECIFIED.,.F.,.F.,(4,1,4),(0.0,0.5,1.0),.UNSPECIFIED.);
#4337=CIRCLE('',#5523,1.475);
#4338=LINE('',#5524,#5525);
#4339=LINE('',#5526,#5527);
#4340=VERTEX_POINT('',#5528);
#4341=B_SPLINE_CURVE_WITH_KNOTS('',3,(#5529,#5530,#5531,#5532,#5533),.UNSPECIFIED.,.F.,.F.,(4,1,4),(0.0,0.5,1.0),.UNSPECIFIED.);
#4342=VERTEX_POINT('',#5534);
#4343=LINE('',#5535,#5536);
#4344=VERTEX_POINT('',#5537);
#4345=CIRCLE('',#5538,0.85);
#4346=LINE('',#5539,#5540);
#4347=VERTEX_POINT('',#5541);
#4348=LINE('',#5542,#5543);
#4349=LINE('',#5544,#5545);
#4350=VERTEX_POINT('',#5546);
#4351=LINE('',#5547,#5548);
#4352=LINE('',#5549,#5550);
#4353=VERTEX_POINT('',#5551);
#4354=CIRCLE('',#5552,0.4);
#4355=VERTEX_POINT('',#5553);
#4356=LINE('',#5554,#5555);
#4357=CIRCLE('',#5556,0.4);
#4358=VERTEX_POINT('',#5557);
#4359=LINE('',#5558,#5559);
#4360=VERTEX_POINT('',#5560);
#4361=LINE('',#5561,#5562);
#4362=LINE('',#5563,#5564);
#4363=VERTEX_POINT('',#5565);
#4364=LINE('',#5566,#5567);
#4365=LINE('',#5568,#5569);
#4366=VERTEX_POINT('',#5570);
#4367=CIRCLE('',#5571,0.4);
#4368=LINE('',#5572,#5573);
#4369=VERTEX_POINT('',#5574);
#4370=CIRCLE('',#5575,0.4);
#4371=LINE('',#5576,#5577);
#4372=VERTEX_POINT('',#5578);
#4373=VERTEX_POINT('',#5579);
#4374=LINE('',#5580,#5581);
#4375=VERTEX_POINT('',#5582);
#4376=LINE('',#5583,#5584);
#4377=VERTEX_POINT('',#5585);
#4378=LINE('',#5586,#5587);
#4379=LINE('',#5588,#5589);
#4380=VERTEX_POINT('',#5590);
#4381=VERTEX_POINT('',#5591);
#4382=LINE('',#5592,#5593);
#4383=VERTEX_POINT('',#5594);
#4384=LINE('',#5595,#5596);
#4385=VERTEX_POINT('',#5597);
#4386=LINE('',#5598,#5599);
#4387=LINE('',#5600,#5601);
#4388=VERTEX_POINT('',#5602);
#4389=VERTEX_POINT('',#5603);
#4390=LINE('',#5604,#5605);
#4391=VERTEX_POINT('',#5606);
#4392=LINE('',#5607,#5608);
#4393=VERTEX_POINT('',#5609);
#4394=LINE('',#5610,#5611);
#4395=LINE('',#5612,#5613);
#4396=VERTEX_POINT('',#5614);
#4397=VERTEX_POINT('',#5615);
#4398=LINE('',#5616,#5617);
#4399=VERTEX_POINT('',#5618);
#4400=LINE('',#5619,#5620);
#4401=VERTEX_POINT('',#5621);
#4402=LINE('',#5622,#5623);
#4403=LINE('',#5624,#5625);
#4404=VERTEX_POINT('',#5626);
#4405=VERTEX_POINT('',#5627);
#4406=LINE('',#5628,#5629);
#4407=VERTEX_POINT('',#5630);
#4408=LINE('',#5631,#5632);
#4409=VERTEX_POINT('',#5633);
#4410=LINE('',#5634,#5635);
#4411=LINE('',#5636,#5637);
#4412=VERTEX_POINT('',#5638);
#4413=VERTEX_POINT('',#5639);
#4414=LINE('',#5640,#5641);
#4415=VERTEX_POINT('',#5642);
#4416=LINE('',#5643,#5644);
#4417=VERTEX_POINT('',#5645);
#4418=LINE('',#5646,#5647);
#4419=LINE('',#5648,#5649);
#4420=VERTEX_POINT('',#5650);
#4421=VERTEX_POINT('',#5651);
#4422=LINE('',#5652,#5653);
#4423=VERTEX_POINT('',#5654);
#4424=LINE('',#5655,#5656);
#4425=VERTEX_POINT('',#5657);
#4426=LINE('',#5658,#5659);
#4427=LINE('',#5660,#5661);
#4428=VERTEX_POINT('',#5662);
#4429=VERTEX_POINT('',#5663);
#4430=LINE('',#5664,#5665);
#4431=VERTEX_POINT('',#5666);
#4432=CIRCLE('',#5667,2.09);
#4433=LINE('',#5668,#5669);
#4434=VERTEX_POINT('',#5670);
#4435=LINE('',#5671,#5672);
#4436=VERTEX_POINT('',#5673);
#4437=CIRCLE('',#5674,1.02);
#4438=VERTEX_POINT('',#5675);
#4439=LINE('',#5676,#5677);
#4440=LINE('',#5678,#5679);
#4441=VERTEX_POINT('',#5680);
#4442=LINE('',#5681,#5682);
#4443=VERTEX_POINT('',#5683);
#4444=LINE('',#5684,#5685);
#4445=LINE('',#5686,#5687);
#4446=VERTEX_POINT('',#5688);
#4447=LINE('',#5689,#5690);
#4448=VERTEX_POINT('',#5691);
#4449=LINE('',#5692,#5693);
#4450=LINE('',#5694,#5695);
#4451=VERTEX_POINT('',#5696);
#4452=LINE('',#5697,#5698);
#4453=LINE('',#5699,#5700);
#4454=VERTEX_POINT('',#5701);
#4455=LINE('',#5702,#5703);
#4456=LINE('',#5704,#5705);
#4457=VERTEX_POINT('',#5706);
#4458=CIRCLE('',#5707,1.02);
#4459=LINE('',#5708,#5709);
#4460=VERTEX_POINT('',#5710);
#4461=LINE('',#5711,#5712);
#4462=LINE('',#5713,#5714);
#4463=VERTEX_POINT('',#5715);
#4464=LINE('',#5716,#5717);
#4465=VERTEX_POINT('',#5718);
#4466=LINE('',#5719,#5720);
#4467=LINE('',#5721,#5722);
#4468=VERTEX_POINT('',#5723);
#4469=LINE('',#5724,#5725);
#4470=LINE('',#5726,#5727);
#4471=VERTEX_POINT('',#5728);
#4472=LINE('',#5729,#5730);
#4473=VERTEX_POINT('',#5731);
#4474=LINE('',#5732,#5733);
#4475=LINE('',#5734,#5735);
#4476=VERTEX_POINT('',#5736);
#4477=LINE('',#5737,#5738);
#4478=LINE('',#5739,#5740);
#4479=VERTEX_POINT('',#5741);
#4480=CIRCLE('',#5742,2.09);
#4481=LINE('',#5743,#5744);
#4482=LINE('',#5745,#5746);
#4483=VERTEX_POINT('',#5747);
#4484=LINE('',#5748,#5749);
#4485=VERTEX_POINT('',#5750);
#4486=LINE('',#5751,#5752);
#4487=LINE('',#5753,#5754);
#4488=LINE('',#5755,#5756);
#4489=LINE('',#5757,#5758);
#4490=LINE('',#5759,#5760);
#4491=VERTEX_POINT('',#5761);
#4492=LINE('',#5762,#5763);
#4493=LINE('',#5764,#5765);
#4494=LINE('',#5766,#5767);
#4495=VERTEX_POINT('',#5768);
#4496=VERTEX_POINT('',#5769);
#4497=LINE('',#5770,#5771);
#4498=VERTEX_POINT('',#5772);
#4499=LINE('',#5773,#5774);
#4500=VERTEX_POINT('',#5775);
#4501=LINE('',#5776,#5777);
#4502=LINE('',#5778,#5779);
#4503=VERTEX_POINT('',#5780);
#4504=VERTEX_POINT('',#5781);
#4505=LINE('',#5782,#5783);
#4506=VERTEX_POINT('',#5784);
#4507=LINE('',#5785,#5786);
#4508=VERTEX_POINT('',#5787);
#4509=LINE('',#5788,#5789);
#4510=LINE('',#5790,#5791);
#4511=VERTEX_POINT('',#5792);
#4512=VERTEX_POINT('',#5793);
#4513=LINE('',#5794,#5795);
#4514=VERTEX_POINT('',#5796);
#4515=LINE('',#5797,#5798);
#4516=VERTEX_POINT('',#5799);
#4517=LINE('',#5800,#5801);
#4518=VERTEX_POINT('',#5802);
#4519=LINE('',#5803,#5804);
#4520=VERTEX_POINT('',#5805);
#4521=LINE('',#5806,#5807);
#4522=LINE('',#5808,#5809);
#4523=LINE('',#5810,#5811);
#4524=LINE('',#5812,#5813);
#4525=LINE('',#5814,#5815);
#4526=LINE('',#5816,#5817);
#4527=VERTEX_POINT('',#5818);
#4528=LINE('',#5819,#5820);
#4529=VERTEX_POINT('',#5821);
#4530=LINE('',#5822,#5823);
#4531=LINE('',#5824,#5825);
#4532=VERTEX_POINT('',#5826);
#4533=VERTEX_POINT('',#5827);
#4534=LINE('',#5828,#5829);
#4535=CIRCLE('',#5830,2.09);
#4536=VERTEX_POINT('',#5831);
#4537=CIRCLE('',#5832,1.02);
#4538=VERTEX_POINT('',#5833);
#4539=LINE('',#5834,#5835);
#4540=LINE('',#5836,#5837);
#4541=VERTEX_POINT('',#5838);
#4542=LINE('',#5839,#5840);
#4543=VERTEX_POINT('',#5841);
#4544=LINE('',#5842,#5843);
#4545=LINE('',#5844,#5845);
#4546=VERTEX_POINT('',#5846);
#4547=LINE('',#5847,#5848);
#4548=VERTEX_POINT('',#5849);
#4549=LINE('',#5850,#5851);
#4550=LINE('',#5852,#5853);
#4551=LINE('',#5854,#5855);
#4552=VERTEX_POINT('',#5856);
#4553=LINE('',#5857,#5858);
#4554=LINE('',#5859,#5860);
#4555=VERTEX_POINT('',#5861);
#4556=VERTEX_POINT('',#5862);
#4557=LINE('',#5863,#5864);
#4558=CIRCLE('',#5865,1.02);
#4559=VERTEX_POINT('',#5866);
#4560=CIRCLE('',#5867,2.09);
#4561=VERTEX_POINT('',#5868);
#4562=LINE('',#5869,#5870);
#4563=LINE('',#5871,#5872);
#4564=VERTEX_POINT('',#5873);
#4565=LINE('',#5874,#5875);
#4566=LINE('',#5876,#5877);
#4567=LINE('',#5878,#5879);
#4568=LINE('',#5880,#5881);
#4569=VERTEX_POINT('',#5882);
#4570=LINE('',#5883,#5884);
#4571=VERTEX_POINT('',#5885);
#4572=LINE('',#5886,#5887);
#4573=LINE('',#5888,#5889);
#4574=VERTEX_POINT('',#5890);
#4575=LINE('',#5891,#5892);
#4576=VERTEX_POINT('',#5893);
#4577=LINE('',#5894,#5895);
#4578=LINE('',#5896,#5897);
#4579=LINE('',#5898,#5899);
#4580=LINE('',#5900,#5901);
#4581=LINE('',#5902,#5903);
#4582=LINE('',#5904,#5905);
#4583=LINE('',#5906,#5907);
#4584=LINE('',#5908,#5909);
#4585=LINE('',#5910,#5911);
#4586=LINE('',#5912,#5913);
#4587=LINE('',#5914,#5915);
#4588=LINE('',#5916,#5917);
#4589=LINE('',#5918,#5919);
#4590=LINE('',#5920,#5921);
#4591=LINE('',#5922,#5923);
#4592=VERTEX_POINT('',#5924);
#4593=VERTEX_POINT('',#5925);
#4594=LINE('',#5926,#5927);
#4595=VERTEX_POINT('',#5928);
#4596=LINE('',#5929,#5930);
#4597=VERTEX_POINT('',#5931);
#4598=LINE('',#5932,#5933);
#4599=LINE('',#5934,#5935);
#4600=VERTEX_POINT('',#5936);
#4601=VERTEX_POINT('',#5937);
#4602=LINE('',#5938,#5939);
#4603=VERTEX_POINT('',#5940);
#4604=CIRCLE('',#5941,2.09);
#4605=LINE('',#5942,#5943);
#4606=VERTEX_POINT('',#5944);
#4607=LINE('',#5945,#5946);
#4608=VERTEX_POINT('',#5947);
#4609=CIRCLE('',#5948,1.02);
#4610=VERTEX_POINT('',#5949);
#4611=LINE('',#5950,#5951);
#4612=LINE('',#5952,#5953);
#4613=VERTEX_POINT('',#5954);
#4614=LINE('',#5955,#5956);
#4615=VERTEX_POINT('',#5957);
#4616=LINE('',#5958,#5959);
#4617=LINE('',#5960,#5961);
#4618=VERTEX_POINT('',#5962);
#4619=LINE('',#5963,#5964);
#4620=VERTEX_POINT('',#5965);
#4621=LINE('',#5966,#5967);
#4622=LINE('',#5968,#5969);
#4623=VERTEX_POINT('',#5970);
#4624=LINE('',#5971,#5972);
#4625=LINE('',#5973,#5974);
#4626=VERTEX_POINT('',#5975);
#4627=LINE('',#5976,#5977);
#4628=LINE('',#5978,#5979);
#4629=VERTEX_POINT('',#5980);
#4630=CIRCLE('',#5981,1.02);
#4631=LINE('',#5982,#5983);
#4632=VERTEX_POINT('',#5984);
#4633=LINE('',#5985,#5986);
#4634=LINE('',#5987,#5988);
#4635=VERTEX_POINT('',#5989);
#4636=LINE('',#5990,#5991);
#4637=VERTEX_POINT('',#5992);
#4638=LINE('',#5993,#5994);
#4639=LINE('',#5995,#5996);
#4640=VERTEX_POINT('',#5997);
#4641=LINE('',#5998,#5999);
#4642=LINE('',#6000,#6001);
#4643=VERTEX_POINT('',#6002);
#4644=LINE('',#6003,#6004);
#4645=VERTEX_POINT('',#6005);
#4646=LINE('',#6006,#6007);
#4647=LINE('',#6008,#6009);
#4648=VERTEX_POINT('',#6010);
#4649=LINE('',#6011,#6012);
#4650=LINE('',#6013,#6014);
#4651=VERTEX_POINT('',#6015);
#4652=CIRCLE('',#6016,2.09);
#4653=LINE('',#6017,#6018);
#4654=LINE('',#6019,#6020);
#4655=VERTEX_POINT('',#6021);
#4656=LINE('',#6022,#6023);
#4657=VERTEX_POINT('',#6024);
#4658=LINE('',#6025,#6026);
#4659=LINE('',#6027,#6028);
#4660=LINE('',#6029,#6030);
#4661=LINE('',#6031,#6032);
#4662=LINE('',#6033,#6034);
#4663=VERTEX_POINT('',#6035);
#4664=LINE('',#6036,#6037);
#4665=LINE('',#6038,#6039);
#4666=LINE('',#6040,#6041);
#4667=VERTEX_POINT('',#6042);
#4668=VERTEX_POINT('',#6043);
#4669=LINE('',#6044,#6045);
#4670=VERTEX_POINT('',#6046);
#4671=LINE('',#6047,#6048);
#4672=VERTEX_POINT('',#6049);
#4673=LINE('',#6050,#6051);
#4674=LINE('',#6052,#6053);
#4675=VERTEX_POINT('',#6054);
#4676=VERTEX_POINT('',#6055);
#4677=LINE('',#6056,#6057);
#4678=VERTEX_POINT('',#6058);
#4679=LINE('',#6059,#6060);
#4680=VERTEX_POINT('',#6061);
#4681=LINE('',#6062,#6063);
#4682=VERTEX_POINT('',#6064);
#4683=LINE('',#6065,#6066);
#4684=VERTEX_POINT('',#6067);
#4685=LINE('',#6068,#6069);
#4686=LINE('',#6070,#6071);
#4687=VERTEX_POINT('',#6072);
#4688=VERTEX_POINT('',#6073);
#4689=LINE('',#6074,#6075);
#4690=VERTEX_POINT('',#6076);
#4691=LINE('',#6077,#6078);
#4692=VERTEX_POINT('',#6079);
#4693=LINE('',#6080,#6081);
#4694=LINE('',#6082,#6083);
#4695=LINE('',#6084,#6085);
#4696=LINE('',#6086,#6087);
#4697=LINE('',#6088,#6089);
#4698=LINE('',#6090,#6091);
#4699=VERTEX_POINT('',#6092);
#4700=LINE('',#6093,#6094);
#4701=VERTEX_POINT('',#6095);
#4702=LINE('',#6096,#6097);
#4703=LINE('',#6098,#6099);
#4704=VERTEX_POINT('',#6100);
#4705=VERTEX_POINT('',#6101);
#4706=LINE('',#6102,#6103);
#4707=CIRCLE('',#6104,2.09);
#4708=VERTEX_POINT('',#6105);
#4709=CIRCLE('',#6106,1.02);
#4710=VERTEX_POINT('',#6107);
#4711=LINE('',#6108,#6109);
#4712=LINE('',#6110,#6111);
#4713=VERTEX_POINT('',#6112);
#4714=LINE('',#6113,#6114);
#4715=VERTEX_POINT('',#6115);
#4716=LINE('',#6116,#6117);
#4717=LINE('',#6118,#6119);
#4718=VERTEX_POINT('',#6120);
#4719=LINE('',#6121,#6122);
#4720=VERTEX_POINT('',#6123);
#4721=LINE('',#6124,#6125);
#4722=LINE('',#6126,#6127);
#4723=LINE('',#6128,#6129);
#4724=VERTEX_POINT('',#6130);
#4725=LINE('',#6131,#6132);
#4726=LINE('',#6133,#6134);
#4727=VERTEX_POINT('',#6135);
#4728=VERTEX_POINT('',#6136);
#4729=LINE('',#6137,#6138);
#4730=CIRCLE('',#6139,1.02);
#4731=VERTEX_POINT('',#6140);
#4732=CIRCLE('',#6141,2.09);
#4733=VERTEX_POINT('',#6142);
#4734=LINE('',#6143,#6144);
#4735=LINE('',#6145,#6146);
#4736=VERTEX_POINT('',#6147);
#4737=LINE('',#6148,#6149);
#4738=LINE('',#6150,#6151);
#4739=LINE('',#6152,#6153);
#4740=LINE('',#6154,#6155);
#4741=VERTEX_POINT('',#6156);
#4742=LINE('',#6157,#6158);
#4743=VERTEX_POINT('',#6159);
#4744=LINE('',#6160,#6161);
#4745=LINE('',#6162,#6163);
#4746=VERTEX_POINT('',#6164);
#4747=LINE('',#6165,#6166);
#4748=VERTEX_POINT('',#6167);
#4749=LINE('',#6168,#6169);
#4750=LINE('',#6170,#6171);
#4751=LINE('',#6172,#6173);
#4752=LINE('',#6174,#6175);
#4753=LINE('',#6176,#6177);
#4754=LINE('',#6178,#6179);
#4755=LINE('',#6180,#6181);
#4756=LINE('',#6182,#6183);
#4757=LINE('',#6184,#6185);
#4758=LINE('',#6186,#6187);
#4759=LINE('',#6188,#6189);
#4760=LINE('',#6190,#6191);
#4761=LINE('',#6192,#6193);
#4762=LINE('',#6194,#6195);
#4763=LINE('',#6196,#6197);
#4764=VERTEX_POINT('',#6198);
#4765=VERTEX_POINT('',#6199);
#4766=LINE('',#6200,#6201);
#4767=VERTEX_POINT('',#6202);
#4768=LINE('',#6203,#6204);
#4769=VERTEX_POINT('',#6205);
#4770=LINE('',#6206,#6207);
#4771=LINE('',#6208,#6209);
#4772=VERTEX_POINT('',#6210);
#4773=VERTEX_POINT('',#6211);
#4774=LINE('',#6212,#6213);
#4775=VERTEX_POINT('',#6214);
#4776=CIRCLE('',#6215,2.09);
#4777=LINE('',#6216,#6217);
#4778=VERTEX_POINT('',#6218);
#4779=LINE('',#6219,#6220);
#4780=VERTEX_POINT('',#6221);
#4781=CIRCLE('',#6222,1.02);
#4782=VERTEX_POINT('',#6223);
#4783=LINE('',#6224,#6225);
#4784=LINE('',#6226,#6227);
#4785=VERTEX_POINT('',#6228);
#4786=LINE('',#6229,#6230);
#4787=VERTEX_POINT('',#6231);
#4788=LINE('',#6232,#6233);
#4789=LINE('',#6234,#6235);
#4790=VERTEX_POINT('',#6236);
#4791=LINE('',#6237,#6238);
#4792=VERTEX_POINT('',#6239);
#4793=LINE('',#6240,#6241);
#4794=LINE('',#6242,#6243);
#4795=VERTEX_POINT('',#6244);
#4796=LINE('',#6245,#6246);
#4797=LINE('',#6247,#6248);
#4798=VERTEX_POINT('',#6249);
#4799=LINE('',#6250,#6251);
#4800=LINE('',#6252,#6253);
#4801=VERTEX_POINT('',#6254);
#4802=CIRCLE('',#6255,1.02);
#4803=LINE('',#6256,#6257);
#4804=VERTEX_POINT('',#6258);
#4805=LINE('',#6259,#6260);
#4806=LINE('',#6261,#6262);
#4807=VERTEX_POINT('',#6263);
#4808=LINE('',#6264,#6265);
#4809=VERTEX_POINT('',#6266);
#4810=LINE('',#6267,#6268);
#4811=LINE('',#6269,#6270);
#4812=VERTEX_POINT('',#6271);
#4813=LINE('',#6272,#6273);
#4814=LINE('',#6274,#6275);
#4815=VERTEX_POINT('',#6276);
#4816=LINE('',#6277,#6278);
#4817=VERTEX_POINT('',#6279);
#4818=LINE('',#6280,#6281);
#4819=LINE('',#6282,#6283);
#4820=VERTEX_POINT('',#6284);
#4821=LINE('',#6285,#6286);
#4822=LINE('',#6287,#6288);
#4823=VERTEX_POINT('',#6289);
#4824=CIRCLE('',#6290,2.09);
#4825=LINE('',#6291,#6292);
#4826=LINE('',#6293,#6294);
#4827=VERTEX_POINT('',#6295);
#4828=LINE('',#6296,#6297);
#4829=VERTEX_POINT('',#6298);
#4830=LINE('',#6299,#6300);
#4831=LINE('',#6301,#6302);
#4832=LINE('',#6303,#6304);
#4833=LINE('',#6305,#6306);
#4834=LINE('',#6307,#6308);
#4835=VERTEX_POINT('',#6309);
#4836=LINE('',#6310,#6311);
#4837=LINE('',#6312,#6313);
#4838=LINE('',#6314,#6315);
#4839=VERTEX_POINT('',#6316);
#4840=VERTEX_POINT('',#6317);
#4841=LINE('',#6318,#6319);
#4842=VERTEX_POINT('',#6320);
#4843=LINE('',#6321,#6322);
#4844=VERTEX_POINT('',#6323);
#4845=LINE('',#6324,#6325);
#4846=LINE('',#6326,#6327);
#4847=VERTEX_POINT('',#6328);
#4848=VERTEX_POINT('',#6329);
#4849=LINE('',#6330,#6331);
#4850=VERTEX_POINT('',#6332);
#4851=LINE('',#6333,#6334);
#4852=VERTEX_POINT('',#6335);
#4853=LINE('',#6336,#6337);
#4854=VERTEX_POINT('',#6338);
#4855=LINE('',#6339,#6340);
#4856=VERTEX_POINT('',#6341);
#4857=LINE('',#6342,#6343);
#4858=LINE('',#6344,#6345);
#4859=VERTEX_POINT('',#6346);
#4860=VERTEX_POINT('',#6347);
#4861=LINE('',#6348,#6349);
#4862=VERTEX_POINT('',#6350);
#4863=LINE('',#6351,#6352);
#4864=VERTEX_POINT('',#6353);
#4865=LINE('',#6354,#6355);
#4866=LINE('',#6356,#6357);
#4867=LINE('',#6358,#6359);
#4868=LINE('',#6360,#6361);
#4869=LINE('',#6362,#6363);
#4870=LINE('',#6364,#6365);
#4871=VERTEX_POINT('',#6366);
#4872=LINE('',#6367,#6368);
#4873=VERTEX_POINT('',#6369);
#4874=LINE('',#6370,#6371);
#4875=LINE('',#6372,#6373);
#4876=VERTEX_POINT('',#6374);
#4877=VERTEX_POINT('',#6375);
#4878=LINE('',#6376,#6377);
#4879=CIRCLE('',#6378,2.09);
#4880=VERTEX_POINT('',#6379);
#4881=CIRCLE('',#6380,1.02);
#4882=VERTEX_POINT('',#6381);
#4883=LINE('',#6382,#6383);
#4884=LINE('',#6384,#6385);
#4885=VERTEX_POINT('',#6386);
#4886=LINE('',#6387,#6388);
#4887=VERTEX_POINT('',#6389);
#4888=LINE('',#6390,#6391);
#4889=LINE('',#6392,#6393);
#4890=VERTEX_POINT('',#6394);
#4891=LINE('',#6395,#6396);
#4892=VERTEX_POINT('',#6397);
#4893=LINE('',#6398,#6399);
#4894=LINE('',#6400,#6401);
#4895=LINE('',#6402,#6403);
#4896=VERTEX_POINT('',#6404);
#4897=LINE('',#6405,#6406);
#4898=LINE('',#6407,#6408);
#4899=VERTEX_POINT('',#6409);
#4900=VERTEX_POINT('',#6410);
#4901=LINE('',#6411,#6412);
#4902=CIRCLE('',#6413,1.02);
#4903=VERTEX_POINT('',#6414);
#4904=CIRCLE('',#6415,2.09);
#4905=VERTEX_POINT('',#6416);
#4906=LINE('',#6417,#6418);
#4907=LINE('',#6419,#6420);
#4908=VERTEX_POINT('',#6421);
#4909=LINE('',#6422,#6423);
#4910=LINE('',#6424,#6425);
#4911=LINE('',#6426,#6427);
#4912=LINE('',#6428,#6429);
#4913=VERTEX_POINT('',#6430);
#4914=LINE('',#6431,#6432);
#4915=VERTEX_POINT('',#6433);
#4916=LINE('',#6434,#6435);
#4917=LINE('',#6436,#6437);
#4918=VERTEX_POINT('',#6438);
#4919=LINE('',#6439,#6440);
#4920=VERTEX_POINT('',#6441);
#4921=LINE('',#6442,#6443);
#4922=LINE('',#6444,#6445);
#4923=LINE('',#6446,#6447);
#4924=LINE('',#6448,#6449);
#4925=LINE('',#6450,#6451);
#4926=LINE('',#6452,#6453);
#4927=LINE('',#6454,#6455);
#4928=LINE('',#6456,#6457);
#4929=LINE('',#6458,#6459);
#4930=LINE('',#6460,#6461);
#4931=LINE('',#6462,#6463);
#4932=LINE('',#6464,#6465);
#4933=LINE('',#6466,#6467);
#4934=LINE('',#6468,#6469);
#4935=LINE('',#6470,#6471);
#4936=LINE('',#6472,#6473);
#4937=LINE('',#6474,#6475);
#4938=LINE('',#6476,#6477);
#4939=VERTEX_POINT('',#6478);
#4940=LINE('',#6479,#6480);
#4941=LINE('',#6481,#6482);
#4942=CIRCLE('',#6483,0.4);
#4943=VERTEX_POINT('',#6484);
#4944=LINE('',#6485,#6486);
#4945=LINE('',#6487,#6488);
#4946=LINE('',#6489,#6490);
#4947=VERTEX_POINT('',#6491);
#4948=VERTEX_POINT('',#6492);
#4949=CIRCLE('',#6493,0.85);
#4950=LINE('',#6494,#6495);
#4951=VERTEX_POINT('',#6496);
#4952=LINE('',#6497,#6498);
#4953=VERTEX_POINT('',#6499);
#4954=LINE('',#6500,#6501);
#4955=VERTEX_POINT('',#6502);
#4956=LINE('',#6503,#6504);
#4957=VERTEX_POINT('',#6505);
#4958=CIRCLE('',#6506,0.85);
#4959=LINE('',#6507,#6508);
#4960=VERTEX_POINT('',#6509);
#4961=CIRCLE('',#6510,1.475);
#4962=LINE('',#6511,#6512);
#4963=VERTEX_POINT('',#6513);
#4964=LINE('',#6514,#6515);
#4965=CIRCLE('',#6516,1.475);
#4966=LINE('',#6517,#6518);
#4967=VERTEX_POINT('',#6519);
#4968=LINE('',#6520,#6521);
#4969=VERTEX_POINT('',#6522);
#4970=LINE('',#6523,#6524);
#4971=B_SPLINE_CURVE_WITH_KNOTS('',3,(#6525,#6526,#6527,#6528,#6529),.UNSPECIFIED.,.F.,.F.,(4,1,4),(0.0,0.5,1.0),.UNSPECIFIED.);
#4972=VERTEX_POINT('',#6530);
#4973=VERTEX_POINT('',#6531);
#4974=B_SPLINE_CURVE_WITH_KNOTS('',3,(#6532,#6533,#6534,#6535,#6536),.UNSPECIFIED.,.F.,.F.,(4,1,4),(0.0,0.5,1.0),.UNSPECIFIED.);
#4975=VERTEX_POINT('',#6537);
#4976=CIRCLE('',#6538,1.101953211016);
#4977=B_SPLINE_CURVE_WITH_KNOTS('',3,(#6539,#6540,#6541,#6542,#6543),.UNSPECIFIED.,.F.,.F.,(4,1,4),(0.0,0.5,1.0),.UNSPECIFIED.);
#4978=CIRCLE('',#6544,1.475);
#4979=B_SPLINE_CURVE_WITH_KNOTS('',3,(#6545,#6546,#6547,#6548,#6549),.UNSPECIFIED.,.F.,.F.,(4,1,4),(0.0,0.5,1.0),.UNSPECIFIED.);
#4980=LINE('',#6550,#6551);
#4981=VERTEX_POINT('',#6552);
#4982=CIRCLE('',#6553,0.85);
#4983=LINE('',#6554,#6555);
#4984=VERTEX_POINT('',#6556);
#4985=LINE('',#6557,#6558);
#4986=B_SPLINE_CURVE_WITH_KNOTS('',3,(#6559,#6560,#6561,#6562,#6563),.UNSPECIFIED.,.F.,.F.,(4,1,4),(0.0,0.5,1.0),.UNSPECIFIED.);
#4987=CIRCLE('',#6564,1.101953211016);
#4988=VERTEX_POINT('',#6565);
#4989=B_SPLINE_CURVE_WITH_KNOTS('',3,(#6566,#6567,#6568,#6569,#6570),.UNSPECIFIED.,.F.,.F.,(4,1,4),(0.0,0.5,1.0),.UNSPECIFIED.);
#4990=CIRCLE('',#6571,1.475);
#4991=LINE('',#6572,#6573);
#4992=LINE('',#6574,#6575);
#4993=VERTEX_POINT('',#6576);
#4994=LINE('',#6577,#6578);
#4995=VERTEX_POINT('',#6579);
#4996=B_SPLINE_CURVE_WITH_KNOTS('',3,(#6580,#6581,#6582,#6583,#6584),.UNSPECIFIED.,.F.,.F.,(4,1,4),(0.0,0.5,1.0),.UNSPECIFIED.);
#4997=CIRCLE('',#6585,0.85);
#4998=VERTEX_POINT('',#6586);
#4999=CIRCLE('',#6587,1.101953211016);
#5000=CIRCLE('',#6588,0.85);
#5001=VERTEX_POINT('',#6589);
#5002=CIRCLE('',#6590,1.101953211016);
#5003=CIRCLE('',#6591,0.85);
#5004=VERTEX_POINT('',#6592);
#5005=LINE('',#6593,#6594);
#5006=LINE('',#6595,#6596);
#5007=B_SPLINE_CURVE_WITH_KNOTS('',3,(#6597,#6598,#6599,#6600,#6601),.UNSPECIFIED.,.F.,.F.,(4,1,4),(0.0,0.5,1.0),.UNSPECIFIED.);
#5008=VERTEX_POINT('',#6602);
#5009=CIRCLE('',#6603,1.475);
#5010=B_SPLINE_CURVE_WITH_KNOTS('',3,(#6604,#6605,#6606,#6607,#6608),.UNSPECIFIED.,.F.,.F.,(4,1,4),(0.0,0.5,1.0),.UNSPECIFIED.);
#5011=LINE('',#6609,#6610);
#5012=LINE('',#6611,#6612);
#5013=LINE('',#6613,#6614);
#5014=VERTEX_POINT('',#6615);
#5015=LINE('',#6616,#6617);
#5016=B_SPLINE_CURVE_WITH_KNOTS('',3,(#6618,#6619,#6620,#6621,#6622),.UNSPECIFIED.,.F.,.F.,(4,1,4),(0.0,0.5,1.0),.UNSPECIFIED.);
#5017=B_SPLINE_CURVE_WITH_KNOTS('',3,(#6623,#6624,#6625,#6626,#6627),.UNSPECIFIED.,.F.,.F.,(4,1,4),(0.0,0.5,1.0),.UNSPECIFIED.);
#5018=VERTEX_POINT('',#6628);
#5019=CIRCLE('',#6629,1.475);
#5020=B_SPLINE_CURVE_WITH_KNOTS('',3,(#6630,#6631,#6632,#6633,#6634),.UNSPECIFIED.,.F.,.F.,(4,1,4),(0.0,0.5,1.0),.UNSPECIFIED.);
#5021=LINE('',#6635,#6636);
#5022=LINE('',#6637,#6638);
#5023=LINE('',#6639,#6640);
#5024=LINE('',#6641,#6642);
#5025=B_SPLINE_CURVE_WITH_KNOTS('',3,(#6643,#6644,#6645,#6646,#6647),.UNSPECIFIED.,.F.,.F.,(4,1,4),(0.0,0.5,1.0),.UNSPECIFIED.);
#5026=VERTEX_POINT('',#6648);
#5027=CIRCLE('',#6649,1.475);
#5028=B_SPLINE_CURVE_WITH_KNOTS('',3,(#6650,#6651,#6652,#6653,#6654),.UNSPECIFIED.,.F.,.F.,(4,1,4),(0.0,0.5,1.0),.UNSPECIFIED.);
#5029=LINE('',#6655,#6656);
#5030=VERTEX_POINT('',#6657);
#5031=LINE('',#6658,#6659);
#5032=LINE('',#6660,#6661);
#5033=LINE('',#6662,#6663);
#5034=CARTESIAN_POINT('',(-5.675,-2.069998098415,-6.6));
#5035=CARTESIAN_POINT('',(-5.675,0.0,-6.6));
#5036=CARTESIAN_POINT('',(-5.675,-1.0350008457827,-6.6));
#5037=VECTOR('',#6664,1.0);
#5038=CARTESIAN_POINT('',(-5.639869785779,-2.069998098415,-6.28));
#5039=AXIS2_PLACEMENT_3D('',#6665,#6666,#6667);
#5040=CARTESIAN_POINT('',(-5.639869785779,0.0,-6.28));
#5041=CARTESIAN_POINT('',(-5.639869785779,0.0,-6.28));
#5042=VECTOR('',#6668,2.069999886788);
#5043=AXIS2_PLACEMENT_3D('',#6669,#6670,#6671);
#5044=CARTESIAN_POINT('',(5.675,0.0,-6.6));
#5045=CARTESIAN_POINT('',(5.675,-2.069998098415,-6.6));
#5046=CARTESIAN_POINT('',(5.675,-1.0350008457827,-6.6));
#5047=VECTOR('',#6672,1.0);
#5048=CARTESIAN_POINT('',(5.639869785779,0.0,-6.28));
#5049=AXIS2_PLACEMENT_3D('',#6673,#6674,#6675);
#5050=CARTESIAN_POINT('',(5.639869548779,-2.069999886788,-6.280000052672));
#5051=CARTESIAN_POINT('',(5.639869785779,0.0,-6.28));
#5052=VECTOR('',#6676,2.069999886788);
#5053=AXIS2_PLACEMENT_3D('',#6677,#6678,#6679);
#5054=CARTESIAN_POINT('',(2.725,-2.069998098415,-6.6));
#5055=CARTESIAN_POINT('',(2.725,0.4,-6.6));
#5056=CARTESIAN_POINT('',(2.725,-0.835000845782698,-6.6));
#5057=VECTOR('',#6680,1.0);
#5058=CARTESIAN_POINT('',(2.760130214221,-2.069998098415,-6.28));
#5059=AXIS2_PLACEMENT_3D('',#6681,#6682,#6683);
#5060=CARTESIAN_POINT('',(2.760130214221,0.4,-6.28));
#5061=CARTESIAN_POINT('',(2.760130214221,0.4,-6.28));
#5062=VECTOR('',#6684,2.469999886788);
#5063=AXIS2_PLACEMENT_3D('',#6685,#6686,#6687);
#5064=CARTESIAN_POINT('',(4.2,-2.87,-7.701953211016));
#5065=CARTESIAN_POINT('',(4.2,-2.069998098415,-8.075));
#5066=CARTESIAN_POINT('',(4.2,-2.469998986219,-7.88847663488));
#5067=VECTOR('',#6688,1.0);
#5068=CARTESIAN_POINT('',(3.871760271928,-2.87,-7.651931347658));
#5069=AXIS2_PLACEMENT_3D('',#6689,#6690,#6691);
#5070=CARTESIAN_POINT('',(3.88,-2.631920243921,-7.77));
#5071=CARTESIAN_POINT('',(3.88,-2.631920243921,-7.77));
#5072=CARTESIAN_POINT('',(3.88,-2.672508029092,-7.750378491377));
#5073=CARTESIAN_POINT('',(3.878643633659,-2.752822596769,-7.711113983326));
#5074=CARTESIAN_POINT('',(3.874534266596,-2.831282637643,-7.671710105829));
#5075=CARTESIAN_POINT('',(3.871760095596,-2.869999915421,-7.651931795483));
#5076=CARTESIAN_POINT('',(3.88,-2.069998098415,-8.039869785779));
#5077=CARTESIAN_POINT('',(3.880000052672,-2.069999886788,-8.039869548779));
#5078=CARTESIAN_POINT('',(3.880000052672,-2.174374312449,-7.990011510431));
#5079=CARTESIAN_POINT('',(3.879999973664,-2.372400635562,-7.895172064935));
#5080=CARTESIAN_POINT('',(3.88,-2.548985475377,-7.810093473179));
#5081=CARTESIAN_POINT('',(3.88,-2.631920243921,-7.77));
#5082=AXIS2_PLACEMENT_3D('',#6692,#6693,#6694);
#5083=CARTESIAN_POINT('',(4.2,-2.069998098415,-5.125));
#5084=CARTESIAN_POINT('',(4.2,-2.87,-5.498046788984));
#5085=CARTESIAN_POINT('',(4.2,-2.469998986219,-5.31152336512));
#5086=VECTOR('',#6695,1.0);
#5087=CARTESIAN_POINT('',(3.880000052672,-2.069999886788,-5.160130451221));
#5088=AXIS2_PLACEMENT_3D('',#6696,#6697,#6698);
#5089=CARTESIAN_POINT('',(3.88,-2.631920243921,-5.43));
#5090=CARTESIAN_POINT('',(3.88,-2.631920243921,-5.43));
#5091=CARTESIAN_POINT('',(3.88,-2.54965897694,-5.390232120264));
#5092=CARTESIAN_POINT('',(3.879999973664,-2.373749379958,-5.305475529036));
#5093=CARTESIAN_POINT('',(3.880000052672,-2.175049328245,-5.210310934106));
#5094=CARTESIAN_POINT('',(3.880000052672,-2.069999886788,-5.160130451221));
#5095=CARTESIAN_POINT('',(3.871760271929,-2.87,-5.548068652342));
#5096=CARTESIAN_POINT('',(3.871760095596,-2.869999915421,-5.548068204517));
#5097=CARTESIAN_POINT('',(3.874597682472,-2.830397584027,-5.527837773927));
#5098=CARTESIAN_POINT('',(3.878703525552,-2.751037339289,-5.488003057773));
#5099=CARTESIAN_POINT('',(3.88,-2.671611416069,-5.449188055552));
#5100=CARTESIAN_POINT('',(3.88,-2.631920243921,-5.43));
#5101=AXIS2_PLACEMENT_3D('',#6699,#6700,#6701);
#5102=CARTESIAN_POINT('',(7.3,8.8,-12.8));
#5103=CARTESIAN_POINT('',(7.3,8.8,-4.8));
#5104=CARTESIAN_POINT('',(7.3,8.8,-12.8));
#5105=VECTOR('',#6702,1.0);
#5106=CARTESIAN_POINT('',(6.9,9.2,-12.8));
#5107=AXIS2_PLACEMENT_3D('',#6703,#6704,#6705);
#5108=CARTESIAN_POINT('',(6.9,9.2,-4.8));
#5109=CARTESIAN_POINT('',(6.9,9.2,-4.8));
#5110=VECTOR('',#6706,8.0);
#5111=AXIS2_PLACEMENT_3D('',#6707,#6708,#6709);
#5112=CARTESIAN_POINT('',(7.3,2.75,-12.8));
#5113=CARTESIAN_POINT('',(7.3,2.75,0.0));
#5114=CARTESIAN_POINT('',(7.3,2.75,0.0));
#5115=VECTOR('',#6710,1.0);
#5116=CARTESIAN_POINT('',(6.9,3.15,-12.8));
#5117=AXIS2_PLACEMENT_3D('',#6711,#6712,#6713);
#5118=CARTESIAN_POINT('',(6.9,3.15,0.0));
#5119=CARTESIAN_POINT('',(6.9,3.15,0.0));
#5120=VECTOR('',#6714,12.8);
#5121=AXIS2_PLACEMENT_3D('',#6715,#6716,#6717);
#5122=CARTESIAN_POINT('',(-4.2,-2.87,-7.701953211016));
#5123=CARTESIAN_POINT('',(-4.2,-2.069998098415,-8.075));
#5124=CARTESIAN_POINT('',(-4.2,-2.469998986219,-7.88847663488));
#5125=VECTOR('',#6718,1.0);
#5126=CARTESIAN_POINT('',(-4.528239728072,-2.87,-7.651931347658));
#5127=AXIS2_PLACEMENT_3D('',#6719,#6720,#6721);
#5128=CARTESIAN_POINT('',(-4.52,-2.631920243921,-7.77));
#5129=CARTESIAN_POINT('',(-4.52,-2.631920243921,-7.77));
#5130=CARTESIAN_POINT('',(-4.52,-2.672462111763,-7.750400689367));
#5131=CARTESIAN_POINT('',(-4.521353273337,-2.752731174867,-7.711159208899));
#5132=CARTESIAN_POINT('',(-4.525462485757,-2.831237312375,-7.671733259761));
#5133=CARTESIAN_POINT('',(-4.528239904404,-2.869999915421,-7.651931795483));
#5134=CARTESIAN_POINT('',(-4.52,-2.069998098415,-8.039869785779));
#5135=CARTESIAN_POINT('',(-4.519999947328,-2.069999886788,-8.039869548779));
#5136=CARTESIAN_POINT('',(-4.519999947328,-2.174465266453,-7.98996806312));
#5137=CARTESIAN_POINT('',(-4.520000026336,-2.372582370603,-7.895084806833));
#5138=CARTESIAN_POINT('',(-4.52,-2.549076225349,-7.810049601572));
#5139=CARTESIAN_POINT('',(-4.52,-2.631920243921,-7.77));
#5140=AXIS2_PLACEMENT_3D('',#6722,#6723,#6724);
#5141=CARTESIAN_POINT('',(-2.725,0.4,-6.6));
#5142=CARTESIAN_POINT('',(-2.725,-2.069998098415,-6.6));
#5143=CARTESIAN_POINT('',(-2.725,-0.835000845782698,-6.6));
#5144=VECTOR('',#6725,1.0);
#5145=CARTESIAN_POINT('',(-2.760130214221,0.4,-6.28));
#5146=AXIS2_PLACEMENT_3D('',#6726,#6727,#6728);
#5147=CARTESIAN_POINT('',(-2.760130451221,-2.069999886788,-6.280000052672));
#5148=CARTESIAN_POINT('',(-2.760130214221,0.4,-6.28));
#5149=VECTOR('',#6729,2.469999886788);
#5150=AXIS2_PLACEMENT_3D('',#6730,#6731,#6732);
#5151=CARTESIAN_POINT('',(-4.2,-2.069998098415,-5.125));
#5152=CARTESIAN_POINT('',(-4.2,-2.87,-5.498046788984));
#5153=CARTESIAN_POINT('',(-4.2,-2.469998986219,-5.31152336512));
#5154=VECTOR('',#6733,1.0);
#5155=CARTESIAN_POINT('',(-4.519999947328,-2.069999886788,-5.160130451221));
#5156=AXIS2_PLACEMENT_3D('',#6734,#6735,#6736);
#5157=CARTESIAN_POINT('',(-4.52,-2.631920243921,-5.43));
#5158=CARTESIAN_POINT('',(-4.52,-2.631920243921,-5.43));
#5159=CARTESIAN_POINT('',(-4.52,-2.549669386841,-5.390237152762));
#5160=CARTESIAN_POINT('',(-4.520000026336,-2.373770226611,-5.305485538633));
#5161=CARTESIAN_POINT('',(-4.519999947328,-2.175059761551,-5.210315917934));
#5162=CARTESIAN_POINT('',(-4.519999947328,-2.069999886788,-5.160130451221));
#5163=CARTESIAN_POINT('',(-4.528239728071,-2.87,-5.548068652342));
#5164=CARTESIAN_POINT('',(-4.528239904404,-2.869999915421,-5.548068204517));
#5165=CARTESIAN_POINT('',(-4.525402602665,-2.830401563486,-5.527839806791));
#5166=CARTESIAN_POINT('',(-4.521296741361,-2.751045366743,-5.488007027116));
#5167=CARTESIAN_POINT('',(-4.52,-2.671615447496,-5.44919000448));
#5168=CARTESIAN_POINT('',(-4.52,-2.631920243921,-5.43));
#5169=AXIS2_PLACEMENT_3D('',#6737,#6738,#6739);
#5170=CARTESIAN_POINT('',(-6.5,10.0,0.0));
#5171=CARTESIAN_POINT('',(-1.7,10.0,0.0));
#5172=CARTESIAN_POINT('',(-6.5,10.0,0.0));
#5173=VECTOR('',#6740,4.8);
#5174=CARTESIAN_POINT('',(-6.9,9.6,0.0));
#5175=AXIS2_PLACEMENT_3D('',#6741,#6742,#6743);
#5176=CARTESIAN_POINT('',(-6.9,0.8,0.0));
#5177=CARTESIAN_POINT('',(-6.9,0.8,0.0));
#5178=VECTOR('',#6744,8.8);
#5179=CARTESIAN_POINT('',(-6.5,0.4,0.0));
#5180=AXIS2_PLACEMENT_3D('',#6745,#6746,#6747);
#5181=CARTESIAN_POINT('',(6.5,0.4,0.0));
#5182=CARTESIAN_POINT('',(6.5,0.4,0.0));
#5183=VECTOR('',#6748,13.0);
#5184=CARTESIAN_POINT('',(6.9,0.8,0.0));
#5185=AXIS2_PLACEMENT_3D('',#6749,#6750,#6751);
#5186=CARTESIAN_POINT('',(6.9,2.35,0.0));
#5187=CARTESIAN_POINT('',(6.9,2.35,0.0));
#5188=VECTOR('',#6752,1.55);
#5189=AXIS2_PLACEMENT_3D('',#6753,#6754,#6755);
#5190=CARTESIAN_POINT('',(6.9,9.6,0.0));
#5191=CARTESIAN_POINT('',(6.9,9.6,0.0));
#5192=VECTOR('',#6756,6.45);
#5193=CARTESIAN_POINT('',(6.5,10.0,0.0));
#5194=AXIS2_PLACEMENT_3D('',#6757,#6758,#6759);
#5195=CARTESIAN_POINT('',(1.7,10.0,0.0));
#5196=CARTESIAN_POINT('',(1.7,10.0,0.0));
#5197=VECTOR('',#6760,4.8);
#5198=CARTESIAN_POINT('',(-1.7,10.0,0.0));
#5199=VECTOR('',#6761,3.4);
#5200=CARTESIAN_POINT('',(6.0,4.9,0.0));
#5201=CARTESIAN_POINT('',(2.4,4.9,0.0));
#5202=CARTESIAN_POINT('',(6.0,4.9,0.0));
#5203=VECTOR('',#6762,3.6);
#5204=CARTESIAN_POINT('',(6.0,1.3,0.0));
#5205=CARTESIAN_POINT('',(6.0,1.3,0.0));
#5206=VECTOR('',#6763,3.6);
#5207=CARTESIAN_POINT('',(2.4,1.3,0.0));
#5208=CARTESIAN_POINT('',(2.4,1.3,0.0));
#5209=VECTOR('',#6764,3.6);
#5210=CARTESIAN_POINT('',(2.4,4.9,0.0));
#5211=VECTOR('',#6765,3.6);
#5212=CARTESIAN_POINT('',(1.8,9.1,0.0));
#5213=CARTESIAN_POINT('',(-1.8,9.1,0.0));
#5214=CARTESIAN_POINT('',(1.8,9.1,0.0));
#5215=VECTOR('',#6766,3.6);
#5216=CARTESIAN_POINT('',(1.8,5.5,0.0));
#5217=CARTESIAN_POINT('',(1.8,5.5,0.0));
#5218=VECTOR('',#6767,3.6);
#5219=CARTESIAN_POINT('',(-1.8,5.5,0.0));
#5220=CARTESIAN_POINT('',(-1.8,5.5,0.0));
#5221=VECTOR('',#6768,3.6);
#5222=CARTESIAN_POINT('',(-1.8,9.1,0.0));
#5223=VECTOR('',#6769,3.6);
#5224=CARTESIAN_POINT('',(-2.4,9.1,0.0));
#5225=CARTESIAN_POINT('',(-6.0,9.1,0.0));
#5226=CARTESIAN_POINT('',(-2.4,9.1,0.0));
#5227=VECTOR('',#6770,3.6);
#5228=CARTESIAN_POINT('',(-2.4,5.5,0.0));
#5229=CARTESIAN_POINT('',(-2.4,5.5,0.0));
#5230=VECTOR('',#6771,3.6);
#5231=CARTESIAN_POINT('',(-6.0,5.5,0.0));
#5232=CARTESIAN_POINT('',(-6.0,5.5,0.0));
#5233=VECTOR('',#6772,3.6);
#5234=CARTESIAN_POINT('',(-6.0,9.1,0.0));
#5235=VECTOR('',#6773,3.6);
#5236=CARTESIAN_POINT('',(3.35,5.5,0.0));
#5237=CARTESIAN_POINT('',(2.4,6.45,0.0));
#5238=CARTESIAN_POINT('',(3.35,5.5,0.0));
#5239=VECTOR('',#6774,1.343502884254);
#5240=CARTESIAN_POINT('',(2.4,9.1,0.0));
#5241=CARTESIAN_POINT('',(2.4,9.1,0.0));
#5242=VECTOR('',#6775,2.65);
#5243=CARTESIAN_POINT('',(6.0,9.1,0.0));
#5244=CARTESIAN_POINT('',(6.0,9.1,0.0));
#5245=VECTOR('',#6776,3.6);
#5246=CARTESIAN_POINT('',(6.0,6.45,0.0));
#5247=CARTESIAN_POINT('',(6.0,6.45,0.0));
#5248=VECTOR('',#6777,2.65);
#5249=CARTESIAN_POINT('',(5.05,5.5,0.0));
#5250=CARTESIAN_POINT('',(6.0,6.45,0.0));
#5251=VECTOR('',#6778,1.343502884254);
#5252=CARTESIAN_POINT('',(3.35,5.5,0.0));
#5253=VECTOR('',#6779,1.7);
#5254=CARTESIAN_POINT('',(-0.85,1.3,0.0));
#5255=CARTESIAN_POINT('',(-1.8,2.25,0.0));
#5256=CARTESIAN_POINT('',(-0.85,1.3,0.0));
#5257=VECTOR('',#6780,1.343502884254);
#5258=CARTESIAN_POINT('',(-1.8,4.9,0.0));
#5259=CARTESIAN_POINT('',(-1.8,4.9,0.0));
#5260=VECTOR('',#6781,2.65);
#5261=CARTESIAN_POINT('',(1.8,4.9,0.0));
#5262=CARTESIAN_POINT('',(1.8,4.9,0.0));
#5263=VECTOR('',#6782,3.6);
#5264=CARTESIAN_POINT('',(1.8,2.25,0.0));
#5265=CARTESIAN_POINT('',(1.8,2.25,0.0));
#5266=VECTOR('',#6783,2.65);
#5267=CARTESIAN_POINT('',(0.85,1.3,0.0));
#5268=CARTESIAN_POINT('',(1.8,2.25,0.0));
#5269=VECTOR('',#6784,1.343502884254);
#5270=CARTESIAN_POINT('',(-0.85,1.3,0.0));
#5271=VECTOR('',#6785,1.7);
#5272=CARTESIAN_POINT('',(-2.4,4.9,0.0));
#5273=CARTESIAN_POINT('',(-6.0,4.9,0.0));
#5274=CARTESIAN_POINT('',(-2.4,4.9,0.0));
#5275=VECTOR('',#6786,3.6);
#5276=CARTESIAN_POINT('',(-2.4,2.25,0.0));
#5277=CARTESIAN_POINT('',(-2.4,2.25,0.0));
#5278=VECTOR('',#6787,2.65);
#5279=CARTESIAN_POINT('',(-3.35,1.3,0.0));
#5280=CARTESIAN_POINT('',(-2.4,2.25,0.0));
#5281=VECTOR('',#6788,1.343502884254);
#5282=CARTESIAN_POINT('',(-5.05,1.3,0.0));
#5283=CARTESIAN_POINT('',(-5.05,1.3,0.0));
#5284=VECTOR('',#6789,1.7);
#5285=CARTESIAN_POINT('',(-6.0,2.25,0.0));
#5286=CARTESIAN_POINT('',(-5.05,1.3,0.0));
#5287=VECTOR('',#6790,1.343502884254);
#5288=CARTESIAN_POINT('',(-6.0,4.9,0.0));
#5289=VECTOR('',#6791,2.65);
#5290=CARTESIAN_POINT('',(1.7,11.4,-2.35));
#5291=CARTESIAN_POINT('',(1.7,11.4,-2.35));
#5292=VECTOR('',#6792,2.735415873318);
#5293=CARTESIAN_POINT('',(-1.7,11.4,-2.35));
#5294=CARTESIAN_POINT('',(-1.7,11.4,-2.35));
#5295=VECTOR('',#6793,3.4);
#5296=CARTESIAN_POINT('',(-1.7,11.4,-2.35));
#5297=VECTOR('',#6794,2.735415873318);
#5298=CARTESIAN_POINT('',(-1.7,11.4,-3.172484128936));
#5299=CARTESIAN_POINT('',(-1.7,11.4,-3.172484128936));
#5300=VECTOR('',#6795,0.8224841289363);
#5301=CARTESIAN_POINT('',(-1.7,10.0,-3.05));
#5302=CARTESIAN_POINT('',(-1.7,10.0,-3.05));
#5303=VECTOR('',#6796,1.405347772561);
#5304=CARTESIAN_POINT('',(-1.7,10.0,0.0));
#5305=VECTOR('',#6797,3.05);
#5306=CARTESIAN_POINT('',(1.7,10.0,-3.05));
#5307=CARTESIAN_POINT('',(-1.7,10.0,-3.05));
#5308=VECTOR('',#6798,3.4);
#5309=CARTESIAN_POINT('',(1.7,10.0,0.0));
#5310=VECTOR('',#6799,3.05);
#5311=CARTESIAN_POINT('',(6.5,10.0,-12.8));
#5312=CARTESIAN_POINT('',(6.5,10.0,-12.8));
#5313=VECTOR('',#6800,12.8);
#5314=CARTESIAN_POINT('',(-6.5,10.0,-12.8));
#5315=CARTESIAN_POINT('',(-6.5,10.0,-12.8));
#5316=VECTOR('',#6801,13.0);
#5317=CARTESIAN_POINT('',(-6.5,10.0,-12.8));
#5318=VECTOR('',#6802,12.8);
#5319=CARTESIAN_POINT('',(-6.9,9.6,-12.8));
#5320=AXIS2_PLACEMENT_3D('',#6803,#6804,#6805);
#5321=CARTESIAN_POINT('',(-6.9,9.6,-12.8));
#5322=VECTOR('',#6806,12.8);
#5323=CARTESIAN_POINT('',(-6.9,0.8,-12.8));
#5324=CARTESIAN_POINT('',(-6.9,0.8,-12.8));
#5325=VECTOR('',#6807,8.8);
#5326=CARTESIAN_POINT('',(-6.9,0.8,-12.8));
#5327=VECTOR('',#6808,12.8);
#5328=CARTESIAN_POINT('',(-6.5,0.4,-12.8));
#5329=AXIS2_PLACEMENT_3D('',#6809,#6810,#6811);
#5330=CARTESIAN_POINT('',(-6.5,0.4,-12.8));
#5331=VECTOR('',#6812,12.8);
#5332=CARTESIAN_POINT('',(-3.03,0.4,-6.28));
#5333=CARTESIAN_POINT('',(-3.88,0.4,-5.43));
#5334=AXIS2_PLACEMENT_3D('',#6813,#6814,#6815);
#5335=CARTESIAN_POINT('',(-3.03,0.4,-6.28));
#5336=VECTOR('',#6816,0.2698697857793);
#5337=CARTESIAN_POINT('',(-2.760130214221,0.4,-6.92));
#5338=AXIS2_PLACEMENT_3D('',#6817,#6818,#6819);
#5339=CARTESIAN_POINT('',(-3.03,0.4,-6.92));
#5340=CARTESIAN_POINT('',(-2.760130214221,0.4,-6.92));
#5341=VECTOR('',#6820,0.2698697857793);
#5342=CARTESIAN_POINT('',(-3.88,0.4,-7.77));
#5343=AXIS2_PLACEMENT_3D('',#6821,#6822,#6823);
#5344=CARTESIAN_POINT('',(-3.88,0.4,-8.039869785779));
#5345=CARTESIAN_POINT('',(-3.88,0.4,-7.77));
#5346=VECTOR('',#6824,0.2698697857793);
#5347=CARTESIAN_POINT('',(-4.52,0.4,-8.039869785779));
#5348=AXIS2_PLACEMENT_3D('',#6825,#6826,#6827);
#5349=CARTESIAN_POINT('',(-4.52,0.4,-7.77));
#5350=CARTESIAN_POINT('',(-4.52,0.4,-8.039869785779));
#5351=VECTOR('',#6828,0.2698697857792);
#5352=CARTESIAN_POINT('',(-4.81,0.4,-7.13054710885));
#5353=AXIS2_PLACEMENT_3D('',#6829,#6830,#6831);
#5354=CARTESIAN_POINT('',(-4.81,0.4,-12.8));
#5355=CARTESIAN_POINT('',(-4.81,0.4,-12.8));
#5356=VECTOR('',#6832,5.66945289115);
#5357=CARTESIAN_POINT('',(4.81,0.4,-12.8));
#5358=CARTESIAN_POINT('',(4.81,0.4,-12.8));
#5359=VECTOR('',#6833,9.62);
#5360=CARTESIAN_POINT('',(4.81,0.4,-7.13054710885));
#5361=CARTESIAN_POINT('',(4.81,0.4,-12.8));
#5362=VECTOR('',#6834,5.66945289115);
#5363=CARTESIAN_POINT('',(4.52,0.4,-7.77));
#5364=AXIS2_PLACEMENT_3D('',#6835,#6836,#6837);
#5365=CARTESIAN_POINT('',(4.52,0.4,-8.039869785779));
#5366=CARTESIAN_POINT('',(4.52,0.4,-8.039869785779));
#5367=VECTOR('',#6838,0.2698697857792);
#5368=CARTESIAN_POINT('',(3.88,0.4,-8.039869785779));
#5369=AXIS2_PLACEMENT_3D('',#6839,#6840,#6841);
#5370=CARTESIAN_POINT('',(3.88,0.4,-7.77));
#5371=CARTESIAN_POINT('',(3.88,0.4,-7.77));
#5372=VECTOR('',#6842,0.2698697857793);
#5373=CARTESIAN_POINT('',(3.03,0.4,-6.92));
#5374=AXIS2_PLACEMENT_3D('',#6843,#6844,#6845);
#5375=CARTESIAN_POINT('',(2.760130214221,0.4,-6.92));
#5376=CARTESIAN_POINT('',(2.760130214221,0.4,-6.92));
#5377=VECTOR('',#6846,0.2698697857793);
#5378=AXIS2_PLACEMENT_3D('',#6847,#6848,#6849);
#5379=CARTESIAN_POINT('',(3.03,0.4,-6.28));
#5380=CARTESIAN_POINT('',(3.03,0.4,-6.28));
#5381=VECTOR('',#6850,0.2698697857793);
#5382=CARTESIAN_POINT('',(3.88,0.4,-5.43));
#5383=AXIS2_PLACEMENT_3D('',#6851,#6852,#6853);
#5384=CARTESIAN_POINT('',(3.88,0.4,-5.160130214221));
#5385=CARTESIAN_POINT('',(3.88,0.4,-5.160130214221));
#5386=VECTOR('',#6854,0.2698697857793);
#5387=CARTESIAN_POINT('',(4.52,0.4,-5.160130214221));
#5388=AXIS2_PLACEMENT_3D('',#6855,#6856,#6857);
#5389=CARTESIAN_POINT('',(4.52,0.4,-5.43));
#5390=CARTESIAN_POINT('',(4.52,0.4,-5.43));
#5391=VECTOR('',#6858,0.2698697857793);
#5392=CARTESIAN_POINT('',(4.81,0.4,-6.06945289115));
#5393=AXIS2_PLACEMENT_3D('',#6859,#6860,#6861);
#5394=CARTESIAN_POINT('',(4.81,0.4,-2.0));
#5395=CARTESIAN_POINT('',(4.81,0.4,-6.06945289115));
#5396=VECTOR('',#6862,4.06945289115);
#5397=CARTESIAN_POINT('',(5.7,0.4,-2.0));
#5398=CARTESIAN_POINT('',(5.7,0.4,-2.0));
#5399=VECTOR('',#6863,0.89);
#5400=CARTESIAN_POINT('',(5.7,0.4,-12.8));
#5401=CARTESIAN_POINT('',(5.7,0.4,-12.8));
#5402=VECTOR('',#6864,10.8);
#5403=CARTESIAN_POINT('',(6.5,0.4,-12.8));
#5404=CARTESIAN_POINT('',(6.5,0.4,-12.8));
#5405=VECTOR('',#6865,0.8);
#5406=CARTESIAN_POINT('',(6.5,0.4,-12.8));
#5407=VECTOR('',#6866,12.8);
#5408=CARTESIAN_POINT('',(-5.7,0.4,-12.8));
#5409=CARTESIAN_POINT('',(-5.7,0.4,-12.8));
#5410=VECTOR('',#6867,0.8);
#5411=CARTESIAN_POINT('',(-5.7,0.4,-2.0));
#5412=CARTESIAN_POINT('',(-5.7,0.4,-12.8));
#5413=VECTOR('',#6868,10.8);
#5414=CARTESIAN_POINT('',(-4.81,0.4,-2.0));
#5415=CARTESIAN_POINT('',(-4.81,0.4,-2.0));
#5416=VECTOR('',#6869,0.89);
#5417=CARTESIAN_POINT('',(-4.81,0.4,-6.06945289115));
#5418=CARTESIAN_POINT('',(-4.81,0.4,-6.06945289115));
#5419=VECTOR('',#6870,4.06945289115);
#5420=CARTESIAN_POINT('',(-4.52,0.4,-5.43));
#5421=AXIS2_PLACEMENT_3D('',#6871,#6872,#6873);
#5422=CARTESIAN_POINT('',(-4.52,0.4,-5.160130214221));
#5423=CARTESIAN_POINT('',(-4.52,0.4,-5.43));
#5424=VECTOR('',#6874,0.2698697857793);
#5425=CARTESIAN_POINT('',(-3.88,0.4,-5.160130214221));
#5426=AXIS2_PLACEMENT_3D('',#6875,#6876,#6877);
#5427=CARTESIAN_POINT('',(-3.88,0.4,-5.160130214221));
#5428=VECTOR('',#6878,0.2698697857793);
#5429=CARTESIAN_POINT('',(-3.88,-2.631920243921,-5.43));
#5430=CARTESIAN_POINT('',(-3.88,0.4,-5.43));
#5431=VECTOR('',#6879,3.031920243921);
#5432=CARTESIAN_POINT('',(-3.88,-2.069998098415,-5.160130214221));
#5433=CARTESIAN_POINT('',(-3.88,0.4,-5.160130214221));
#5434=VECTOR('',#6880,2.469999886788);
#5435=CARTESIAN_POINT('',(-3.880000052672,-2.069999886788,-5.160130451221));
#5436=CARTESIAN_POINT('',(-3.880000052672,-2.174412644896,-5.210006800382));
#5437=CARTESIAN_POINT('',(-3.879999973664,-2.372477227578,-5.304864709842));
#5438=CARTESIAN_POINT('',(-3.88,-2.549023721836,-5.389925016453));
#5439=CARTESIAN_POINT('',(-3.88,-2.631920243921,-5.43));
#5440=CARTESIAN_POINT('',(-3.871760271928,-2.87,-5.548068652342));
#5441=AXIS2_PLACEMENT_3D('',#6881,#6882,#6883);
#5442=CARTESIAN_POINT('',(-3.88,-2.631920243921,-5.43));
#5443=CARTESIAN_POINT('',(-3.88,-2.672471619376,-5.449603906935));
#5444=CARTESIAN_POINT('',(-3.878646086456,-2.752750104669,-5.488850155412));
#5445=CARTESIAN_POINT('',(-3.874536841787,-2.831246697396,-5.528271534478));
#5446=CARTESIAN_POINT('',(-3.871760095596,-2.869999915421,-5.548068204517));
#5447=AXIS2_PLACEMENT_3D('',#6884,#6885,#6886);
#5448=CARTESIAN_POINT('',(-4.52,0.4,-5.160130214221));
#5449=VECTOR('',#6887,2.469999886788);
#5450=CARTESIAN_POINT('',(-4.52,0.4,-5.43));
#5451=VECTOR('',#6888,3.031920243921);
#5452=CARTESIAN_POINT('',(-4.81,0.0,-6.06945289115));
#5453=CARTESIAN_POINT('',(-4.81,0.0,-6.06945289115));
#5454=VECTOR('',#6889,0.4);
#5455=CARTESIAN_POINT('',(-5.37,0.0,-6.28));
#5456=AXIS2_PLACEMENT_3D('',#6890,#6891,#6892);
#5457=CARTESIAN_POINT('',(-5.37,-2.631920243921,-6.28));
#5458=CARTESIAN_POINT('',(-5.37,0.0,-6.28));
#5459=VECTOR('',#6893,2.631920243921);
#5460=CARTESIAN_POINT('',(-5.251931347658,-2.87,-6.271760271928));
#5461=CARTESIAN_POINT('',(-5.37,-2.631920243921,-6.28));
#5462=CARTESIAN_POINT('',(-5.350401942614,-2.672459519377,-6.28));
#5463=CARTESIAN_POINT('',(-5.311161762206,-2.752726013384,-6.278646901203));
#5464=CARTESIAN_POINT('',(-5.271734566978,-2.831234753415,-6.274537697597));
#5465=CARTESIAN_POINT('',(-5.251931795483,-2.869999915421,-6.271760095596));
#5466=AXIS2_PLACEMENT_3D('',#6894,#6895,#6896);
#5467=CARTESIAN_POINT('',(-5.251931347658,-2.87,-6.928239728071));
#5468=AXIS2_PLACEMENT_3D('',#6897,#6898,#6899);
#5469=AXIS2_PLACEMENT_3D('',#6900,#6901,#6902);
#5470=CARTESIAN_POINT('',(-3.871760271929,-2.87,-7.651931347658));
#5471=AXIS2_PLACEMENT_3D('',#6903,#6904,#6905);
#5472=CARTESIAN_POINT('',(-3.148068652342,-2.87,-6.928239728072));
#5473=AXIS2_PLACEMENT_3D('',#6906,#6907,#6908);
#5474=CARTESIAN_POINT('',(-3.148068652342,-2.87,-6.271760271929));
#5475=AXIS2_PLACEMENT_3D('',#6909,#6910,#6911);
#5476=AXIS2_PLACEMENT_3D('',#6912,#6913,#6914);
#5477=CARTESIAN_POINT('',(-3.03,-2.631920243921,-6.28));
#5478=CARTESIAN_POINT('',(-3.148068204517,-2.869999915421,-6.271760095596));
#5479=CARTESIAN_POINT('',(-3.12784231926,-2.8304064818,-6.274597044928));
#5480=CARTESIAN_POINT('',(-3.088011932936,-2.751055288069,-6.278702928725));
#5481=CARTESIAN_POINT('',(-3.049192413208,-2.671620430036,-6.28));
#5482=CARTESIAN_POINT('',(-3.03,-2.631920243921,-6.28));
#5483=CARTESIAN_POINT('',(-3.03,0.4,-6.28));
#5484=VECTOR('',#6915,3.031920243921);
#5485=CARTESIAN_POINT('',(-3.03,-2.631920243921,-6.28));
#5486=CARTESIAN_POINT('',(-2.990231389789,-2.549657465927,-6.28));
#5487=CARTESIAN_POINT('',(-2.905474076128,-2.373746354035,-6.279999973664));
#5488=CARTESIAN_POINT('',(-2.810310210696,-2.175047813835,-6.280000052672));
#5489=CARTESIAN_POINT('',(-2.760130451221,-2.069999886788,-6.280000052672));
#5490=CARTESIAN_POINT('',(-3.03,-2.631920243921,-6.92));
#5491=CARTESIAN_POINT('',(-3.03,-2.631920243921,-6.92));
#5492=CARTESIAN_POINT('',(-3.049606040686,-2.672476033116,-6.92));
#5493=CARTESIAN_POINT('',(-3.088854502639,-2.752758892485,-6.921354210789));
#5494=CARTESIAN_POINT('',(-3.128273760118,-2.831251054225,-6.925463470389));
#5495=CARTESIAN_POINT('',(-3.148068204517,-2.869999915421,-6.928239904404));
#5496=CARTESIAN_POINT('',(-2.760130214221,-2.069998098415,-6.92));
#5497=CARTESIAN_POINT('',(-2.760130451221,-2.069999886788,-6.919999947328));
#5498=CARTESIAN_POINT('',(-2.809995724053,-2.174389457351,-6.919999947328));
#5499=CARTESIAN_POINT('',(-2.904842464535,-2.372430896576,-6.920000026336));
#5500=CARTESIAN_POINT('',(-2.989913831955,-2.549000586306,-6.92));
#5501=CARTESIAN_POINT('',(-3.03,-2.631920243921,-6.92));
#5502=AXIS2_PLACEMENT_3D('',#6916,#6917,#6918);
#5503=CARTESIAN_POINT('',(-2.760130214221,0.4,-6.92));
#5504=VECTOR('',#6919,2.469999886788);
#5505=CARTESIAN_POINT('',(-3.03,0.4,-6.92));
#5506=VECTOR('',#6920,3.031920243921);
#5507=CARTESIAN_POINT('',(-3.88,-2.631920243921,-7.77));
#5508=CARTESIAN_POINT('',(-3.871760095596,-2.869999915421,-7.651931795483));
#5509=CARTESIAN_POINT('',(-3.874598155929,-2.830390976293,-7.672165601564));
#5510=CARTESIAN_POINT('',(-3.878703968703,-2.751024010015,-7.712003533149));
#5511=CARTESIAN_POINT('',(-3.88,-2.671604722047,-7.750815180565));
#5512=CARTESIAN_POINT('',(-3.88,-2.631920243921,-7.77));
#5513=CARTESIAN_POINT('',(-3.88,0.4,-7.77));
#5514=VECTOR('',#6921,3.031920243921);
#5515=CARTESIAN_POINT('',(-3.880000052672,-2.069999886788,-8.039869548779));
#5516=CARTESIAN_POINT('',(-3.88,0.4,-8.039869785779));
#5517=VECTOR('',#6922,2.469999886788);
#5518=CARTESIAN_POINT('',(-3.88,-2.631920243921,-7.77));
#5519=CARTESIAN_POINT('',(-3.88,-2.5495833513,-7.809804439729));
#5520=CARTESIAN_POINT('',(-3.879999973664,-2.37359793356,-7.894597188357));
#5521=CARTESIAN_POINT('',(-3.880000052672,-2.174973532576,-7.989725272305));
#5522=CARTESIAN_POINT('',(-3.880000052672,-2.069999886788,-8.039869548779));
#5523=AXIS2_PLACEMENT_3D('',#6923,#6924,#6925);
#5524=CARTESIAN_POINT('',(-4.52,0.4,-8.039869785779));
#5525=VECTOR('',#6926,2.469999886788);
#5526=CARTESIAN_POINT('',(-4.52,0.4,-7.77));
#5527=VECTOR('',#6927,3.031920243921);
#5528=CARTESIAN_POINT('',(-5.37,-2.631920243921,-6.92));
#5529=CARTESIAN_POINT('',(-5.251931795483,-2.869999915421,-6.928239904404));
#5530=CARTESIAN_POINT('',(-5.272167075346,-2.830388091274,-6.925401637354));
#5531=CARTESIAN_POINT('',(-5.312006410823,-2.751018190283,-6.92129583783));
#5532=CARTESIAN_POINT('',(-5.350816593495,-2.671601799353,-6.92));
#5533=CARTESIAN_POINT('',(-5.37,-2.631920243921,-6.92));
#5534=CARTESIAN_POINT('',(-5.37,0.0,-6.92));
#5535=CARTESIAN_POINT('',(-5.37,0.0,-6.92));
#5536=VECTOR('',#6928,2.631920243921);
#5537=CARTESIAN_POINT('',(-4.81,0.0,-7.13054710885));
#5538=AXIS2_PLACEMENT_3D('',#6929,#6930,#6931);
#5539=CARTESIAN_POINT('',(-4.81,0.0,-7.13054710885));
#5540=VECTOR('',#6932,0.4);
#5541=CARTESIAN_POINT('',(-4.81,0.0,-12.8));
#5542=CARTESIAN_POINT('',(-4.81,0.0,-7.13054710885));
#5543=VECTOR('',#6933,5.66945289115);
#5544=CARTESIAN_POINT('',(-4.81,0.4,-12.8));
#5545=VECTOR('',#6934,0.4);
#5546=CARTESIAN_POINT('',(-4.81,0.0,-2.0));
#5547=CARTESIAN_POINT('',(-4.81,0.4,-2.0));
#5548=VECTOR('',#6935,0.4);
#5549=CARTESIAN_POINT('',(-4.81,0.0,-2.0));
#5550=VECTOR('',#6936,4.06945289115);
#5551=CARTESIAN_POINT('',(6.9,2.35,-12.8));
#5552=AXIS2_PLACEMENT_3D('',#6937,#6938,#6939);
#5553=CARTESIAN_POINT('',(6.9,0.8,-12.8));
#5554=CARTESIAN_POINT('',(6.9,2.35,-12.8));
#5555=VECTOR('',#6940,1.55);
#5556=AXIS2_PLACEMENT_3D('',#6941,#6942,#6943);
#5557=CARTESIAN_POINT('',(5.7,0.0,-12.8));
#5558=CARTESIAN_POINT('',(5.7,0.4,-12.8));
#5559=VECTOR('',#6944,0.4);
#5560=CARTESIAN_POINT('',(4.81,0.0,-12.8));
#5561=CARTESIAN_POINT('',(5.7,0.0,-12.8));
#5562=VECTOR('',#6945,0.89);
#5563=CARTESIAN_POINT('',(4.81,0.4,-12.8));
#5564=VECTOR('',#6946,0.4);
#5565=CARTESIAN_POINT('',(-5.7,0.0,-12.8));
#5566=CARTESIAN_POINT('',(-4.81,0.0,-12.8));
#5567=VECTOR('',#6947,0.89);
#5568=CARTESIAN_POINT('',(-5.7,0.4,-12.8));
#5569=VECTOR('',#6948,0.4);
#5570=CARTESIAN_POINT('',(6.9,9.6,-12.8));
#5571=AXIS2_PLACEMENT_3D('',#6949,#6950,#6951);
#5572=CARTESIAN_POINT('',(6.9,9.6,-12.8));
#5573=VECTOR('',#6952,0.4);
#5574=CARTESIAN_POINT('',(6.9,8.4,-12.8));
#5575=AXIS2_PLACEMENT_3D('',#6953,#6954,#6955);
#5576=CARTESIAN_POINT('',(6.9,8.4,-12.8));
#5577=VECTOR('',#6956,5.25);
#5578=CARTESIAN_POINT('',(0.535,8.035,-12.8));
#5579=CARTESIAN_POINT('',(-0.535,8.035,-12.8));
#5580=CARTESIAN_POINT('',(0.535,8.035,-12.8));
#5581=VECTOR('',#6957,1.07);
#5582=CARTESIAN_POINT('',(-0.535,6.965,-12.8));
#5583=CARTESIAN_POINT('',(-0.535,6.965,-12.8));
#5584=VECTOR('',#6958,1.07);
#5585=CARTESIAN_POINT('',(0.535,6.965,-12.8));
#5586=CARTESIAN_POINT('',(0.535,6.965,-12.8));
#5587=VECTOR('',#6959,1.07);
#5588=CARTESIAN_POINT('',(0.535,6.965,-12.8));
#5589=VECTOR('',#6960,1.07);
#5590=CARTESIAN_POINT('',(-3.665,8.035,-12.8));
#5591=CARTESIAN_POINT('',(-4.735,8.035,-12.8));
#5592=CARTESIAN_POINT('',(-3.665,8.035,-12.8));
#5593=VECTOR('',#6961,1.07);
#5594=CARTESIAN_POINT('',(-4.735,6.965,-12.8));
#5595=CARTESIAN_POINT('',(-4.735,6.965,-12.8));
#5596=VECTOR('',#6962,1.07);
#5597=CARTESIAN_POINT('',(-3.665,6.965,-12.8));
#5598=CARTESIAN_POINT('',(-3.665,6.965,-12.8));
#5599=VECTOR('',#6963,1.07);
#5600=CARTESIAN_POINT('',(-3.665,6.965,-12.8));
#5601=VECTOR('',#6964,1.07);
#5602=CARTESIAN_POINT('',(4.735,3.784871319471,-12.8));
#5603=CARTESIAN_POINT('',(3.665,3.784871319471,-12.8));
#5604=CARTESIAN_POINT('',(4.735,3.784871319471,-12.8));
#5605=VECTOR('',#6965,1.07);
#5606=CARTESIAN_POINT('',(3.665,2.657893750663,-12.8));
#5607=CARTESIAN_POINT('',(3.665,2.657893750663,-12.8));
#5608=VECTOR('',#6966,1.126977568808);
#5609=CARTESIAN_POINT('',(4.735,2.657893750663,-12.8));
#5610=CARTESIAN_POINT('',(4.735,2.657893750663,-12.8));
#5611=VECTOR('',#6967,1.07);
#5612=CARTESIAN_POINT('',(4.735,2.657893750663,-12.8));
#5613=VECTOR('',#6968,1.126977568808);
#5614=CARTESIAN_POINT('',(0.535,3.784871319471,-12.8));
#5615=CARTESIAN_POINT('',(-0.535,3.784871319471,-12.8));
#5616=CARTESIAN_POINT('',(0.535,3.784871319471,-12.8));
#5617=VECTOR('',#6969,1.07);
#5618=CARTESIAN_POINT('',(-0.535,2.657893750663,-12.8));
#5619=CARTESIAN_POINT('',(-0.535,2.657893750663,-12.8));
#5620=VECTOR('',#6970,1.126977568808);
#5621=CARTESIAN_POINT('',(0.535,2.657893750663,-12.8));
#5622=CARTESIAN_POINT('',(0.535,2.657893750663,-12.8));
#5623=VECTOR('',#6971,1.07);
#5624=CARTESIAN_POINT('',(0.535,2.657893750663,-12.8));
#5625=VECTOR('',#6972,1.126977568808);
#5626=CARTESIAN_POINT('',(-3.665,3.784871319471,-12.8));
#5627=CARTESIAN_POINT('',(-4.735,3.784871319471,-12.8));
#5628=CARTESIAN_POINT('',(-3.665,3.784871319471,-12.8));
#5629=VECTOR('',#6973,1.07);
#5630=CARTESIAN_POINT('',(-4.735,2.657893750663,-12.8));
#5631=CARTESIAN_POINT('',(-4.735,2.657893750663,-12.8));
#5632=VECTOR('',#6974,1.126977568808);
#5633=CARTESIAN_POINT('',(-3.665,2.657893750663,-12.8));
#5634=CARTESIAN_POINT('',(-3.665,2.657893750663,-12.8));
#5635=VECTOR('',#6975,1.07);
#5636=CARTESIAN_POINT('',(-3.665,2.657893750663,-12.8));
#5637=VECTOR('',#6976,1.126977568808);
#5638=CARTESIAN_POINT('',(4.735,8.035,-12.8));
#5639=CARTESIAN_POINT('',(3.665,8.035,-12.8));
#5640=CARTESIAN_POINT('',(4.735,8.035,-12.8));
#5641=VECTOR('',#6977,1.07);
#5642=CARTESIAN_POINT('',(3.665,6.965,-12.8));
#5643=CARTESIAN_POINT('',(3.665,6.965,-12.8));
#5644=VECTOR('',#6978,1.07);
#5645=CARTESIAN_POINT('',(4.735,6.965,-12.8));
#5646=CARTESIAN_POINT('',(4.735,6.965,-12.8));
#5647=VECTOR('',#6979,1.07);
#5648=CARTESIAN_POINT('',(4.735,6.965,-12.8));
#5649=VECTOR('',#6980,1.07);
#5650=CARTESIAN_POINT('',(4.735,6.965,-9.1));
#5651=CARTESIAN_POINT('',(4.735,6.965,-4.5));
#5652=CARTESIAN_POINT('',(4.735,6.965,-9.1));
#5653=VECTOR('',#6981,4.6);
#5654=CARTESIAN_POINT('',(4.735,8.035,-9.1));
#5655=CARTESIAN_POINT('',(4.735,6.965,-9.1));
#5656=VECTOR('',#6982,1.07);
#5657=CARTESIAN_POINT('',(4.735,8.035,-4.5));
#5658=CARTESIAN_POINT('',(4.735,8.035,-4.5));
#5659=VECTOR('',#6983,4.6);
#5660=CARTESIAN_POINT('',(4.735,8.035,-4.5));
#5661=VECTOR('',#6984,1.07);
#5662=CARTESIAN_POINT('',(4.735,5.945,-19.935));
#5663=CARTESIAN_POINT('',(4.735,-2.8,-19.935));
#5664=CARTESIAN_POINT('',(4.735,5.945,-19.935));
#5665=VECTOR('',#6985,8.745);
#5666=CARTESIAN_POINT('',(4.735,8.035,-17.845));
#5667=AXIS2_PLACEMENT_3D('',#6986,#6987,#6988);
#5668=CARTESIAN_POINT('',(4.735,8.035,-12.8));
#5669=VECTOR('',#6989,5.045);
#5670=CARTESIAN_POINT('',(4.735,6.965,-17.845));
#5671=CARTESIAN_POINT('',(4.735,6.965,-17.845));
#5672=VECTOR('',#6990,5.045);
#5673=CARTESIAN_POINT('',(4.735,5.945,-18.865));
#5674=AXIS2_PLACEMENT_3D('',#6991,#6992,#6993);
#5675=CARTESIAN_POINT('',(4.735,-2.8,-18.865));
#5676=CARTESIAN_POINT('',(4.735,-2.8,-18.865));
#5677=VECTOR('',#6994,8.745);
#5678=CARTESIAN_POINT('',(4.735,-2.8,-18.865));
#5679=VECTOR('',#6995,1.07);
#5680=CARTESIAN_POINT('',(4.365,7.665,-3.8));
#5681=CARTESIAN_POINT('',(4.365,7.665,-3.8));
#5682=VECTOR('',#6996,0.8739565206576);
#5683=CARTESIAN_POINT('',(4.365,7.335,-3.8));
#5684=CARTESIAN_POINT('',(4.365,7.665,-3.8));
#5685=VECTOR('',#6997,0.33);
#5686=CARTESIAN_POINT('',(4.365,7.335,-3.8));
#5687=VECTOR('',#6998,0.8739565206576);
#5688=CARTESIAN_POINT('',(4.035,7.335,-3.8));
#5689=CARTESIAN_POINT('',(4.035,7.335,-3.8));
#5690=VECTOR('',#6999,0.33);
#5691=CARTESIAN_POINT('',(3.665,6.965,-4.5));
#5692=CARTESIAN_POINT('',(4.035,7.335,-3.8));
#5693=VECTOR('',#7000,0.8739565206576);
#5694=CARTESIAN_POINT('',(3.665,6.965,-4.5));
#5695=VECTOR('',#7001,1.07);
#5696=CARTESIAN_POINT('',(3.665,6.965,-17.845));
#5697=CARTESIAN_POINT('',(3.665,6.965,-17.845));
#5698=VECTOR('',#7002,5.045);
#5699=CARTESIAN_POINT('',(4.735,6.965,-17.845));
#5700=VECTOR('',#7003,1.07);
#5701=CARTESIAN_POINT('',(3.665,6.965,-9.1));
#5702=CARTESIAN_POINT('',(3.665,6.965,-9.1));
#5703=VECTOR('',#7004,4.6);
#5704=CARTESIAN_POINT('',(4.735,6.965,-9.1));
#5705=VECTOR('',#7005,1.07);
#5706=CARTESIAN_POINT('',(3.665,5.945,-18.865));
#5707=AXIS2_PLACEMENT_3D('',#7006,#7007,#7008);
#5708=CARTESIAN_POINT('',(4.735,5.945,-18.865));
#5709=VECTOR('',#7009,1.07);
#5710=CARTESIAN_POINT('',(3.665,-2.8,-18.865));
#5711=CARTESIAN_POINT('',(3.665,-2.8,-18.865));
#5712=VECTOR('',#7010,8.745);
#5713=CARTESIAN_POINT('',(3.665,-2.8,-18.865));
#5714=VECTOR('',#7011,1.07);
#5715=CARTESIAN_POINT('',(4.035,-3.5,-19.235));
#5716=CARTESIAN_POINT('',(3.665,-2.8,-18.865));
#5717=VECTOR('',#7012,0.8739565206576);
#5718=CARTESIAN_POINT('',(4.365,-3.5,-19.235));
#5719=CARTESIAN_POINT('',(4.035,-3.5,-19.235));
#5720=VECTOR('',#7013,0.33);
#5721=CARTESIAN_POINT('',(4.365,-3.5,-19.235));
#5722=VECTOR('',#7014,0.8739565206576);
#5723=CARTESIAN_POINT('',(4.365,-3.5,-19.565));
#5724=CARTESIAN_POINT('',(4.365,-3.5,-19.235));
#5725=VECTOR('',#7015,0.33);
#5726=CARTESIAN_POINT('',(4.365,-3.5,-19.565));
#5727=VECTOR('',#7016,0.8739565206576);
#5728=CARTESIAN_POINT('',(4.035,-3.5,-19.565));
#5729=CARTESIAN_POINT('',(4.035,-3.5,-19.565));
#5730=VECTOR('',#7017,0.33);
#5731=CARTESIAN_POINT('',(3.665,-2.8,-19.935));
#5732=CARTESIAN_POINT('',(4.035,-3.5,-19.565));
#5733=VECTOR('',#7018,0.8739565206576);
#5734=CARTESIAN_POINT('',(3.665,-2.8,-19.935));
#5735=VECTOR('',#7019,1.07);
#5736=CARTESIAN_POINT('',(3.665,5.945,-19.935));
#5737=CARTESIAN_POINT('',(3.665,5.945,-19.935));
#5738=VECTOR('',#7020,8.745);
#5739=CARTESIAN_POINT('',(4.735,5.945,-19.935));
#5740=VECTOR('',#7021,1.07);
#5741=CARTESIAN_POINT('',(3.665,8.035,-17.845));
#5742=AXIS2_PLACEMENT_3D('',#7022,#7023,#7024);
#5743=CARTESIAN_POINT('',(4.735,8.035,-17.845));
#5744=VECTOR('',#7025,1.07);
#5745=CARTESIAN_POINT('',(3.665,8.035,-12.8));
#5746=VECTOR('',#7026,5.045);
#5747=CARTESIAN_POINT('',(3.665,8.035,-9.1));
#5748=CARTESIAN_POINT('',(4.735,8.035,-9.1));
#5749=VECTOR('',#7027,1.07);
#5750=CARTESIAN_POINT('',(3.665,8.035,-4.5));
#5751=CARTESIAN_POINT('',(3.665,8.035,-4.5));
#5752=VECTOR('',#7028,4.6);
#5753=CARTESIAN_POINT('',(3.665,8.035,-4.5));
#5754=VECTOR('',#7029,1.07);
#5755=CARTESIAN_POINT('',(3.665,6.965,-9.1));
#5756=VECTOR('',#7030,1.07);
#5757=CARTESIAN_POINT('',(3.665,6.965,-4.5));
#5758=VECTOR('',#7031,1.07);
#5759=CARTESIAN_POINT('',(3.665,-2.8,-19.935));
#5760=VECTOR('',#7032,1.07);
#5761=CARTESIAN_POINT('',(4.035,7.665,-3.8));
#5762=CARTESIAN_POINT('',(4.035,7.665,-3.8));
#5763=VECTOR('',#7033,0.8739565206576);
#5764=CARTESIAN_POINT('',(4.035,7.335,-3.8));
#5765=VECTOR('',#7034,0.33);
#5766=CARTESIAN_POINT('',(4.035,7.665,-3.8));
#5767=VECTOR('',#7035,0.33);
#5768=CARTESIAN_POINT('',(2.4,1.3,-9.1));
#5769=CARTESIAN_POINT('',(6.0,1.3,-9.1));
#5770=CARTESIAN_POINT('',(2.4,1.3,-9.1));
#5771=VECTOR('',#7036,3.6);
#5772=CARTESIAN_POINT('',(6.0,4.9,-9.1));
#5773=CARTESIAN_POINT('',(6.0,1.3,-9.1));
#5774=VECTOR('',#7037,3.6);
#5775=CARTESIAN_POINT('',(2.4,4.9,-9.1));
#5776=CARTESIAN_POINT('',(6.0,4.9,-9.1));
#5777=VECTOR('',#7038,3.6);
#5778=CARTESIAN_POINT('',(2.4,4.9,-9.1));
#5779=VECTOR('',#7039,3.6);
#5780=CARTESIAN_POINT('',(4.735,2.765,-9.1));
#5781=CARTESIAN_POINT('',(3.665,2.765,-9.1));
#5782=CARTESIAN_POINT('',(4.735,2.765,-9.1));
#5783=VECTOR('',#7040,1.07);
#5784=CARTESIAN_POINT('',(3.665,3.835,-9.1));
#5785=CARTESIAN_POINT('',(3.665,2.765,-9.1));
#5786=VECTOR('',#7041,1.07);
#5787=CARTESIAN_POINT('',(4.735,3.835,-9.1));
#5788=CARTESIAN_POINT('',(4.735,3.835,-9.1));
#5789=VECTOR('',#7042,1.07);
#5790=CARTESIAN_POINT('',(4.735,2.765,-9.1));
#5791=VECTOR('',#7043,1.07);
#5792=CARTESIAN_POINT('',(3.35,5.5,-9.1));
#5793=CARTESIAN_POINT('',(5.05,5.5,-9.1));
#5794=CARTESIAN_POINT('',(3.35,5.5,-9.1));
#5795=VECTOR('',#7044,1.7);
#5796=CARTESIAN_POINT('',(6.0,6.45,-9.1));
#5797=CARTESIAN_POINT('',(6.0,6.45,-9.1));
#5798=VECTOR('',#7045,1.343502884254);
#5799=CARTESIAN_POINT('',(6.0,9.1,-9.1));
#5800=CARTESIAN_POINT('',(6.0,6.45,-9.1));
#5801=VECTOR('',#7046,2.65);
#5802=CARTESIAN_POINT('',(2.4,9.1,-9.1));
#5803=CARTESIAN_POINT('',(6.0,9.1,-9.1));
#5804=VECTOR('',#7047,3.6);
#5805=CARTESIAN_POINT('',(2.4,6.45,-9.1));
#5806=CARTESIAN_POINT('',(2.4,9.1,-9.1));
#5807=VECTOR('',#7048,2.65);
#5808=CARTESIAN_POINT('',(3.35,5.5,-9.1));
#5809=VECTOR('',#7049,1.343502884254);
#5810=CARTESIAN_POINT('',(2.4,1.3,0.0));
#5811=VECTOR('',#7050,9.1);
#5812=CARTESIAN_POINT('',(2.4,4.9,0.0));
#5813=VECTOR('',#7051,9.1);
#5814=CARTESIAN_POINT('',(6.0,4.9,0.0));
#5815=VECTOR('',#7052,9.1);
#5816=CARTESIAN_POINT('',(6.0,1.3,0.0));
#5817=VECTOR('',#7053,9.1);
#5818=CARTESIAN_POINT('',(4.735,2.765,-4.5));
#5819=CARTESIAN_POINT('',(4.735,2.765,-9.1));
#5820=VECTOR('',#7054,4.6);
#5821=CARTESIAN_POINT('',(4.735,3.835,-4.5));
#5822=CARTESIAN_POINT('',(4.735,3.835,-4.5));
#5823=VECTOR('',#7055,4.6);
#5824=CARTESIAN_POINT('',(4.735,3.835,-4.5));
#5825=VECTOR('',#7056,1.07);
#5826=CARTESIAN_POINT('',(4.735,1.745,-14.435));
#5827=CARTESIAN_POINT('',(4.735,-2.8,-14.435));
#5828=CARTESIAN_POINT('',(4.735,1.745,-14.435));
#5829=VECTOR('',#7057,4.545);
#5830=AXIS2_PLACEMENT_3D('',#7058,#7059,#7060);
#5831=CARTESIAN_POINT('',(4.735,1.745,-13.365));
#5832=AXIS2_PLACEMENT_3D('',#7061,#7062,#7063);
#5833=CARTESIAN_POINT('',(4.735,-2.8,-13.365));
#5834=CARTESIAN_POINT('',(4.735,-2.8,-13.365));
#5835=VECTOR('',#7064,4.545);
#5836=CARTESIAN_POINT('',(4.735,-2.8,-13.365));
#5837=VECTOR('',#7065,1.07);
#5838=CARTESIAN_POINT('',(4.365,3.465,-3.8));
#5839=CARTESIAN_POINT('',(4.365,3.465,-3.8));
#5840=VECTOR('',#7066,0.8739565206576);
#5841=CARTESIAN_POINT('',(4.365,3.135,-3.8));
#5842=CARTESIAN_POINT('',(4.365,3.465,-3.8));
#5843=VECTOR('',#7067,0.33);
#5844=CARTESIAN_POINT('',(4.365,3.135,-3.8));
#5845=VECTOR('',#7068,0.8739565206576);
#5846=CARTESIAN_POINT('',(4.035,3.135,-3.8));
#5847=CARTESIAN_POINT('',(4.035,3.135,-3.8));
#5848=VECTOR('',#7069,0.33);
#5849=CARTESIAN_POINT('',(3.665,2.765,-4.5));
#5850=CARTESIAN_POINT('',(4.035,3.135,-3.8));
#5851=VECTOR('',#7070,0.8739565206576);
#5852=CARTESIAN_POINT('',(3.665,2.765,-4.5));
#5853=VECTOR('',#7071,1.07);
#5854=CARTESIAN_POINT('',(3.665,2.765,-9.1));
#5855=VECTOR('',#7072,4.6);
#5856=CARTESIAN_POINT('',(3.665,3.835,-4.5));
#5857=CARTESIAN_POINT('',(3.665,3.835,-4.5));
#5858=VECTOR('',#7073,4.6);
#5859=CARTESIAN_POINT('',(3.665,2.765,-4.5));
#5860=VECTOR('',#7074,1.07);
#5861=CARTESIAN_POINT('',(3.665,-2.8,-13.365));
#5862=CARTESIAN_POINT('',(3.665,1.745,-13.365));
#5863=CARTESIAN_POINT('',(3.665,-2.8,-13.365));
#5864=VECTOR('',#7075,4.545);
#5865=AXIS2_PLACEMENT_3D('',#7076,#7077,#7078);
#5866=CARTESIAN_POINT('',(3.665,1.745,-14.435));
#5867=AXIS2_PLACEMENT_3D('',#7079,#7080,#7081);
#5868=CARTESIAN_POINT('',(3.665,-2.8,-14.435));
#5869=CARTESIAN_POINT('',(3.665,1.745,-14.435));
#5870=VECTOR('',#7082,4.545);
#5871=CARTESIAN_POINT('',(3.665,-2.8,-14.435));
#5872=VECTOR('',#7083,1.07);
#5873=CARTESIAN_POINT('',(4.035,3.465,-3.8));
#5874=CARTESIAN_POINT('',(4.035,3.465,-3.8));
#5875=VECTOR('',#7084,0.8739565206576);
#5876=CARTESIAN_POINT('',(4.035,3.135,-3.8));
#5877=VECTOR('',#7085,0.33);
#5878=CARTESIAN_POINT('',(4.035,3.465,-3.8));
#5879=VECTOR('',#7086,0.33);
#5880=CARTESIAN_POINT('',(3.665,3.835,-4.5));
#5881=VECTOR('',#7087,1.07);
#5882=CARTESIAN_POINT('',(4.035,-3.5,-13.735));
#5883=CARTESIAN_POINT('',(3.665,-2.8,-13.365));
#5884=VECTOR('',#7088,0.8739565206576);
#5885=CARTESIAN_POINT('',(4.035,-3.5,-14.065));
#5886=CARTESIAN_POINT('',(4.035,-3.5,-14.065));
#5887=VECTOR('',#7089,0.8739565206576);
#5888=CARTESIAN_POINT('',(4.035,-3.5,-14.065));
#5889=VECTOR('',#7090,0.33);
#5890=CARTESIAN_POINT('',(4.365,-3.5,-14.065));
#5891=CARTESIAN_POINT('',(4.035,-3.5,-14.065));
#5892=VECTOR('',#7091,0.33);
#5893=CARTESIAN_POINT('',(4.365,-3.5,-13.735));
#5894=CARTESIAN_POINT('',(4.365,-3.5,-13.735));
#5895=VECTOR('',#7092,0.33);
#5896=CARTESIAN_POINT('',(4.035,-3.5,-13.735));
#5897=VECTOR('',#7093,0.33);
#5898=CARTESIAN_POINT('',(4.365,-3.5,-13.735));
#5899=VECTOR('',#7094,0.8739565206576);
#5900=CARTESIAN_POINT('',(3.665,-2.8,-13.365));
#5901=VECTOR('',#7095,1.07);
#5902=CARTESIAN_POINT('',(4.735,1.745,-13.365));
#5903=VECTOR('',#7096,1.07);
#5904=CARTESIAN_POINT('',(4.365,-3.5,-14.065));
#5905=VECTOR('',#7097,0.8739565206576);
#5906=CARTESIAN_POINT('',(3.665,-2.8,-14.435));
#5907=VECTOR('',#7098,1.07);
#5908=CARTESIAN_POINT('',(4.735,1.745,-14.435));
#5909=VECTOR('',#7099,1.07);
#5910=CARTESIAN_POINT('',(2.4,6.45,-9.1));
#5911=VECTOR('',#7100,9.1);
#5912=CARTESIAN_POINT('',(3.35,5.5,-9.1));
#5913=VECTOR('',#7101,9.1);
#5914=CARTESIAN_POINT('',(5.05,5.5,-9.1));
#5915=VECTOR('',#7102,9.1);
#5916=CARTESIAN_POINT('',(6.0,6.45,-9.1));
#5917=VECTOR('',#7103,9.1);
#5918=CARTESIAN_POINT('',(6.0,9.1,0.0));
#5919=VECTOR('',#7104,9.1);
#5920=CARTESIAN_POINT('',(2.4,9.1,0.0));
#5921=VECTOR('',#7105,9.1);
#5922=CARTESIAN_POINT('',(4.035,-3.5,-19.565));
#5923=VECTOR('',#7106,0.33);
#5924=CARTESIAN_POINT('',(0.535,6.965,-9.1));
#5925=CARTESIAN_POINT('',(0.535,6.965,-4.5));
#5926=CARTESIAN_POINT('',(0.535,6.965,-9.1));
#5927=VECTOR('',#7107,4.6);
#5928=CARTESIAN_POINT('',(0.535,8.035,-9.1));
#5929=CARTESIAN_POINT('',(0.535,6.965,-9.1));
#5930=VECTOR('',#7108,1.07);
#5931=CARTESIAN_POINT('',(0.535,8.035,-4.5));
#5932=CARTESIAN_POINT('',(0.535,8.035,-4.5));
#5933=VECTOR('',#7109,4.6);
#5934=CARTESIAN_POINT('',(0.535,8.035,-4.5));
#5935=VECTOR('',#7110,1.07);
#5936=CARTESIAN_POINT('',(0.535,5.945,-19.935));
#5937=CARTESIAN_POINT('',(0.535,-2.8,-19.935));
#5938=CARTESIAN_POINT('',(0.535,5.945,-19.935));
#5939=VECTOR('',#7111,8.745);
#5940=CARTESIAN_POINT('',(0.535,8.035,-17.845));
#5941=AXIS2_PLACEMENT_3D('',#7112,#7113,#7114);
#5942=CARTESIAN_POINT('',(0.535,8.035,-12.8));
#5943=VECTOR('',#7115,5.045);
#5944=CARTESIAN_POINT('',(0.535,6.965,-17.845));
#5945=CARTESIAN_POINT('',(0.535,6.965,-17.845));
#5946=VECTOR('',#7116,5.045);
#5947=CARTESIAN_POINT('',(0.535,5.945,-18.865));
#5948=AXIS2_PLACEMENT_3D('',#7117,#7118,#7119);
#5949=CARTESIAN_POINT('',(0.535,-2.8,-18.865));
#5950=CARTESIAN_POINT('',(0.535,-2.8,-18.865));
#5951=VECTOR('',#7120,8.745);
#5952=CARTESIAN_POINT('',(0.535,-2.8,-18.865));
#5953=VECTOR('',#7121,1.07);
#5954=CARTESIAN_POINT('',(0.165,7.665,-3.8));
#5955=CARTESIAN_POINT('',(0.165,7.665,-3.8));
#5956=VECTOR('',#7122,0.8739565206576);
#5957=CARTESIAN_POINT('',(0.165,7.335,-3.8));
#5958=CARTESIAN_POINT('',(0.165,7.665,-3.8));
#5959=VECTOR('',#7123,0.33);
#5960=CARTESIAN_POINT('',(0.165,7.335,-3.8));
#5961=VECTOR('',#7124,0.8739565206576);
#5962=CARTESIAN_POINT('',(-0.165,7.335,-3.8));
#5963=CARTESIAN_POINT('',(-0.165,7.335,-3.8));
#5964=VECTOR('',#7125,0.33);
#5965=CARTESIAN_POINT('',(-0.535,6.965,-4.5));
#5966=CARTESIAN_POINT('',(-0.165,7.335,-3.8));
#5967=VECTOR('',#7126,0.8739565206576);
#5968=CARTESIAN_POINT('',(-0.535,6.965,-4.5));
#5969=VECTOR('',#7127,1.07);
#5970=CARTESIAN_POINT('',(-0.535,6.965,-17.845));
#5971=CARTESIAN_POINT('',(-0.535,6.965,-17.845));
#5972=VECTOR('',#7128,5.045);
#5973=CARTESIAN_POINT('',(0.535,6.965,-17.845));
#5974=VECTOR('',#7129,1.07);
#5975=CARTESIAN_POINT('',(-0.535,6.965,-9.1));
#5976=CARTESIAN_POINT('',(-0.535,6.965,-9.1));
#5977=VECTOR('',#7130,4.6);
#5978=CARTESIAN_POINT('',(0.535,6.965,-9.1));
#5979=VECTOR('',#7131,1.07);
#5980=CARTESIAN_POINT('',(-0.535,5.945,-18.865));
#5981=AXIS2_PLACEMENT_3D('',#7132,#7133,#7134);
#5982=CARTESIAN_POINT('',(0.535,5.945,-18.865));
#5983=VECTOR('',#7135,1.07);
#5984=CARTESIAN_POINT('',(-0.535,-2.8,-18.865));
#5985=CARTESIAN_POINT('',(-0.535,-2.8,-18.865));
#5986=VECTOR('',#7136,8.745);
#5987=CARTESIAN_POINT('',(-0.535,-2.8,-18.865));
#5988=VECTOR('',#7137,1.07);
#5989=CARTESIAN_POINT('',(-0.165,-3.5,-19.235));
#5990=CARTESIAN_POINT('',(-0.535,-2.8,-18.865));
#5991=VECTOR('',#7138,0.8739565206576);
#5992=CARTESIAN_POINT('',(0.165,-3.5,-19.235));
#5993=CARTESIAN_POINT('',(-0.165,-3.5,-19.235));
#5994=VECTOR('',#7139,0.33);
#5995=CARTESIAN_POINT('',(0.165,-3.5,-19.235));
#5996=VECTOR('',#7140,0.8739565206576);
#5997=CARTESIAN_POINT('',(0.165,-3.5,-19.565));
#5998=CARTESIAN_POINT('',(0.165,-3.5,-19.235));
#5999=VECTOR('',#7141,0.33);
#6000=CARTESIAN_POINT('',(0.165,-3.5,-19.565));
#6001=VECTOR('',#7142,0.8739565206576);
#6002=CARTESIAN_POINT('',(-0.165,-3.5,-19.565));
#6003=CARTESIAN_POINT('',(-0.165,-3.5,-19.565));
#6004=VECTOR('',#7143,0.33);
#6005=CARTESIAN_POINT('',(-0.535,-2.8,-19.935));
#6006=CARTESIAN_POINT('',(-0.165,-3.5,-19.565));
#6007=VECTOR('',#7144,0.8739565206576);
#6008=CARTESIAN_POINT('',(-0.535,-2.8,-19.935));
#6009=VECTOR('',#7145,1.07);
#6010=CARTESIAN_POINT('',(-0.535,5.945,-19.935));
#6011=CARTESIAN_POINT('',(-0.535,5.945,-19.935));
#6012=VECTOR('',#7146,8.745);
#6013=CARTESIAN_POINT('',(0.535,5.945,-19.935));
#6014=VECTOR('',#7147,1.07);
#6015=CARTESIAN_POINT('',(-0.535,8.035,-17.845));
#6016=AXIS2_PLACEMENT_3D('',#7148,#7149,#7150);
#6017=CARTESIAN_POINT('',(0.535,8.035,-17.845));
#6018=VECTOR('',#7151,1.07);
#6019=CARTESIAN_POINT('',(-0.535,8.035,-12.8));
#6020=VECTOR('',#7152,5.045);
#6021=CARTESIAN_POINT('',(-0.535,8.035,-9.1));
#6022=CARTESIAN_POINT('',(0.535,8.035,-9.1));
#6023=VECTOR('',#7153,1.07);
#6024=CARTESIAN_POINT('',(-0.535,8.035,-4.5));
#6025=CARTESIAN_POINT('',(-0.535,8.035,-4.5));
#6026=VECTOR('',#7154,4.6);
#6027=CARTESIAN_POINT('',(-0.535,8.035,-4.5));
#6028=VECTOR('',#7155,1.07);
#6029=CARTESIAN_POINT('',(-0.535,6.965,-9.1));
#6030=VECTOR('',#7156,1.07);
#6031=CARTESIAN_POINT('',(-0.535,6.965,-4.5));
#6032=VECTOR('',#7157,1.07);
#6033=CARTESIAN_POINT('',(-0.535,-2.8,-19.935));
#6034=VECTOR('',#7158,1.07);
#6035=CARTESIAN_POINT('',(-0.165,7.665,-3.8));
#6036=CARTESIAN_POINT('',(-0.165,7.665,-3.8));
#6037=VECTOR('',#7159,0.8739565206576);
#6038=CARTESIAN_POINT('',(-0.165,7.335,-3.8));
#6039=VECTOR('',#7160,0.33);
#6040=CARTESIAN_POINT('',(-0.165,7.665,-3.8));
#6041=VECTOR('',#7161,0.33);
#6042=CARTESIAN_POINT('',(-1.8,5.5,-9.1));
#6043=CARTESIAN_POINT('',(1.8,5.5,-9.1));
#6044=CARTESIAN_POINT('',(-1.8,5.5,-9.1));
#6045=VECTOR('',#7162,3.6);
#6046=CARTESIAN_POINT('',(1.8,9.1,-9.1));
#6047=CARTESIAN_POINT('',(1.8,5.5,-9.1));
#6048=VECTOR('',#7163,3.6);
#6049=CARTESIAN_POINT('',(-1.8,9.1,-9.1));
#6050=CARTESIAN_POINT('',(1.8,9.1,-9.1));
#6051=VECTOR('',#7164,3.6);
#6052=CARTESIAN_POINT('',(-1.8,9.1,-9.1));
#6053=VECTOR('',#7165,3.6);
#6054=CARTESIAN_POINT('',(-0.85,1.3,-9.1));
#6055=CARTESIAN_POINT('',(0.85,1.3,-9.1));
#6056=CARTESIAN_POINT('',(-0.85,1.3,-9.1));
#6057=VECTOR('',#7166,1.7);
#6058=CARTESIAN_POINT('',(1.8,2.25,-9.1));
#6059=CARTESIAN_POINT('',(1.8,2.25,-9.1));
#6060=VECTOR('',#7167,1.343502884254);
#6061=CARTESIAN_POINT('',(1.8,4.9,-9.1));
#6062=CARTESIAN_POINT('',(1.8,2.25,-9.1));
#6063=VECTOR('',#7168,2.65);
#6064=CARTESIAN_POINT('',(-1.8,4.9,-9.1));
#6065=CARTESIAN_POINT('',(1.8,4.9,-9.1));
#6066=VECTOR('',#7169,3.6);
#6067=CARTESIAN_POINT('',(-1.8,2.25,-9.1));
#6068=CARTESIAN_POINT('',(-1.8,4.9,-9.1));
#6069=VECTOR('',#7170,2.65);
#6070=CARTESIAN_POINT('',(-0.85,1.3,-9.1));
#6071=VECTOR('',#7171,1.343502884254);
#6072=CARTESIAN_POINT('',(0.535,2.765,-9.1));
#6073=CARTESIAN_POINT('',(-0.535,2.765,-9.1));
#6074=CARTESIAN_POINT('',(0.535,2.765,-9.1));
#6075=VECTOR('',#7172,1.07);
#6076=CARTESIAN_POINT('',(-0.535,3.835,-9.1));
#6077=CARTESIAN_POINT('',(-0.535,2.765,-9.1));
#6078=VECTOR('',#7173,1.07);
#6079=CARTESIAN_POINT('',(0.535,3.835,-9.1));
#6080=CARTESIAN_POINT('',(0.535,3.835,-9.1));
#6081=VECTOR('',#7174,1.07);
#6082=CARTESIAN_POINT('',(0.535,2.765,-9.1));
#6083=VECTOR('',#7175,1.07);
#6084=CARTESIAN_POINT('',(-1.8,5.5,0.0));
#6085=VECTOR('',#7176,9.1);
#6086=CARTESIAN_POINT('',(-1.8,9.1,0.0));
#6087=VECTOR('',#7177,9.1);
#6088=CARTESIAN_POINT('',(1.8,9.1,0.0));
#6089=VECTOR('',#7178,9.1);
#6090=CARTESIAN_POINT('',(1.8,5.5,0.0));
#6091=VECTOR('',#7179,9.1);
#6092=CARTESIAN_POINT('',(0.535,2.765,-4.5));
#6093=CARTESIAN_POINT('',(0.535,2.765,-9.1));
#6094=VECTOR('',#7180,4.6);
#6095=CARTESIAN_POINT('',(0.535,3.835,-4.5));
#6096=CARTESIAN_POINT('',(0.535,3.835,-4.5));
#6097=VECTOR('',#7181,4.6);
#6098=CARTESIAN_POINT('',(0.535,3.835,-4.5));
#6099=VECTOR('',#7182,1.07);
#6100=CARTESIAN_POINT('',(0.535,1.745,-14.435));
#6101=CARTESIAN_POINT('',(0.535,-2.8,-14.435));
#6102=CARTESIAN_POINT('',(0.535,1.745,-14.435));
#6103=VECTOR('',#7183,4.545);
#6104=AXIS2_PLACEMENT_3D('',#7184,#7185,#7186);
#6105=CARTESIAN_POINT('',(0.535,1.745,-13.365));
#6106=AXIS2_PLACEMENT_3D('',#7187,#7188,#7189);
#6107=CARTESIAN_POINT('',(0.535,-2.8,-13.365));
#6108=CARTESIAN_POINT('',(0.535,-2.8,-13.365));
#6109=VECTOR('',#7190,4.545);
#6110=CARTESIAN_POINT('',(0.535,-2.8,-13.365));
#6111=VECTOR('',#7191,1.07);
#6112=CARTESIAN_POINT('',(0.165,3.465,-3.8));
#6113=CARTESIAN_POINT('',(0.165,3.465,-3.8));
#6114=VECTOR('',#7192,0.8739565206576);
#6115=CARTESIAN_POINT('',(0.165,3.135,-3.8));
#6116=CARTESIAN_POINT('',(0.165,3.465,-3.8));
#6117=VECTOR('',#7193,0.33);
#6118=CARTESIAN_POINT('',(0.165,3.135,-3.8));
#6119=VECTOR('',#7194,0.8739565206576);
#6120=CARTESIAN_POINT('',(-0.165,3.135,-3.8));
#6121=CARTESIAN_POINT('',(-0.165,3.135,-3.8));
#6122=VECTOR('',#7195,0.33);
#6123=CARTESIAN_POINT('',(-0.535,2.765,-4.5));
#6124=CARTESIAN_POINT('',(-0.165,3.135,-3.8));
#6125=VECTOR('',#7196,0.8739565206576);
#6126=CARTESIAN_POINT('',(-0.535,2.765,-4.5));
#6127=VECTOR('',#7197,1.07);
#6128=CARTESIAN_POINT('',(-0.535,2.765,-9.1));
#6129=VECTOR('',#7198,4.6);
#6130=CARTESIAN_POINT('',(-0.535,3.835,-4.5));
#6131=CARTESIAN_POINT('',(-0.535,3.835,-4.5));
#6132=VECTOR('',#7199,4.6);
#6133=CARTESIAN_POINT('',(-0.535,2.765,-4.5));
#6134=VECTOR('',#7200,1.07);
#6135=CARTESIAN_POINT('',(-0.535,-2.8,-13.365));
#6136=CARTESIAN_POINT('',(-0.535,1.745,-13.365));
#6137=CARTESIAN_POINT('',(-0.535,-2.8,-13.365));
#6138=VECTOR('',#7201,4.545);
#6139=AXIS2_PLACEMENT_3D('',#7202,#7203,#7204);
#6140=CARTESIAN_POINT('',(-0.535,1.745,-14.435));
#6141=AXIS2_PLACEMENT_3D('',#7205,#7206,#7207);
#6142=CARTESIAN_POINT('',(-0.535,-2.8,-14.435));
#6143=CARTESIAN_POINT('',(-0.535,1.745,-14.435));
#6144=VECTOR('',#7208,4.545);
#6145=CARTESIAN_POINT('',(-0.535,-2.8,-14.435));
#6146=VECTOR('',#7209,1.07);
#6147=CARTESIAN_POINT('',(-0.165,3.465,-3.8));
#6148=CARTESIAN_POINT('',(-0.165,3.465,-3.8));
#6149=VECTOR('',#7210,0.8739565206576);
#6150=CARTESIAN_POINT('',(-0.165,3.135,-3.8));
#6151=VECTOR('',#7211,0.33);
#6152=CARTESIAN_POINT('',(-0.165,3.465,-3.8));
#6153=VECTOR('',#7212,0.33);
#6154=CARTESIAN_POINT('',(-0.535,3.835,-4.5));
#6155=VECTOR('',#7213,1.07);
#6156=CARTESIAN_POINT('',(-0.165,-3.5,-13.735));
#6157=CARTESIAN_POINT('',(-0.535,-2.8,-13.365));
#6158=VECTOR('',#7214,0.8739565206576);
#6159=CARTESIAN_POINT('',(-0.165,-3.5,-14.065));
#6160=CARTESIAN_POINT('',(-0.165,-3.5,-14.065));
#6161=VECTOR('',#7215,0.8739565206576);
#6162=CARTESIAN_POINT('',(-0.165,-3.5,-14.065));
#6163=VECTOR('',#7216,0.33);
#6164=CARTESIAN_POINT('',(0.165,-3.5,-14.065));
#6165=CARTESIAN_POINT('',(-0.165,-3.5,-14.065));
#6166=VECTOR('',#7217,0.33);
#6167=CARTESIAN_POINT('',(0.165,-3.5,-13.735));
#6168=CARTESIAN_POINT('',(0.165,-3.5,-13.735));
#6169=VECTOR('',#7218,0.33);
#6170=CARTESIAN_POINT('',(-0.165,-3.5,-13.735));
#6171=VECTOR('',#7219,0.33);
#6172=CARTESIAN_POINT('',(0.165,-3.5,-13.735));
#6173=VECTOR('',#7220,0.8739565206576);
#6174=CARTESIAN_POINT('',(-0.535,-2.8,-13.365));
#6175=VECTOR('',#7221,1.07);
#6176=CARTESIAN_POINT('',(0.535,1.745,-13.365));
#6177=VECTOR('',#7222,1.07);
#6178=CARTESIAN_POINT('',(0.165,-3.5,-14.065));
#6179=VECTOR('',#7223,0.8739565206576);
#6180=CARTESIAN_POINT('',(-0.535,-2.8,-14.435));
#6181=VECTOR('',#7224,1.07);
#6182=CARTESIAN_POINT('',(0.535,1.745,-14.435));
#6183=VECTOR('',#7225,1.07);
#6184=CARTESIAN_POINT('',(-1.8,2.25,-9.1));
#6185=VECTOR('',#7226,9.1);
#6186=CARTESIAN_POINT('',(-0.85,1.3,-9.1));
#6187=VECTOR('',#7227,9.1);
#6188=CARTESIAN_POINT('',(0.85,1.3,-9.1));
#6189=VECTOR('',#7228,9.1);
#6190=CARTESIAN_POINT('',(1.8,2.25,-9.1));
#6191=VECTOR('',#7229,9.1);
#6192=CARTESIAN_POINT('',(1.8,4.9,0.0));
#6193=VECTOR('',#7230,9.1);
#6194=CARTESIAN_POINT('',(-1.8,4.9,0.0));
#6195=VECTOR('',#7231,9.1);
#6196=CARTESIAN_POINT('',(-0.165,-3.5,-19.565));
#6197=VECTOR('',#7232,0.33);
#6198=CARTESIAN_POINT('',(-3.665,6.965,-9.1));
#6199=CARTESIAN_POINT('',(-3.665,6.965,-4.5));
#6200=CARTESIAN_POINT('',(-3.665,6.965,-9.1));
#6201=VECTOR('',#7233,4.6);
#6202=CARTESIAN_POINT('',(-3.665,8.035,-9.1));
#6203=CARTESIAN_POINT('',(-3.665,6.965,-9.1));
#6204=VECTOR('',#7234,1.07);
#6205=CARTESIAN_POINT('',(-3.665,8.035,-4.5));
#6206=CARTESIAN_POINT('',(-3.665,8.035,-4.5));
#6207=VECTOR('',#7235,4.6);
#6208=CARTESIAN_POINT('',(-3.665,8.035,-4.5));
#6209=VECTOR('',#7236,1.07);
#6210=CARTESIAN_POINT('',(-3.665,5.945,-19.935));
#6211=CARTESIAN_POINT('',(-3.665,-2.8,-19.935));
#6212=CARTESIAN_POINT('',(-3.665,5.945,-19.935));
#6213=VECTOR('',#7237,8.745);
#6214=CARTESIAN_POINT('',(-3.665,8.035,-17.845));
#6215=AXIS2_PLACEMENT_3D('',#7238,#7239,#7240);
#6216=CARTESIAN_POINT('',(-3.665,8.035,-12.8));
#6217=VECTOR('',#7241,5.045);
#6218=CARTESIAN_POINT('',(-3.665,6.965,-17.845));
#6219=CARTESIAN_POINT('',(-3.665,6.965,-17.845));
#6220=VECTOR('',#7242,5.045);
#6221=CARTESIAN_POINT('',(-3.665,5.945,-18.865));
#6222=AXIS2_PLACEMENT_3D('',#7243,#7244,#7245);
#6223=CARTESIAN_POINT('',(-3.665,-2.8,-18.865));
#6224=CARTESIAN_POINT('',(-3.665,-2.8,-18.865));
#6225=VECTOR('',#7246,8.745);
#6226=CARTESIAN_POINT('',(-3.665,-2.8,-18.865));
#6227=VECTOR('',#7247,1.07);
#6228=CARTESIAN_POINT('',(-4.035,7.665,-3.8));
#6229=CARTESIAN_POINT('',(-4.035,7.665,-3.8));
#6230=VECTOR('',#7248,0.8739565206576);
#6231=CARTESIAN_POINT('',(-4.035,7.335,-3.8));
#6232=CARTESIAN_POINT('',(-4.035,7.665,-3.8));
#6233=VECTOR('',#7249,0.33);
#6234=CARTESIAN_POINT('',(-4.035,7.335,-3.8));
#6235=VECTOR('',#7250,0.8739565206576);
#6236=CARTESIAN_POINT('',(-4.365,7.335,-3.8));
#6237=CARTESIAN_POINT('',(-4.365,7.335,-3.8));
#6238=VECTOR('',#7251,0.33);
#6239=CARTESIAN_POINT('',(-4.735,6.965,-4.5));
#6240=CARTESIAN_POINT('',(-4.365,7.335,-3.8));
#6241=VECTOR('',#7252,0.8739565206576);
#6242=CARTESIAN_POINT('',(-4.735,6.965,-4.5));
#6243=VECTOR('',#7253,1.07);
#6244=CARTESIAN_POINT('',(-4.735,6.965,-17.845));
#6245=CARTESIAN_POINT('',(-4.735,6.965,-17.845));
#6246=VECTOR('',#7254,5.045);
#6247=CARTESIAN_POINT('',(-3.665,6.965,-17.845));
#6248=VECTOR('',#7255,1.07);
#6249=CARTESIAN_POINT('',(-4.735,6.965,-9.1));
#6250=CARTESIAN_POINT('',(-4.735,6.965,-9.1));
#6251=VECTOR('',#7256,4.6);
#6252=CARTESIAN_POINT('',(-3.665,6.965,-9.1));
#6253=VECTOR('',#7257,1.07);
#6254=CARTESIAN_POINT('',(-4.735,5.945,-18.865));
#6255=AXIS2_PLACEMENT_3D('',#7258,#7259,#7260);
#6256=CARTESIAN_POINT('',(-3.665,5.945,-18.865));
#6257=VECTOR('',#7261,1.07);
#6258=CARTESIAN_POINT('',(-4.735,-2.8,-18.865));
#6259=CARTESIAN_POINT('',(-4.735,-2.8,-18.865));
#6260=VECTOR('',#7262,8.745);
#6261=CARTESIAN_POINT('',(-4.735,-2.8,-18.865));
#6262=VECTOR('',#7263,1.07);
#6263=CARTESIAN_POINT('',(-4.365,-3.5,-19.235));
#6264=CARTESIAN_POINT('',(-4.735,-2.8,-18.865));
#6265=VECTOR('',#7264,0.8739565206576);
#6266=CARTESIAN_POINT('',(-4.035,-3.5,-19.235));
#6267=CARTESIAN_POINT('',(-4.365,-3.5,-19.235));
#6268=VECTOR('',#7265,0.33);
#6269=CARTESIAN_POINT('',(-4.035,-3.5,-19.235));
#6270=VECTOR('',#7266,0.8739565206576);
#6271=CARTESIAN_POINT('',(-4.035,-3.5,-19.565));
#6272=CARTESIAN_POINT('',(-4.035,-3.5,-19.235));
#6273=VECTOR('',#7267,0.33);
#6274=CARTESIAN_POINT('',(-4.035,-3.5,-19.565));
#6275=VECTOR('',#7268,0.8739565206576);
#6276=CARTESIAN_POINT('',(-4.365,-3.5,-19.565));
#6277=CARTESIAN_POINT('',(-4.365,-3.5,-19.565));
#6278=VECTOR('',#7269,0.33);
#6279=CARTESIAN_POINT('',(-4.735,-2.8,-19.935));
#6280=CARTESIAN_POINT('',(-4.365,-3.5,-19.565));
#6281=VECTOR('',#7270,0.8739565206576);
#6282=CARTESIAN_POINT('',(-4.735,-2.8,-19.935));
#6283=VECTOR('',#7271,1.07);
#6284=CARTESIAN_POINT('',(-4.735,5.945,-19.935));
#6285=CARTESIAN_POINT('',(-4.735,5.945,-19.935));
#6286=VECTOR('',#7272,8.745);
#6287=CARTESIAN_POINT('',(-3.665,5.945,-19.935));
#6288=VECTOR('',#7273,1.07);
#6289=CARTESIAN_POINT('',(-4.735,8.035,-17.845));
#6290=AXIS2_PLACEMENT_3D('',#7274,#7275,#7276);
#6291=CARTESIAN_POINT('',(-3.665,8.035,-17.845));
#6292=VECTOR('',#7277,1.07);
#6293=CARTESIAN_POINT('',(-4.735,8.035,-12.8));
#6294=VECTOR('',#7278,5.045);
#6295=CARTESIAN_POINT('',(-4.735,8.035,-9.1));
#6296=CARTESIAN_POINT('',(-3.665,8.035,-9.1));
#6297=VECTOR('',#7279,1.07);
#6298=CARTESIAN_POINT('',(-4.735,8.035,-4.5));
#6299=CARTESIAN_POINT('',(-4.735,8.035,-4.5));
#6300=VECTOR('',#7280,4.6);
#6301=CARTESIAN_POINT('',(-4.735,8.035,-4.5));
#6302=VECTOR('',#7281,1.07);
#6303=CARTESIAN_POINT('',(-4.735,6.965,-9.1));
#6304=VECTOR('',#7282,1.07);
#6305=CARTESIAN_POINT('',(-4.735,6.965,-4.5));
#6306=VECTOR('',#7283,1.07);
#6307=CARTESIAN_POINT('',(-4.735,-2.8,-19.935));
#6308=VECTOR('',#7284,1.07);
#6309=CARTESIAN_POINT('',(-4.365,7.665,-3.8));
#6310=CARTESIAN_POINT('',(-4.365,7.665,-3.8));
#6311=VECTOR('',#7285,0.8739565206576);
#6312=CARTESIAN_POINT('',(-4.365,7.335,-3.8));
#6313=VECTOR('',#7286,0.33);
#6314=CARTESIAN_POINT('',(-4.365,7.665,-3.8));
#6315=VECTOR('',#7287,0.33);
#6316=CARTESIAN_POINT('',(-6.0,5.5,-9.1));
#6317=CARTESIAN_POINT('',(-2.4,5.5,-9.1));
#6318=CARTESIAN_POINT('',(-6.0,5.5,-9.1));
#6319=VECTOR('',#7288,3.6);
#6320=CARTESIAN_POINT('',(-2.4,9.1,-9.1));
#6321=CARTESIAN_POINT('',(-2.4,5.5,-9.1));
#6322=VECTOR('',#7289,3.6);
#6323=CARTESIAN_POINT('',(-6.0,9.1,-9.1));
#6324=CARTESIAN_POINT('',(-2.4,9.1,-9.1));
#6325=VECTOR('',#7290,3.6);
#6326=CARTESIAN_POINT('',(-6.0,9.1,-9.1));
#6327=VECTOR('',#7291,3.6);
#6328=CARTESIAN_POINT('',(-2.4,2.25,-9.1));
#6329=CARTESIAN_POINT('',(-2.4,4.9,-9.1));
#6330=CARTESIAN_POINT('',(-2.4,2.25,-9.1));
#6331=VECTOR('',#7292,2.65);
#6332=CARTESIAN_POINT('',(-6.0,4.9,-9.1));
#6333=CARTESIAN_POINT('',(-2.4,4.9,-9.1));
#6334=VECTOR('',#7293,3.6);
#6335=CARTESIAN_POINT('',(-6.0,2.25,-9.1));
#6336=CARTESIAN_POINT('',(-6.0,4.9,-9.1));
#6337=VECTOR('',#7294,2.65);
#6338=CARTESIAN_POINT('',(-5.05,1.3,-9.1));
#6339=CARTESIAN_POINT('',(-5.05,1.3,-9.1));
#6340=VECTOR('',#7295,1.343502884254);
#6341=CARTESIAN_POINT('',(-3.35,1.3,-9.1));
#6342=CARTESIAN_POINT('',(-5.05,1.3,-9.1));
#6343=VECTOR('',#7296,1.7);
#6344=CARTESIAN_POINT('',(-2.4,2.25,-9.1));
#6345=VECTOR('',#7297,1.343502884254);
#6346=CARTESIAN_POINT('',(-3.665,2.765,-9.1));
#6347=CARTESIAN_POINT('',(-4.735,2.765,-9.1));
#6348=CARTESIAN_POINT('',(-3.665,2.765,-9.1));
#6349=VECTOR('',#7298,1.07);
#6350=CARTESIAN_POINT('',(-4.735,3.835,-9.1));
#6351=CARTESIAN_POINT('',(-4.735,2.765,-9.1));
#6352=VECTOR('',#7299,1.07);
#6353=CARTESIAN_POINT('',(-3.665,3.835,-9.1));
#6354=CARTESIAN_POINT('',(-3.665,3.835,-9.1));
#6355=VECTOR('',#7300,1.07);
#6356=CARTESIAN_POINT('',(-3.665,2.765,-9.1));
#6357=VECTOR('',#7301,1.07);
#6358=CARTESIAN_POINT('',(-6.0,5.5,0.0));
#6359=VECTOR('',#7302,9.1);
#6360=CARTESIAN_POINT('',(-6.0,9.1,0.0));
#6361=VECTOR('',#7303,9.1);
#6362=CARTESIAN_POINT('',(-2.4,9.1,0.0));
#6363=VECTOR('',#7304,9.1);
#6364=CARTESIAN_POINT('',(-2.4,5.5,0.0));
#6365=VECTOR('',#7305,9.1);
#6366=CARTESIAN_POINT('',(-3.665,2.765,-4.5));
#6367=CARTESIAN_POINT('',(-3.665,2.765,-9.1));
#6368=VECTOR('',#7306,4.6);
#6369=CARTESIAN_POINT('',(-3.665,3.835,-4.5));
#6370=CARTESIAN_POINT('',(-3.665,3.835,-4.5));
#6371=VECTOR('',#7307,4.6);
#6372=CARTESIAN_POINT('',(-3.665,3.835,-4.5));
#6373=VECTOR('',#7308,1.07);
#6374=CARTESIAN_POINT('',(-3.665,1.745,-14.435));
#6375=CARTESIAN_POINT('',(-3.665,-2.8,-14.435));
#6376=CARTESIAN_POINT('',(-3.665,1.745,-14.435));
#6377=VECTOR('',#7309,4.545);
#6378=AXIS2_PLACEMENT_3D('',#7310,#7311,#7312);
#6379=CARTESIAN_POINT('',(-3.665,1.745,-13.365));
#6380=AXIS2_PLACEMENT_3D('',#7313,#7314,#7315);
#6381=CARTESIAN_POINT('',(-3.665,-2.8,-13.365));
#6382=CARTESIAN_POINT('',(-3.665,-2.8,-13.365));
#6383=VECTOR('',#7316,4.545);
#6384=CARTESIAN_POINT('',(-3.665,-2.8,-13.365));
#6385=VECTOR('',#7317,1.07);
#6386=CARTESIAN_POINT('',(-4.035,3.465,-3.8));
#6387=CARTESIAN_POINT('',(-4.035,3.465,-3.8));
#6388=VECTOR('',#7318,0.8739565206576);
#6389=CARTESIAN_POINT('',(-4.035,3.135,-3.8));
#6390=CARTESIAN_POINT('',(-4.035,3.465,-3.8));
#6391=VECTOR('',#7319,0.33);
#6392=CARTESIAN_POINT('',(-4.035,3.135,-3.8));
#6393=VECTOR('',#7320,0.8739565206576);
#6394=CARTESIAN_POINT('',(-4.365,3.135,-3.8));
#6395=CARTESIAN_POINT('',(-4.365,3.135,-3.8));
#6396=VECTOR('',#7321,0.33);
#6397=CARTESIAN_POINT('',(-4.735,2.765,-4.5));
#6398=CARTESIAN_POINT('',(-4.365,3.135,-3.8));
#6399=VECTOR('',#7322,0.8739565206576);
#6400=CARTESIAN_POINT('',(-4.735,2.765,-4.5));
#6401=VECTOR('',#7323,1.07);
#6402=CARTESIAN_POINT('',(-4.735,2.765,-9.1));
#6403=VECTOR('',#7324,4.6);
#6404=CARTESIAN_POINT('',(-4.735,3.835,-4.5));
#6405=CARTESIAN_POINT('',(-4.735,3.835,-4.5));
#6406=VECTOR('',#7325,4.6);
#6407=CARTESIAN_POINT('',(-4.735,2.765,-4.5));
#6408=VECTOR('',#7326,1.07);
#6409=CARTESIAN_POINT('',(-4.735,-2.8,-13.365));
#6410=CARTESIAN_POINT('',(-4.735,1.745,-13.365));
#6411=CARTESIAN_POINT('',(-4.735,-2.8,-13.365));
#6412=VECTOR('',#7327,4.545);
#6413=AXIS2_PLACEMENT_3D('',#7328,#7329,#7330);
#6414=CARTESIAN_POINT('',(-4.735,1.745,-14.435));
#6415=AXIS2_PLACEMENT_3D('',#7331,#7332,#7333);
#6416=CARTESIAN_POINT('',(-4.735,-2.8,-14.435));
#6417=CARTESIAN_POINT('',(-4.735,1.745,-14.435));
#6418=VECTOR('',#7334,4.545);
#6419=CARTESIAN_POINT('',(-4.735,-2.8,-14.435));
#6420=VECTOR('',#7335,1.07);
#6421=CARTESIAN_POINT('',(-4.365,3.465,-3.8));
#6422=CARTESIAN_POINT('',(-4.365,3.465,-3.8));
#6423=VECTOR('',#7336,0.8739565206576);
#6424=CARTESIAN_POINT('',(-4.365,3.135,-3.8));
#6425=VECTOR('',#7337,0.33);
#6426=CARTESIAN_POINT('',(-4.365,3.465,-3.8));
#6427=VECTOR('',#7338,0.33);
#6428=CARTESIAN_POINT('',(-4.735,3.835,-4.5));
#6429=VECTOR('',#7339,1.07);
#6430=CARTESIAN_POINT('',(-4.365,-3.5,-13.735));
#6431=CARTESIAN_POINT('',(-4.735,-2.8,-13.365));
#6432=VECTOR('',#7340,0.8739565206576);
#6433=CARTESIAN_POINT('',(-4.365,-3.5,-14.065));
#6434=CARTESIAN_POINT('',(-4.365,-3.5,-14.065));
#6435=VECTOR('',#7341,0.8739565206576);
#6436=CARTESIAN_POINT('',(-4.365,-3.5,-14.065));
#6437=VECTOR('',#7342,0.33);
#6438=CARTESIAN_POINT('',(-4.035,-3.5,-14.065));
#6439=CARTESIAN_POINT('',(-4.365,-3.5,-14.065));
#6440=VECTOR('',#7343,0.33);
#6441=CARTESIAN_POINT('',(-4.035,-3.5,-13.735));
#6442=CARTESIAN_POINT('',(-4.035,-3.5,-13.735));
#6443=VECTOR('',#7344,0.33);
#6444=CARTESIAN_POINT('',(-4.365,-3.5,-13.735));
#6445=VECTOR('',#7345,0.33);
#6446=CARTESIAN_POINT('',(-4.035,-3.5,-13.735));
#6447=VECTOR('',#7346,0.8739565206576);
#6448=CARTESIAN_POINT('',(-4.735,-2.8,-13.365));
#6449=VECTOR('',#7347,1.07);
#6450=CARTESIAN_POINT('',(-3.665,1.745,-13.365));
#6451=VECTOR('',#7348,1.07);
#6452=CARTESIAN_POINT('',(-4.035,-3.5,-14.065));
#6453=VECTOR('',#7349,0.8739565206576);
#6454=CARTESIAN_POINT('',(-4.735,-2.8,-14.435));
#6455=VECTOR('',#7350,1.07);
#6456=CARTESIAN_POINT('',(-3.665,1.745,-14.435));
#6457=VECTOR('',#7351,1.07);
#6458=CARTESIAN_POINT('',(-3.35,1.3,-9.1));
#6459=VECTOR('',#7352,9.1);
#6460=CARTESIAN_POINT('',(-2.4,2.25,-9.1));
#6461=VECTOR('',#7353,9.1);
#6462=CARTESIAN_POINT('',(-2.4,4.9,0.0));
#6463=VECTOR('',#7354,9.1);
#6464=CARTESIAN_POINT('',(-6.0,4.9,0.0));
#6465=VECTOR('',#7355,9.1);
#6466=CARTESIAN_POINT('',(-6.0,2.25,-9.1));
#6467=VECTOR('',#7356,9.1);
#6468=CARTESIAN_POINT('',(-5.05,1.3,-9.1));
#6469=VECTOR('',#7357,9.1);
#6470=CARTESIAN_POINT('',(-4.365,-3.5,-19.565));
#6471=VECTOR('',#7358,0.33);
#6472=CARTESIAN_POINT('',(6.9,2.35,0.0));
#6473=VECTOR('',#7359,12.8);
#6474=CARTESIAN_POINT('',(6.9,0.8,-12.8));
#6475=VECTOR('',#7360,12.8);
#6476=CARTESIAN_POINT('',(6.9,9.6,-12.8));
#6477=VECTOR('',#7361,12.8);
#6478=CARTESIAN_POINT('',(6.9,8.4,-4.8));
#6479=CARTESIAN_POINT('',(6.9,8.4,-4.8));
#6480=VECTOR('',#7362,8.0);
#6481=CARTESIAN_POINT('',(6.9,8.4,-4.8));
#6482=VECTOR('',#7363,0.8);
#6483=AXIS2_PLACEMENT_3D('',#7364,#7365,#7366);
#6484=CARTESIAN_POINT('',(-5.7,0.0,-2.0));
#6485=CARTESIAN_POINT('',(-5.7,0.0,-12.8));
#6486=VECTOR('',#7367,10.8);
#6487=CARTESIAN_POINT('',(-5.7,0.4,-2.0));
#6488=VECTOR('',#7368,0.4);
#6489=CARTESIAN_POINT('',(-5.7,0.0,-2.0));
#6490=VECTOR('',#7369,0.89);
#6491=CARTESIAN_POINT('',(5.37,0.0,-6.92));
#6492=CARTESIAN_POINT('',(4.81,0.0,-7.13054710885));
#6493=AXIS2_PLACEMENT_3D('',#7370,#7371,#7372);
#6494=CARTESIAN_POINT('',(4.81,0.0,-12.8));
#6495=VECTOR('',#7373,5.66945289115);
#6496=CARTESIAN_POINT('',(5.7,0.0,-2.0));
#6497=CARTESIAN_POINT('',(5.7,0.0,-2.0));
#6498=VECTOR('',#7374,10.8);
#6499=CARTESIAN_POINT('',(4.81,0.0,-2.0));
#6500=CARTESIAN_POINT('',(4.81,0.0,-2.0));
#6501=VECTOR('',#7375,0.89);
#6502=CARTESIAN_POINT('',(4.81,0.0,-6.06945289115));
#6503=CARTESIAN_POINT('',(4.81,0.0,-6.06945289115));
#6504=VECTOR('',#7376,4.06945289115);
#6505=CARTESIAN_POINT('',(5.37,0.0,-6.28));
#6506=AXIS2_PLACEMENT_3D('',#7377,#7378,#7379);
#6507=CARTESIAN_POINT('',(5.639869785779,0.0,-6.28));
#6508=VECTOR('',#7380,0.2698697857793);
#6509=CARTESIAN_POINT('',(5.639869785779,0.0,-6.92));
#6510=AXIS2_PLACEMENT_3D('',#7381,#7382,#7383);
#6511=CARTESIAN_POINT('',(5.37,0.0,-6.92));
#6512=VECTOR('',#7384,0.2698697857793);
#6513=CARTESIAN_POINT('',(-5.639869785779,0.0,-6.92));
#6514=CARTESIAN_POINT('',(-5.37,0.0,-6.92));
#6515=VECTOR('',#7385,0.2698697857793);
#6516=AXIS2_PLACEMENT_3D('',#7386,#7387,#7388);
#6517=CARTESIAN_POINT('',(-5.639869785779,0.0,-6.28));
#6518=VECTOR('',#7389,0.2698697857793);
#6519=CARTESIAN_POINT('',(5.37,-2.631920243921,-6.92));
#6520=CARTESIAN_POINT('',(5.37,0.0,-6.92));
#6521=VECTOR('',#7390,2.631920243921);
#6522=CARTESIAN_POINT('',(5.639869785779,-2.069998098415,-6.92));
#6523=CARTESIAN_POINT('',(5.639869785779,0.0,-6.92));
#6524=VECTOR('',#7391,2.069999886788);
#6525=CARTESIAN_POINT('',(5.639869548779,-2.069999886788,-6.919999947328));
#6526=CARTESIAN_POINT('',(5.590006971067,-2.174383815302,-6.919999947328));
#6527=CARTESIAN_POINT('',(5.495162948243,-2.372419623203,-6.920000026336));
#6528=CARTESIAN_POINT('',(5.410088889484,-2.548994956913,-6.92));
#6529=CARTESIAN_POINT('',(5.37,-2.631920243921,-6.92));
#6530=CARTESIAN_POINT('',(5.251931347658,-2.87,-6.271760271929));
#6531=CARTESIAN_POINT('',(5.37,-2.631920243921,-6.28));
#6532=CARTESIAN_POINT('',(5.251931795483,-2.869999915421,-6.271760095596));
#6533=CARTESIAN_POINT('',(5.272161287493,-2.830399421357,-6.274597550823));
#6534=CARTESIAN_POINT('',(5.311995109568,-2.751041045593,-6.27870340232));
#6535=CARTESIAN_POINT('',(5.350811044622,-2.671613277393,-6.28));
#6536=CARTESIAN_POINT('',(5.37,-2.631920243921,-6.28));
#6537=CARTESIAN_POINT('',(5.251931347658,-2.87,-6.928239728072));
#6538=AXIS2_PLACEMENT_3D('',#7392,#7393,#7394);
#6539=CARTESIAN_POINT('',(5.37,-2.631920243921,-6.92));
#6540=CARTESIAN_POINT('',(5.350389796759,-2.672484643508,-6.92));
#6541=CARTESIAN_POINT('',(5.311137016702,-2.75277603588,-6.921354790733));
#6542=CARTESIAN_POINT('',(5.27172189807,-2.831259553595,-6.925464079386));
#6543=CARTESIAN_POINT('',(5.251931795483,-2.869999915421,-6.928239904404));
#6544=AXIS2_PLACEMENT_3D('',#7395,#7396,#7397);
#6545=CARTESIAN_POINT('',(5.37,-2.631920243921,-6.28));
#6546=CARTESIAN_POINT('',(5.409770065481,-2.54965445565,-6.28));
#6547=CARTESIAN_POINT('',(5.49452881839,-2.373740325716,-6.279999973664));
#6548=CARTESIAN_POINT('',(5.589691230499,-2.17504479679,-6.280000052672));
#6549=CARTESIAN_POINT('',(5.639869548779,-2.069999886788,-6.280000052672));
#6550=CARTESIAN_POINT('',(5.37,0.0,-6.28));
#6551=VECTOR('',#7398,2.631920243921);
#6552=CARTESIAN_POINT('',(4.528239728072,-2.87,-5.548068652342));
#6553=AXIS2_PLACEMENT_3D('',#7399,#7400,#7401);
#6554=CARTESIAN_POINT('',(4.81,0.4,-6.06945289115));
#6555=VECTOR('',#7402,0.4);
#6556=CARTESIAN_POINT('',(4.52,-2.631920243921,-5.43));
#6557=CARTESIAN_POINT('',(4.52,0.4,-5.43));
#6558=VECTOR('',#7403,3.031920243921);
#6559=CARTESIAN_POINT('',(4.52,-2.631920243921,-5.43));
#6560=CARTESIAN_POINT('',(4.52,-2.672482995342,-5.449609406462));
#6561=CARTESIAN_POINT('',(4.521354679715,-2.752772754362,-5.488861359963));
#6562=CARTESIAN_POINT('',(4.525463962814,-2.83125792668,-5.528277270838));
#6563=CARTESIAN_POINT('',(4.528239904404,-2.869999915421,-5.548068204517));
#6564=AXIS2_PLACEMENT_3D('',#7404,#7405,#7406);
#6565=CARTESIAN_POINT('',(4.52,-2.069998098415,-5.160130214221));
#6566=CARTESIAN_POINT('',(4.519999947328,-2.069999886788,-5.160130451221));
#6567=CARTESIAN_POINT('',(4.519999947328,-2.174392319349,-5.209997091184));
#6568=CARTESIAN_POINT('',(4.520000026336,-2.372436615129,-5.304845210233));
#6569=CARTESIAN_POINT('',(4.52,-2.549003441883,-5.389915212438));
#6570=CARTESIAN_POINT('',(4.52,-2.631920243921,-5.43));
#6571=AXIS2_PLACEMENT_3D('',#7407,#7408,#7409);
#6572=CARTESIAN_POINT('',(3.88,0.4,-5.160130214221));
#6573=VECTOR('',#7410,2.469999886788);
#6574=CARTESIAN_POINT('',(3.88,0.4,-5.43));
#6575=VECTOR('',#7411,3.031920243921);
#6576=CARTESIAN_POINT('',(3.03,-2.631920243921,-6.28));
#6577=CARTESIAN_POINT('',(3.03,0.4,-6.28));
#6578=VECTOR('',#7412,3.031920243921);
#6579=CARTESIAN_POINT('',(3.148068652342,-2.87,-6.271760271928));
#6580=CARTESIAN_POINT('',(3.03,-2.631920243921,-6.28));
#6581=CARTESIAN_POINT('',(3.049620005391,-2.672504919602,-6.28));
#6582=CARTESIAN_POINT('',(3.088882954004,-2.752816405757,-6.278643843203));
#6583=CARTESIAN_POINT('',(3.128288326203,-2.831279568247,-6.274534486524));
#6584=CARTESIAN_POINT('',(3.148068204517,-2.869999915421,-6.271760095596));
#6585=AXIS2_PLACEMENT_3D('',#7413,#7414,#7415);
#6586=CARTESIAN_POINT('',(3.148068652342,-2.87,-6.928239728071));
#6587=AXIS2_PLACEMENT_3D('',#7416,#7417,#7418);
#6588=AXIS2_PLACEMENT_3D('',#7419,#7420,#7421);
#6589=CARTESIAN_POINT('',(4.528239728071,-2.87,-7.651931347658));
#6590=AXIS2_PLACEMENT_3D('',#7422,#7423,#7424);
#6591=AXIS2_PLACEMENT_3D('',#7425,#7426,#7427);
#6592=CARTESIAN_POINT('',(4.52,-2.631920243921,-7.77));
#6593=CARTESIAN_POINT('',(4.52,0.4,-7.77));
#6594=VECTOR('',#7428,3.031920243921);
#6595=CARTESIAN_POINT('',(4.81,0.4,-7.13054710885));
#6596=VECTOR('',#7429,0.4);
#6597=CARTESIAN_POINT('',(4.528239904404,-2.869999915421,-7.651931795483));
#6598=CARTESIAN_POINT('',(4.525404319535,-2.830425524713,-7.672147952871));
#6599=CARTESIAN_POINT('',(4.521298348959,-2.75109370178,-7.711969072436));
#6600=CARTESIAN_POINT('',(4.52,-2.671639721628,-7.750798260584));
#6601=CARTESIAN_POINT('',(4.52,-2.631920243921,-7.77));
#6602=CARTESIAN_POINT('',(4.519999947328,-2.069999886788,-8.039869548779));
#6603=AXIS2_PLACEMENT_3D('',#7430,#7431,#7432);
#6604=CARTESIAN_POINT('',(4.52,-2.631920243921,-7.77));
#6605=CARTESIAN_POINT('',(4.52,-2.549588858214,-7.809801777501));
#6606=CARTESIAN_POINT('',(4.520000026336,-2.373608961599,-7.894591893224));
#6607=CARTESIAN_POINT('',(4.519999947328,-2.17497905187,-7.989722635824));
#6608=CARTESIAN_POINT('',(4.519999947328,-2.069999886788,-8.039869548779));
#6609=CARTESIAN_POINT('',(4.52,0.4,-8.039869785779));
#6610=VECTOR('',#7433,2.469999886788);
#6611=CARTESIAN_POINT('',(3.88,0.4,-8.039869785779));
#6612=VECTOR('',#7434,2.469999886788);
#6613=CARTESIAN_POINT('',(3.88,0.4,-7.77));
#6614=VECTOR('',#7435,3.031920243921);
#6615=CARTESIAN_POINT('',(3.03,-2.631920243921,-6.92));
#6616=CARTESIAN_POINT('',(3.03,0.4,-6.92));
#6617=VECTOR('',#7436,3.031920243921);
#6618=CARTESIAN_POINT('',(3.148068204517,-2.869999915421,-6.928239904404));
#6619=CARTESIAN_POINT('',(3.127850272212,-2.830422050202,-6.925404070579));
#6620=CARTESIAN_POINT('',(3.088027461853,-2.75108669294,-6.9212981158));
#6621=CARTESIAN_POINT('',(3.049200037785,-2.671636201744,-6.92));
#6622=CARTESIAN_POINT('',(3.03,-2.631920243921,-6.92));
#6623=CARTESIAN_POINT('',(2.760130451221,-2.069999886788,-6.280000052672));
#6624=CARTESIAN_POINT('',(2.809994267072,-2.174386407261,-6.280000052672));
#6625=CARTESIAN_POINT('',(2.904839538389,-2.372424802195,-6.279999973664));
#6626=CARTESIAN_POINT('',(2.989912360746,-2.548997543058,-6.28));
#6627=CARTESIAN_POINT('',(3.03,-2.631920243921,-6.28));
#6628=CARTESIAN_POINT('',(2.760130451221,-2.069999886788,-6.919999947328));
#6629=AXIS2_PLACEMENT_3D('',#7437,#7438,#7439);
#6630=CARTESIAN_POINT('',(3.03,-2.631920243921,-6.92));
#6631=CARTESIAN_POINT('',(2.990202387408,-2.549597473475,-6.92));
#6632=CARTESIAN_POINT('',(2.905416390721,-2.373626214353,-6.920000026336));
#6633=CARTESIAN_POINT('',(2.810281488805,-2.174987686501,-6.919999947328));
#6634=CARTESIAN_POINT('',(2.760130451221,-2.069999886788,-6.919999947328));
#6635=CARTESIAN_POINT('',(2.760130214221,0.4,-6.92));
#6636=VECTOR('',#7440,2.469999886788);
#6637=CARTESIAN_POINT('',(4.81,0.4,-2.0));
#6638=VECTOR('',#7441,0.4);
#6639=CARTESIAN_POINT('',(5.7,0.4,-2.0));
#6640=VECTOR('',#7442,0.4);
#6641=CARTESIAN_POINT('',(4.52,0.4,-5.160130214221));
#6642=VECTOR('',#7443,2.469999886788);
#6643=CARTESIAN_POINT('',(-5.639869548779,-2.069999886788,-6.280000052672));
#6644=CARTESIAN_POINT('',(-5.589956748694,-2.174488952436,-6.280000052672));
#6645=CARTESIAN_POINT('',(-5.495062083275,-2.372629697502,-6.279999973664));
#6646=CARTESIAN_POINT('',(-5.410038176653,-2.549099858199,-6.28));
#6647=CARTESIAN_POINT('',(-5.37,-2.631920243921,-6.28));
#6648=CARTESIAN_POINT('',(-5.639869548779,-2.069999886788,-6.919999947328));
#6649=AXIS2_PLACEMENT_3D('',#7444,#7445,#7446);
#6650=CARTESIAN_POINT('',(-5.37,-2.631920243921,-6.92));
#6651=CARTESIAN_POINT('',(-5.409826512009,-2.549537694008,-6.92));
#6652=CARTESIAN_POINT('',(-5.494641089758,-2.373506501127,-6.920000026336));
#6653=CARTESIAN_POINT('',(-5.589747131118,-2.174927772631,-6.919999947328));
#6654=CARTESIAN_POINT('',(-5.639869548779,-2.069999886788,-6.919999947328));
#6655=CARTESIAN_POINT('',(-5.639869785779,0.0,-6.92));
#6656=VECTOR('',#7447,2.069999886788);
#6657=CARTESIAN_POINT('',(1.7,11.4,-3.172484128936));
#6658=CARTESIAN_POINT('',(1.7,10.0,-3.05));
#6659=VECTOR('',#7448,1.405347772561);
#6660=CARTESIAN_POINT('',(1.7,11.4,-3.172484128936));
#6661=VECTOR('',#7449,0.8224841289363);
#6662=CARTESIAN_POINT('',(-1.7,11.4,-3.172484128936));
#6663=VECTOR('',#7450,3.4);
#6664=DIRECTION('',(-0.0,1.0,-0.0));
#6665=CARTESIAN_POINT('',(-4.2,-2.069998098415,-6.6));
#6666=DIRECTION('',(0.0,-1.0,0.0));
#6667=DIRECTION('',(-0.976182905613051,0.0,0.216949152542389));
#6668=DIRECTION('',(1.14493069708399E-07,-0.999999999999993,-2.54452052529198E-08));
#6669=CARTESIAN_POINT('',(-4.2,0.0,-6.6));
#6670=DIRECTION('',(0.0,1.0,0.0));
#6671=DIRECTION('',(-0.976182905613051,0.0,-0.216949152542389));
#6672=DIRECTION('',(-0.0,-1.0,0.0));
#6673=CARTESIAN_POINT('',(4.2,0.0,-6.6));
#6674=DIRECTION('',(0.0,-1.0,0.0));
#6675=DIRECTION('',(0.976182905613051,0.0,-0.216949152542389));
#6676=DIRECTION('',(-1.14493070137399E-07,-0.999999999999993,-2.54452052529198E-08));
#6677=CARTESIAN_POINT('',(4.2,-2.069998098415,-6.6));
#6678=DIRECTION('',(0.0,-1.0,0.0));
#6679=DIRECTION('',(0.976182905613051,0.0,-0.216949152542389));
#6680=DIRECTION('',(0.0,1.0,-0.0));
#6681=CARTESIAN_POINT('',(4.2,-2.069998098415,-6.6));
#6682=DIRECTION('',(0.0,-1.0,0.0));
#6683=DIRECTION('',(-0.976182905613051,0.0,0.216949152542389));
#6684=DIRECTION('',(9.59516819504595E-08,-0.999999999999995,-2.13245240514299E-08));
#6685=CARTESIAN_POINT('',(4.2,0.4,-6.6));
#6686=DIRECTION('',(0.0,-1.0,0.0));
#6687=DIRECTION('',(-0.976182905613051,0.0,0.216949152542389));
#6688=DIRECTION('',(0.0,0.906307884349065,-0.42261805305349));
#6689=CARTESIAN_POINT('',(4.2,-2.87,-6.6));
#6690=DIRECTION('',(0.0,-1.0,-0.0));
#6691=DIRECTION('',(-0.297870839514893,0.0,-0.954606182133079));
#6692=CARTESIAN_POINT('',(4.2,-2.069998098415,-6.6));
#6693=DIRECTION('',(0.0,-1.0,-0.0));
#6694=DIRECTION('',(-0.216949152542389,0.0,-0.976182905613051));
#6695=DIRECTION('',(-0.0,-0.906307884349065,-0.42261805305349));
#6696=CARTESIAN_POINT('',(4.2,-2.069998098415,-6.6));
#6697=DIRECTION('',(0.0,-1.0,0.0));
#6698=DIRECTION('',(0.216949152542389,0.0,0.976182905613051));
#6699=CARTESIAN_POINT('',(4.2,-2.87,-6.6));
#6700=DIRECTION('',(0.0,-1.0,0.0));
#6701=DIRECTION('',(0.297870839514802,0.0,0.954606182133107));
#6702=DIRECTION('',(0.0,-0.0,1.0));
#6703=CARTESIAN_POINT('',(6.9,8.8,-12.8));
#6704=DIRECTION('',(0.0,0.0,-1.0));
#6705=DIRECTION('',(0.0,1.0,0.0));
#6706=DIRECTION('',(0.0,0.0,-1.0));
#6707=CARTESIAN_POINT('',(6.9,8.8,-4.8));
#6708=DIRECTION('',(0.0,0.0,-1.0));
#6709=DIRECTION('',(0.0,1.0,0.0));
#6710=DIRECTION('',(0.0,-0.0,1.0));
#6711=CARTESIAN_POINT('',(6.9,2.75,-12.8));
#6712=DIRECTION('',(0.0,0.0,-1.0));
#6713=DIRECTION('',(0.0,1.0,0.0));
#6714=DIRECTION('',(0.0,0.0,-1.0));
#6715=CARTESIAN_POINT('',(6.9,2.75,0.0));
#6716=DIRECTION('',(0.0,0.0,-1.0));
#6717=DIRECTION('',(0.0,1.0,0.0));
#6718=DIRECTION('',(0.0,0.906307884349065,-0.42261805305349));
#6719=CARTESIAN_POINT('',(-4.2,-2.87,-6.6));
#6720=DIRECTION('',(0.0,-1.0,-0.0));
#6721=DIRECTION('',(-0.297870839514893,0.0,-0.954606182133079));
#6722=CARTESIAN_POINT('',(-4.2,-2.069998098415,-6.6));
#6723=DIRECTION('',(0.0,-1.0,-0.0));
#6724=DIRECTION('',(-0.216949152542389,0.0,-0.976182905613051));
#6725=DIRECTION('',(-0.0,-1.0,0.0));
#6726=CARTESIAN_POINT('',(-4.2,0.4,-6.6));
#6727=DIRECTION('',(-0.0,1.0,0.0));
#6728=DIRECTION('',(0.976182905613051,0.0,0.216949152542389));
#6729=DIRECTION('',(-9.59516814110795E-08,-0.999999999999995,-2.13245240514299E-08));
#6730=CARTESIAN_POINT('',(-4.2,-2.069998098415,-6.6));
#6731=DIRECTION('',(0.0,-1.0,0.0));
#6732=DIRECTION('',(0.976182905613051,0.0,-0.216949152542389));
#6733=DIRECTION('',(-0.0,-0.906307884349065,-0.42261805305349));
#6734=CARTESIAN_POINT('',(-4.2,-2.069998098415,-6.6));
#6735=DIRECTION('',(0.0,-1.0,0.0));
#6736=DIRECTION('',(0.216949152542389,0.0,0.976182905613051));
#6737=CARTESIAN_POINT('',(-4.2,-2.87,-6.6));
#6738=DIRECTION('',(0.0,-1.0,0.0));
#6739=DIRECTION('',(0.297870839514893,0.0,0.954606182133079));
#6740=DIRECTION('',(1.0,0.0,0.0));
#6741=CARTESIAN_POINT('',(-6.5,9.6,0.0));
#6742=DIRECTION('',(0.0,-0.0,1.0));
#6743=DIRECTION('',(0.0,1.0,0.0));
#6744=DIRECTION('',(0.0,1.0,0.0));
#6745=CARTESIAN_POINT('',(-6.5,0.8,0.0));
#6746=DIRECTION('',(0.0,0.0,1.0));
#6747=DIRECTION('',(-1.0,0.0,0.0));
#6748=DIRECTION('',(-1.0,0.0,0.0));
#6749=CARTESIAN_POINT('',(6.5,0.8,0.0));
#6750=DIRECTION('',(0.0,0.0,1.0));
#6751=DIRECTION('',(0.0,-1.0,0.0));
#6752=DIRECTION('',(0.0,-1.0,0.0));
#6753=CARTESIAN_POINT('',(6.9,2.75,0.0));
#6754=DIRECTION('',(0.0,0.0,-1.0));
#6755=DIRECTION('',(0.0,1.0,0.0));
#6756=DIRECTION('',(0.0,-1.0,0.0));
#6757=CARTESIAN_POINT('',(6.5,9.6,0.0));
#6758=DIRECTION('',(0.0,0.0,1.0));
#6759=DIRECTION('',(1.0,0.0,0.0));
#6760=DIRECTION('',(1.0,0.0,0.0));
#6761=DIRECTION('',(1.0,0.0,0.0));
#6762=DIRECTION('',(-1.0,0.0,0.0));
#6763=DIRECTION('',(0.0,1.0,0.0));
#6764=DIRECTION('',(1.0,0.0,0.0));
#6765=DIRECTION('',(0.0,-1.0,0.0));
#6766=DIRECTION('',(-1.0,0.0,0.0));
#6767=DIRECTION('',(0.0,1.0,0.0));
#6768=DIRECTION('',(1.0,0.0,0.0));
#6769=DIRECTION('',(0.0,-1.0,0.0));
#6770=DIRECTION('',(-1.0,0.0,0.0));
#6771=DIRECTION('',(0.0,1.0,0.0));
#6772=DIRECTION('',(1.0,0.0,0.0));
#6773=DIRECTION('',(0.0,-1.0,0.0));
#6774=DIRECTION('',(-0.707106781186548,0.707106781186548,0.0));
#6775=DIRECTION('',(0.0,-1.0,0.0));
#6776=DIRECTION('',(-1.0,0.0,0.0));
#6777=DIRECTION('',(0.0,1.0,0.0));
#6778=DIRECTION('',(-0.707106781186548,-0.707106781186548,0.0));
#6779=DIRECTION('',(1.0,0.0,0.0));
#6780=DIRECTION('',(-0.707106781186548,0.707106781186548,0.0));
#6781=DIRECTION('',(0.0,-1.0,0.0));
#6782=DIRECTION('',(-1.0,0.0,0.0));
#6783=DIRECTION('',(0.0,1.0,0.0));
#6784=DIRECTION('',(-0.707106781186548,-0.707106781186548,0.0));
#6785=DIRECTION('',(1.0,0.0,0.0));
#6786=DIRECTION('',(-1.0,0.0,0.0));
#6787=DIRECTION('',(0.0,1.0,0.0));
#6788=DIRECTION('',(-0.707106781186548,-0.707106781186548,0.0));
#6789=DIRECTION('',(1.0,0.0,0.0));
#6790=DIRECTION('',(-0.707106781186548,0.707106781186548,0.0));
#6791=DIRECTION('',(0.0,-1.0,0.0));
#6792=DIRECTION('',(0.0,-0.511805175094575,0.859101543908758));
#6793=DIRECTION('',(1.0,0.0,0.0));
#6794=DIRECTION('',(0.0,-0.511805175094575,0.859101543908758));
#6795=DIRECTION('',(0.0,0.0,1.0));
#6796=DIRECTION('',(0.0,0.996194698091745,-0.0871557427476639));
#6797=DIRECTION('',(0.0,0.0,-1.0));
#6798=DIRECTION('',(1.0,0.0,0.0));
#6799=DIRECTION('',(0.0,0.0,-1.0));
#6800=DIRECTION('',(0.0,0.0,1.0));
#6801=DIRECTION('',(1.0,0.0,0.0));
#6802=DIRECTION('',(0.0,0.0,1.0));
#6803=CARTESIAN_POINT('',(-6.5,9.6,-12.8));
#6804=DIRECTION('',(0.0,0.0,-1.0));
#6805=DIRECTION('',(-1.0,0.0,0.0));
#6806=DIRECTION('',(0.0,0.0,1.0));
#6807=DIRECTION('',(0.0,1.0,0.0));
#6808=DIRECTION('',(0.0,0.0,1.0));
#6809=CARTESIAN_POINT('',(-6.5,0.8,-12.8));
#6810=DIRECTION('',(0.0,0.0,-1.0));
#6811=DIRECTION('',(0.0,-1.0,0.0));
#6812=DIRECTION('',(0.0,0.0,1.0));
#6813=CARTESIAN_POINT('',(-3.03,0.4,-5.43));
#6814=DIRECTION('',(0.0,1.0,0.0));
#6815=DIRECTION('',(0.0,0.0,-1.0));
#6816=DIRECTION('',(1.0,0.0,0.0));
#6817=CARTESIAN_POINT('',(-4.2,0.4,-6.6));
#6818=DIRECTION('',(-0.0,1.0,0.0));
#6819=DIRECTION('',(0.976182905613051,0.0,0.216949152542389));
#6820=DIRECTION('',(-1.0,0.0,0.0));
#6821=CARTESIAN_POINT('',(-3.03,0.4,-7.77));
#6822=DIRECTION('',(0.0,1.0,0.0));
#6823=DIRECTION('',(-1.0,0.0,0.0));
#6824=DIRECTION('',(0.0,0.0,-1.0));
#6825=CARTESIAN_POINT('',(-4.2,0.4,-6.6));
#6826=DIRECTION('',(0.0,1.0,0.0));
#6827=DIRECTION('',(0.216949152542389,0.0,-0.976182905613051));
#6828=DIRECTION('',(0.0,0.0,1.0));
#6829=CARTESIAN_POINT('',(-5.37,0.4,-7.77));
#6830=DIRECTION('',(-0.0,1.0,0.0));
#6831=DIRECTION('',(0.658823529411792,0.0,0.75229751899989));
#6832=DIRECTION('',(0.0,0.0,1.0));
#6833=DIRECTION('',(-1.0,0.0,0.0));
#6834=DIRECTION('',(0.0,0.0,1.0));
#6835=CARTESIAN_POINT('',(5.37,0.4,-7.77));
#6836=DIRECTION('',(0.0,-1.0,0.0));
#6837=DIRECTION('',(-0.658823529411792,0.0,0.75229751899989));
#6838=DIRECTION('',(0.0,0.0,1.0));
#6839=CARTESIAN_POINT('',(4.2,0.4,-6.6));
#6840=DIRECTION('',(0.0,-1.0,-0.0));
#6841=DIRECTION('',(-0.216949152542389,0.0,-0.976182905613051));
#6842=DIRECTION('',(0.0,0.0,-1.0));
#6843=CARTESIAN_POINT('',(3.03,0.4,-7.77));
#6844=DIRECTION('',(0.0,-1.0,0.0));
#6845=DIRECTION('',(1.0,0.0,0.0));
#6846=DIRECTION('',(1.0,0.0,0.0));
#6847=CARTESIAN_POINT('',(4.2,0.4,-6.6));
#6848=DIRECTION('',(0.0,-1.0,0.0));
#6849=DIRECTION('',(-0.976182905613051,0.0,0.216949152542389));
#6850=DIRECTION('',(-1.0,0.0,0.0));
#6851=CARTESIAN_POINT('',(3.03,0.4,-5.43));
#6852=DIRECTION('',(0.0,-1.0,0.0));
#6853=DIRECTION('',(0.0,0.0,-1.0));
#6854=DIRECTION('',(0.0,0.0,-1.0));
#6855=CARTESIAN_POINT('',(4.2,0.4,-6.6));
#6856=DIRECTION('',(0.0,-1.0,0.0));
#6857=DIRECTION('',(0.216949152542389,0.0,0.976182905613051));
#6858=DIRECTION('',(0.0,0.0,1.0));
#6859=CARTESIAN_POINT('',(5.37,0.4,-5.43));
#6860=DIRECTION('',(0.0,-1.0,0.0));
#6861=DIRECTION('',(-1.0,0.0,1.7763568394E-14));
#6862=DIRECTION('',(0.0,0.0,1.0));
#6863=DIRECTION('',(-1.0,0.0,0.0));
#6864=DIRECTION('',(0.0,0.0,1.0));
#6865=DIRECTION('',(-1.0,0.0,0.0));
#6866=DIRECTION('',(0.0,0.0,1.0));
#6867=DIRECTION('',(-1.0,0.0,0.0));
#6868=DIRECTION('',(0.0,0.0,1.0));
#6869=DIRECTION('',(-1.0,0.0,0.0));
#6870=DIRECTION('',(0.0,0.0,1.0));
#6871=CARTESIAN_POINT('',(-5.37,0.4,-5.43));
#6872=DIRECTION('',(-0.0,1.0,0.0));
#6873=DIRECTION('',(1.0,0.0,0.0));
#6874=DIRECTION('',(0.0,0.0,1.0));
#6875=CARTESIAN_POINT('',(-4.2,0.4,-6.6));
#6876=DIRECTION('',(0.0,1.0,0.0));
#6877=DIRECTION('',(-0.216949152542389,0.0,0.976182905613051));
#6878=DIRECTION('',(0.0,0.0,-1.0));
#6879=DIRECTION('',(0.0,-1.0,0.0));
#6880=DIRECTION('',(-2.13245242312199E-08,-0.999999999999995,-9.59516821302595E-08));
#6881=CARTESIAN_POINT('',(-4.2,-2.87,-6.6));
#6882=DIRECTION('',(0.0,-1.0,0.0));
#6883=DIRECTION('',(0.297870839514893,0.0,0.954606182133079));
#6884=CARTESIAN_POINT('',(-4.2,-2.069998098415,-6.6));
#6885=DIRECTION('',(0.0,-1.0,0.0));
#6886=DIRECTION('',(0.216949152542389,0.0,0.976182905613051));
#6887=DIRECTION('',(2.13245244110099E-08,-0.999999999999995,-9.59516821302595E-08));
#6888=DIRECTION('',(0.0,-1.0,0.0));
#6889=DIRECTION('',(0.0,1.0,0.0));
#6890=CARTESIAN_POINT('',(-5.37,0.0,-5.43));
#6891=DIRECTION('',(0.0,1.0,0.0));
#6892=DIRECTION('',(0.658823529411792,0.0,-0.75229751899989));
#6893=DIRECTION('',(0.0,-1.0,0.0));
#6894=CARTESIAN_POINT('',(-5.37,-2.87,-5.43));
#6895=DIRECTION('',(0.0,-1.0,0.0));
#6896=DIRECTION('',(0.138903548489598,0.0,-0.990305914461283));
#6897=CARTESIAN_POINT('',(-4.2,-2.87,-6.6));
#6898=DIRECTION('',(0.0,-1.0,0.0));
#6899=DIRECTION('',(-0.954606182133079,0.0,0.297870839514893));
#6900=CARTESIAN_POINT('',(-5.37,-2.87,-7.77));
#6901=DIRECTION('',(0.0,-1.0,0.0));
#6902=DIRECTION('',(0.990305914461283,0.0,0.138903548489598));
#6903=CARTESIAN_POINT('',(-4.2,-2.87,-6.6));
#6904=DIRECTION('',(0.0,-1.0,-0.0));
#6905=DIRECTION('',(-0.297870839514893,0.0,-0.954606182133079));
#6906=CARTESIAN_POINT('',(-3.03,-2.87,-7.77));
#6907=DIRECTION('',(0.0,-1.0,0.0));
#6908=DIRECTION('',(-0.138903548489598,0.0,0.990305914461283));
#6909=CARTESIAN_POINT('',(-4.2,-2.87,-6.6));
#6910=DIRECTION('',(0.0,-1.0,0.0));
#6911=DIRECTION('',(0.954606182133079,0.0,-0.297870839514893));
#6912=CARTESIAN_POINT('',(-3.03,-2.87,-5.43));
#6913=DIRECTION('',(0.0,-1.0,-0.0));
#6914=DIRECTION('',(-0.990305914461283,0.0,-0.138903548489598));
#6915=DIRECTION('',(0.0,-1.0,0.0));
#6916=CARTESIAN_POINT('',(-4.2,-2.069998098415,-6.6));
#6917=DIRECTION('',(0.0,-1.0,0.0));
#6918=DIRECTION('',(0.976182905613051,0.0,-0.216949152542389));
#6919=DIRECTION('',(-9.59516814110795E-08,-0.999999999999995,2.13245247705999E-08));
#6920=DIRECTION('',(0.0,-1.0,0.0));
#6921=DIRECTION('',(0.0,-1.0,0.0));
#6922=DIRECTION('',(-2.13245242312199E-08,-0.999999999999995,9.59516810514995E-08));
#6923=CARTESIAN_POINT('',(-4.2,-2.069998098415,-6.6));
#6924=DIRECTION('',(0.0,-1.0,-0.0));
#6925=DIRECTION('',(-0.216949152542389,0.0,-0.976182905613051));
#6926=DIRECTION('',(2.13245244110099E-08,-0.999999999999995,9.59516817706695E-08));
#6927=DIRECTION('',(0.0,-1.0,0.0));
#6928=DIRECTION('',(0.0,-1.0,0.0));
#6929=CARTESIAN_POINT('',(-5.37,0.0,-7.77));
#6930=DIRECTION('',(0.0,1.0,0.0));
#6931=DIRECTION('',(0.0,0.0,1.0));
#6932=DIRECTION('',(0.0,1.0,0.0));
#6933=DIRECTION('',(0.0,0.0,-1.0));
#6934=DIRECTION('',(0.0,-1.0,0.0));
#6935=DIRECTION('',(0.0,-1.0,0.0));
#6936=DIRECTION('',(0.0,0.0,-1.0));
#6937=CARTESIAN_POINT('',(6.9,2.75,-12.8));
#6938=DIRECTION('',(0.0,0.0,-1.0));
#6939=DIRECTION('',(0.0,1.0,0.0));
#6940=DIRECTION('',(0.0,-1.0,0.0));
#6941=CARTESIAN_POINT('',(6.5,0.8,-12.8));
#6942=DIRECTION('',(0.0,0.0,-1.0));
#6943=DIRECTION('',(1.0,0.0,0.0));
#6944=DIRECTION('',(0.0,-1.0,0.0));
#6945=DIRECTION('',(-1.0,0.0,0.0));
#6946=DIRECTION('',(0.0,-1.0,0.0));
#6947=DIRECTION('',(-1.0,0.0,0.0));
#6948=DIRECTION('',(0.0,-1.0,0.0));
#6949=CARTESIAN_POINT('',(6.5,9.6,-12.8));
#6950=DIRECTION('',(0.0,0.0,-1.0));
#6951=DIRECTION('',(0.0,1.0,0.0));
#6952=DIRECTION('',(0.0,-1.0,0.0));
#6953=CARTESIAN_POINT('',(6.9,8.8,-12.8));
#6954=DIRECTION('',(0.0,0.0,-1.0));
#6955=DIRECTION('',(0.0,1.0,0.0));
#6956=DIRECTION('',(0.0,-1.0,0.0));
#6957=DIRECTION('',(-1.0,0.0,0.0));
#6958=DIRECTION('',(0.0,1.0,0.0));
#6959=DIRECTION('',(-1.0,0.0,0.0));
#6960=DIRECTION('',(0.0,1.0,0.0));
#6961=DIRECTION('',(-1.0,0.0,0.0));
#6962=DIRECTION('',(0.0,1.0,0.0));
#6963=DIRECTION('',(-1.0,0.0,0.0));
#6964=DIRECTION('',(0.0,1.0,0.0));
#6965=DIRECTION('',(-1.0,0.0,0.0));
#6966=DIRECTION('',(0.0,1.0,0.0));
#6967=DIRECTION('',(-1.0,0.0,0.0));
#6968=DIRECTION('',(0.0,1.0,0.0));
#6969=DIRECTION('',(-1.0,0.0,0.0));
#6970=DIRECTION('',(0.0,1.0,0.0));
#6971=DIRECTION('',(-1.0,0.0,0.0));
#6972=DIRECTION('',(0.0,1.0,0.0));
#6973=DIRECTION('',(-1.0,0.0,0.0));
#6974=DIRECTION('',(0.0,1.0,0.0));
#6975=DIRECTION('',(-1.0,0.0,0.0));
#6976=DIRECTION('',(0.0,1.0,0.0));
#6977=DIRECTION('',(-1.0,0.0,0.0));
#6978=DIRECTION('',(0.0,1.0,0.0));
#6979=DIRECTION('',(-1.0,0.0,0.0));
#6980=DIRECTION('',(0.0,1.0,0.0));
#6981=DIRECTION('',(0.0,0.0,1.0));
#6982=DIRECTION('',(0.0,1.0,0.0));
#6983=DIRECTION('',(0.0,0.0,-1.0));
#6984=DIRECTION('',(0.0,-1.0,0.0));
#6985=DIRECTION('',(0.0,-1.0,0.0));
#6986=CARTESIAN_POINT('',(4.735,5.945,-17.845));
#6987=DIRECTION('',(-1.0,0.0,0.0));
#6988=DIRECTION('',(0.0,1.0,0.0));
#6989=DIRECTION('',(0.0,0.0,-1.0));
#6990=DIRECTION('',(0.0,0.0,1.0));
#6991=CARTESIAN_POINT('',(4.735,5.945,-17.845));
#6992=DIRECTION('',(1.0,0.0,0.0));
#6993=DIRECTION('',(0.0,0.0,-1.0));
#6994=DIRECTION('',(0.0,1.0,0.0));
#6995=DIRECTION('',(0.0,0.0,-1.0));
#6996=DIRECTION('',(0.4233620223139,0.4233620223139,-0.800955177350499));
#6997=DIRECTION('',(0.0,-1.0,0.0));
#6998=DIRECTION('',(0.4233620223139,-0.4233620223139,-0.800955177350499));
#6999=DIRECTION('',(1.0,0.0,0.0));
#7000=DIRECTION('',(-0.4233620223139,-0.4233620223139,-0.800955177350499));
#7001=DIRECTION('',(1.0,0.0,0.0));
#7002=DIRECTION('',(0.0,0.0,1.0));
#7003=DIRECTION('',(-1.0,0.0,0.0));
#7004=DIRECTION('',(0.0,0.0,1.0));
#7005=DIRECTION('',(-1.0,0.0,0.0));
#7006=CARTESIAN_POINT('',(3.665,5.945,-17.845));
#7007=DIRECTION('',(1.0,0.0,0.0));
#7008=DIRECTION('',(0.0,0.0,-1.0));
#7009=DIRECTION('',(-1.0,0.0,0.0));
#7010=DIRECTION('',(0.0,1.0,0.0));
#7011=DIRECTION('',(1.0,0.0,0.0));
#7012=DIRECTION('',(0.4233620223139,-0.800955177350499,-0.4233620223139));
#7013=DIRECTION('',(1.0,0.0,0.0));
#7014=DIRECTION('',(0.4233620223139,0.800955177350499,0.4233620223139));
#7015=DIRECTION('',(0.0,0.0,-1.0));
#7016=DIRECTION('',(0.4233620223139,0.800955177350499,-0.4233620223139));
#7017=DIRECTION('',(1.0,0.0,0.0));
#7018=DIRECTION('',(-0.4233620223139,0.800955177350499,-0.4233620223139));
#7019=DIRECTION('',(1.0,0.0,0.0));
#7020=DIRECTION('',(0.0,-1.0,0.0));
#7021=DIRECTION('',(-1.0,0.0,0.0));
#7022=CARTESIAN_POINT('',(3.665,5.945,-17.845));
#7023=DIRECTION('',(-1.0,0.0,0.0));
#7024=DIRECTION('',(0.0,1.0,0.0));
#7025=DIRECTION('',(-1.0,0.0,0.0));
#7026=DIRECTION('',(0.0,0.0,-1.0));
#7027=DIRECTION('',(-1.0,0.0,0.0));
#7028=DIRECTION('',(0.0,0.0,-1.0));
#7029=DIRECTION('',(1.0,0.0,0.0));
#7030=DIRECTION('',(0.0,1.0,0.0));
#7031=DIRECTION('',(0.0,1.0,0.0));
#7032=DIRECTION('',(0.0,0.0,1.0));
#7033=DIRECTION('',(-0.4233620223139,0.4233620223139,-0.800955177350499));
#7034=DIRECTION('',(0.0,1.0,0.0));
#7035=DIRECTION('',(1.0,0.0,0.0));
#7036=DIRECTION('',(1.0,0.0,0.0));
#7037=DIRECTION('',(0.0,1.0,0.0));
#7038=DIRECTION('',(-1.0,0.0,0.0));
#7039=DIRECTION('',(0.0,-1.0,0.0));
#7040=DIRECTION('',(-1.0,0.0,0.0));
#7041=DIRECTION('',(0.0,1.0,0.0));
#7042=DIRECTION('',(-1.0,0.0,0.0));
#7043=DIRECTION('',(0.0,1.0,0.0));
#7044=DIRECTION('',(1.0,0.0,0.0));
#7045=DIRECTION('',(-0.707106781186548,-0.707106781186548,0.0));
#7046=DIRECTION('',(0.0,1.0,0.0));
#7047=DIRECTION('',(-1.0,0.0,0.0));
#7048=DIRECTION('',(0.0,-1.0,0.0));
#7049=DIRECTION('',(-0.707106781186548,0.707106781186548,0.0));
#7050=DIRECTION('',(0.0,0.0,-1.0));
#7051=DIRECTION('',(0.0,0.0,-1.0));
#7052=DIRECTION('',(0.0,0.0,-1.0));
#7053=DIRECTION('',(0.0,0.0,-1.0));
#7054=DIRECTION('',(0.0,0.0,1.0));
#7055=DIRECTION('',(0.0,0.0,-1.0));
#7056=DIRECTION('',(0.0,-1.0,0.0));
#7057=DIRECTION('',(0.0,-1.0,0.0));
#7058=CARTESIAN_POINT('',(4.735,1.745,-12.345));
#7059=DIRECTION('',(-1.0,0.0,0.0));
#7060=DIRECTION('',(0.0,0.976014985392781,-0.217703349282296));
#7061=CARTESIAN_POINT('',(4.735,1.745,-12.345));
#7062=DIRECTION('',(1.0,0.0,0.0));
#7063=DIRECTION('',(0.0,5.072195387013E-14,-1.0));
#7064=DIRECTION('',(0.0,1.0,0.0));
#7065=DIRECTION('',(0.0,0.0,-1.0));
#7066=DIRECTION('',(0.4233620223139,0.4233620223139,-0.800955177350499));
#7067=DIRECTION('',(0.0,-1.0,0.0));
#7068=DIRECTION('',(0.4233620223139,-0.4233620223139,-0.800955177350499));
#7069=DIRECTION('',(1.0,0.0,0.0));
#7070=DIRECTION('',(-0.4233620223139,-0.4233620223139,-0.800955177350499));
#7071=DIRECTION('',(1.0,0.0,0.0));
#7072=DIRECTION('',(0.0,0.0,1.0));
#7073=DIRECTION('',(0.0,0.0,-1.0));
#7074=DIRECTION('',(0.0,1.0,0.0));
#7075=DIRECTION('',(0.0,1.0,0.0));
#7076=CARTESIAN_POINT('',(3.665,1.745,-12.345));
#7077=DIRECTION('',(1.0,0.0,0.0));
#7078=DIRECTION('',(0.0,5.072195387013E-14,-1.0));
#7079=CARTESIAN_POINT('',(3.665,1.745,-12.345));
#7080=DIRECTION('',(-1.0,0.0,0.0));
#7081=DIRECTION('',(0.0,0.976014985392781,-0.217703349282296));
#7082=DIRECTION('',(0.0,-1.0,0.0));
#7083=DIRECTION('',(0.0,0.0,1.0));
#7084=DIRECTION('',(-0.4233620223139,0.4233620223139,-0.800955177350499));
#7085=DIRECTION('',(0.0,1.0,0.0));
#7086=DIRECTION('',(1.0,0.0,0.0));
#7087=DIRECTION('',(1.0,0.0,0.0));
#7088=DIRECTION('',(0.4233620223139,-0.800955177350499,-0.4233620223139));
#7089=DIRECTION('',(-0.4233620223139,0.800955177350499,-0.4233620223139));
#7090=DIRECTION('',(0.0,0.0,1.0));
#7091=DIRECTION('',(1.0,0.0,0.0));
#7092=DIRECTION('',(0.0,0.0,-1.0));
#7093=DIRECTION('',(1.0,0.0,0.0));
#7094=DIRECTION('',(0.4233620223139,0.800955177350499,0.4233620223139));
#7095=DIRECTION('',(1.0,0.0,0.0));
#7096=DIRECTION('',(-1.0,0.0,0.0));
#7097=DIRECTION('',(0.4233620223139,0.800955177350499,-0.4233620223139));
#7098=DIRECTION('',(1.0,0.0,0.0));
#7099=DIRECTION('',(-1.0,0.0,0.0));
#7100=DIRECTION('',(0.0,0.0,1.0));
#7101=DIRECTION('',(0.0,0.0,1.0));
#7102=DIRECTION('',(0.0,0.0,1.0));
#7103=DIRECTION('',(0.0,0.0,1.0));
#7104=DIRECTION('',(0.0,0.0,-1.0));
#7105=DIRECTION('',(0.0,0.0,-1.0));
#7106=DIRECTION('',(0.0,0.0,1.0));
#7107=DIRECTION('',(0.0,0.0,1.0));
#7108=DIRECTION('',(0.0,1.0,0.0));
#7109=DIRECTION('',(0.0,0.0,-1.0));
#7110=DIRECTION('',(0.0,-1.0,0.0));
#7111=DIRECTION('',(0.0,-1.0,0.0));
#7112=CARTESIAN_POINT('',(0.535,5.945,-17.845));
#7113=DIRECTION('',(-1.0,0.0,0.0));
#7114=DIRECTION('',(0.0,1.0,0.0));
#7115=DIRECTION('',(0.0,0.0,-1.0));
#7116=DIRECTION('',(0.0,0.0,1.0));
#7117=CARTESIAN_POINT('',(0.535,5.945,-17.845));
#7118=DIRECTION('',(1.0,0.0,0.0));
#7119=DIRECTION('',(0.0,0.0,-1.0));
#7120=DIRECTION('',(0.0,1.0,0.0));
#7121=DIRECTION('',(0.0,0.0,-1.0));
#7122=DIRECTION('',(0.4233620223139,0.4233620223139,-0.800955177350499));
#7123=DIRECTION('',(0.0,-1.0,0.0));
#7124=DIRECTION('',(0.4233620223139,-0.4233620223139,-0.800955177350499));
#7125=DIRECTION('',(1.0,0.0,0.0));
#7126=DIRECTION('',(-0.4233620223139,-0.4233620223139,-0.800955177350499));
#7127=DIRECTION('',(1.0,0.0,0.0));
#7128=DIRECTION('',(0.0,0.0,1.0));
#7129=DIRECTION('',(-1.0,0.0,0.0));
#7130=DIRECTION('',(0.0,0.0,1.0));
#7131=DIRECTION('',(-1.0,0.0,0.0));
#7132=CARTESIAN_POINT('',(-0.535,5.945,-17.845));
#7133=DIRECTION('',(1.0,0.0,0.0));
#7134=DIRECTION('',(0.0,0.0,-1.0));
#7135=DIRECTION('',(-1.0,0.0,0.0));
#7136=DIRECTION('',(0.0,1.0,0.0));
#7137=DIRECTION('',(1.0,0.0,0.0));
#7138=DIRECTION('',(0.4233620223139,-0.800955177350499,-0.4233620223139));
#7139=DIRECTION('',(1.0,0.0,0.0));
#7140=DIRECTION('',(0.4233620223139,0.800955177350499,0.4233620223139));
#7141=DIRECTION('',(0.0,0.0,-1.0));
#7142=DIRECTION('',(0.4233620223139,0.800955177350499,-0.4233620223139));
#7143=DIRECTION('',(1.0,0.0,0.0));
#7144=DIRECTION('',(-0.4233620223139,0.800955177350499,-0.4233620223139));
#7145=DIRECTION('',(1.0,0.0,0.0));
#7146=DIRECTION('',(0.0,-1.0,0.0));
#7147=DIRECTION('',(-1.0,0.0,0.0));
#7148=CARTESIAN_POINT('',(-0.535,5.945,-17.845));
#7149=DIRECTION('',(-1.0,0.0,0.0));
#7150=DIRECTION('',(0.0,1.0,0.0));
#7151=DIRECTION('',(-1.0,0.0,0.0));
#7152=DIRECTION('',(0.0,0.0,-1.0));
#7153=DIRECTION('',(-1.0,0.0,0.0));
#7154=DIRECTION('',(0.0,0.0,-1.0));
#7155=DIRECTION('',(1.0,0.0,0.0));
#7156=DIRECTION('',(0.0,1.0,0.0));
#7157=DIRECTION('',(0.0,1.0,0.0));
#7158=DIRECTION('',(0.0,0.0,1.0));
#7159=DIRECTION('',(-0.4233620223139,0.4233620223139,-0.800955177350499));
#7160=DIRECTION('',(0.0,1.0,0.0));
#7161=DIRECTION('',(1.0,0.0,0.0));
#7162=DIRECTION('',(1.0,0.0,0.0));
#7163=DIRECTION('',(0.0,1.0,0.0));
#7164=DIRECTION('',(-1.0,0.0,0.0));
#7165=DIRECTION('',(0.0,-1.0,0.0));
#7166=DIRECTION('',(1.0,0.0,0.0));
#7167=DIRECTION('',(-0.707106781186548,-0.707106781186548,0.0));
#7168=DIRECTION('',(0.0,1.0,0.0));
#7169=DIRECTION('',(-1.0,0.0,0.0));
#7170=DIRECTION('',(0.0,-1.0,0.0));
#7171=DIRECTION('',(-0.707106781186548,0.707106781186548,0.0));
#7172=DIRECTION('',(-1.0,0.0,0.0));
#7173=DIRECTION('',(0.0,1.0,0.0));
#7174=DIRECTION('',(-1.0,0.0,0.0));
#7175=DIRECTION('',(0.0,1.0,0.0));
#7176=DIRECTION('',(0.0,0.0,-1.0));
#7177=DIRECTION('',(0.0,0.0,-1.0));
#7178=DIRECTION('',(0.0,0.0,-1.0));
#7179=DIRECTION('',(0.0,0.0,-1.0));
#7180=DIRECTION('',(0.0,0.0,1.0));
#7181=DIRECTION('',(0.0,0.0,-1.0));
#7182=DIRECTION('',(0.0,-1.0,0.0));
#7183=DIRECTION('',(0.0,-1.0,0.0));
#7184=CARTESIAN_POINT('',(0.535,1.745,-12.345));
#7185=DIRECTION('',(-1.0,0.0,0.0));
#7186=DIRECTION('',(0.0,0.976014985392781,-0.217703349282296));
#7187=CARTESIAN_POINT('',(0.535,1.745,-12.345));
#7188=DIRECTION('',(1.0,0.0,0.0));
#7189=DIRECTION('',(0.0,5.072195387013E-14,-1.0));
#7190=DIRECTION('',(0.0,1.0,0.0));
#7191=DIRECTION('',(0.0,0.0,-1.0));
#7192=DIRECTION('',(0.4233620223139,0.4233620223139,-0.800955177350499));
#7193=DIRECTION('',(0.0,-1.0,0.0));
#7194=DIRECTION('',(0.4233620223139,-0.4233620223139,-0.800955177350499));
#7195=DIRECTION('',(1.0,0.0,0.0));
#7196=DIRECTION('',(-0.4233620223139,-0.4233620223139,-0.800955177350499));
#7197=DIRECTION('',(1.0,0.0,0.0));
#7198=DIRECTION('',(0.0,0.0,1.0));
#7199=DIRECTION('',(0.0,0.0,-1.0));
#7200=DIRECTION('',(0.0,1.0,0.0));
#7201=DIRECTION('',(0.0,1.0,0.0));
#7202=CARTESIAN_POINT('',(-0.535,1.745,-12.345));
#7203=DIRECTION('',(1.0,0.0,0.0));
#7204=DIRECTION('',(0.0,5.072195387013E-14,-1.0));
#7205=CARTESIAN_POINT('',(-0.535,1.745,-12.345));
#7206=DIRECTION('',(-1.0,0.0,0.0));
#7207=DIRECTION('',(0.0,0.976014985392781,-0.217703349282296));
#7208=DIRECTION('',(0.0,-1.0,0.0));
#7209=DIRECTION('',(0.0,0.0,1.0));
#7210=DIRECTION('',(-0.4233620223139,0.4233620223139,-0.800955177350499));
#7211=DIRECTION('',(0.0,1.0,0.0));
#7212=DIRECTION('',(1.0,0.0,0.0));
#7213=DIRECTION('',(1.0,0.0,0.0));
#7214=DIRECTION('',(0.4233620223139,-0.800955177350499,-0.4233620223139));
#7215=DIRECTION('',(-0.4233620223139,0.800955177350499,-0.4233620223139));
#7216=DIRECTION('',(0.0,0.0,1.0));
#7217=DIRECTION('',(1.0,0.0,0.0));
#7218=DIRECTION('',(0.0,0.0,-1.0));
#7219=DIRECTION('',(1.0,0.0,0.0));
#7220=DIRECTION('',(0.4233620223139,0.800955177350499,0.4233620223139));
#7221=DIRECTION('',(1.0,0.0,0.0));
#7222=DIRECTION('',(-1.0,0.0,0.0));
#7223=DIRECTION('',(0.4233620223139,0.800955177350499,-0.4233620223139));
#7224=DIRECTION('',(1.0,0.0,0.0));
#7225=DIRECTION('',(-1.0,0.0,0.0));
#7226=DIRECTION('',(0.0,0.0,1.0));
#7227=DIRECTION('',(0.0,0.0,1.0));
#7228=DIRECTION('',(0.0,0.0,1.0));
#7229=DIRECTION('',(0.0,0.0,1.0));
#7230=DIRECTION('',(0.0,0.0,-1.0));
#7231=DIRECTION('',(0.0,0.0,-1.0));
#7232=DIRECTION('',(0.0,0.0,1.0));
#7233=DIRECTION('',(0.0,0.0,1.0));
#7234=DIRECTION('',(0.0,1.0,0.0));
#7235=DIRECTION('',(0.0,0.0,-1.0));
#7236=DIRECTION('',(0.0,-1.0,0.0));
#7237=DIRECTION('',(0.0,-1.0,0.0));
#7238=CARTESIAN_POINT('',(-3.665,5.945,-17.845));
#7239=DIRECTION('',(-1.0,0.0,0.0));
#7240=DIRECTION('',(0.0,1.0,0.0));
#7241=DIRECTION('',(0.0,0.0,-1.0));
#7242=DIRECTION('',(0.0,0.0,1.0));
#7243=CARTESIAN_POINT('',(-3.665,5.945,-17.845));
#7244=DIRECTION('',(1.0,0.0,0.0));
#7245=DIRECTION('',(0.0,0.0,-1.0));
#7246=DIRECTION('',(0.0,1.0,0.0));
#7247=DIRECTION('',(0.0,0.0,-1.0));
#7248=DIRECTION('',(0.4233620223139,0.4233620223139,-0.800955177350499));
#7249=DIRECTION('',(0.0,-1.0,0.0));
#7250=DIRECTION('',(0.4233620223139,-0.4233620223139,-0.800955177350499));
#7251=DIRECTION('',(1.0,0.0,0.0));
#7252=DIRECTION('',(-0.4233620223139,-0.4233620223139,-0.800955177350499));
#7253=DIRECTION('',(1.0,0.0,0.0));
#7254=DIRECTION('',(0.0,0.0,1.0));
#7255=DIRECTION('',(-1.0,0.0,0.0));
#7256=DIRECTION('',(0.0,0.0,1.0));
#7257=DIRECTION('',(-1.0,0.0,0.0));
#7258=CARTESIAN_POINT('',(-4.735,5.945,-17.845));
#7259=DIRECTION('',(1.0,0.0,0.0));
#7260=DIRECTION('',(0.0,0.0,-1.0));
#7261=DIRECTION('',(-1.0,0.0,0.0));
#7262=DIRECTION('',(0.0,1.0,0.0));
#7263=DIRECTION('',(1.0,0.0,0.0));
#7264=DIRECTION('',(0.4233620223139,-0.800955177350499,-0.4233620223139));
#7265=DIRECTION('',(1.0,0.0,0.0));
#7266=DIRECTION('',(0.4233620223139,0.800955177350499,0.4233620223139));
#7267=DIRECTION('',(0.0,0.0,-1.0));
#7268=DIRECTION('',(0.4233620223139,0.800955177350499,-0.4233620223139));
#7269=DIRECTION('',(1.0,0.0,0.0));
#7270=DIRECTION('',(-0.4233620223139,0.800955177350499,-0.4233620223139));
#7271=DIRECTION('',(1.0,0.0,0.0));
#7272=DIRECTION('',(0.0,-1.0,0.0));
#7273=DIRECTION('',(-1.0,0.0,0.0));
#7274=CARTESIAN_POINT('',(-4.735,5.945,-17.845));
#7275=DIRECTION('',(-1.0,0.0,0.0));
#7276=DIRECTION('',(0.0,1.0,0.0));
#7277=DIRECTION('',(-1.0,0.0,0.0));
#7278=DIRECTION('',(0.0,0.0,-1.0));
#7279=DIRECTION('',(-1.0,0.0,0.0));
#7280=DIRECTION('',(0.0,0.0,-1.0));
#7281=DIRECTION('',(1.0,0.0,0.0));
#7282=DIRECTION('',(0.0,1.0,0.0));
#7283=DIRECTION('',(0.0,1.0,0.0));
#7284=DIRECTION('',(0.0,0.0,1.0));
#7285=DIRECTION('',(-0.4233620223139,0.4233620223139,-0.800955177350499));
#7286=DIRECTION('',(0.0,1.0,0.0));
#7287=DIRECTION('',(1.0,0.0,0.0));
#7288=DIRECTION('',(1.0,0.0,0.0));
#7289=DIRECTION('',(0.0,1.0,0.0));
#7290=DIRECTION('',(-1.0,0.0,0.0));
#7291=DIRECTION('',(0.0,-1.0,0.0));
#7292=DIRECTION('',(0.0,1.0,0.0));
#7293=DIRECTION('',(-1.0,0.0,0.0));
#7294=DIRECTION('',(0.0,-1.0,0.0));
#7295=DIRECTION('',(-0.707106781186548,0.707106781186548,0.0));
#7296=DIRECTION('',(1.0,0.0,0.0));
#7297=DIRECTION('',(-0.707106781186548,-0.707106781186548,0.0));
#7298=DIRECTION('',(-1.0,0.0,0.0));
#7299=DIRECTION('',(0.0,1.0,0.0));
#7300=DIRECTION('',(-1.0,0.0,0.0));
#7301=DIRECTION('',(0.0,1.0,0.0));
#7302=DIRECTION('',(0.0,0.0,-1.0));
#7303=DIRECTION('',(0.0,0.0,-1.0));
#7304=DIRECTION('',(0.0,0.0,-1.0));
#7305=DIRECTION('',(0.0,0.0,-1.0));
#7306=DIRECTION('',(0.0,0.0,1.0));
#7307=DIRECTION('',(0.0,0.0,-1.0));
#7308=DIRECTION('',(0.0,-1.0,0.0));
#7309=DIRECTION('',(0.0,-1.0,0.0));
#7310=CARTESIAN_POINT('',(-3.665,1.745,-12.345));
#7311=DIRECTION('',(-1.0,0.0,0.0));
#7312=DIRECTION('',(0.0,0.976014985392781,-0.217703349282296));
#7313=CARTESIAN_POINT('',(-3.665,1.745,-12.345));
#7314=DIRECTION('',(1.0,0.0,0.0));
#7315=DIRECTION('',(0.0,5.072195387013E-14,-1.0));
#7316=DIRECTION('',(0.0,1.0,0.0));
#7317=DIRECTION('',(0.0,0.0,-1.0));
#7318=DIRECTION('',(0.4233620223139,0.4233620223139,-0.800955177350499));
#7319=DIRECTION('',(0.0,-1.0,0.0));
#7320=DIRECTION('',(0.4233620223139,-0.4233620223139,-0.800955177350499));
#7321=DIRECTION('',(1.0,0.0,0.0));
#7322=DIRECTION('',(-0.4233620223139,-0.4233620223139,-0.800955177350499));
#7323=DIRECTION('',(1.0,0.0,0.0));
#7324=DIRECTION('',(0.0,0.0,1.0));
#7325=DIRECTION('',(0.0,0.0,-1.0));
#7326=DIRECTION('',(0.0,1.0,0.0));
#7327=DIRECTION('',(0.0,1.0,0.0));
#7328=CARTESIAN_POINT('',(-4.735,1.745,-12.345));
#7329=DIRECTION('',(1.0,0.0,0.0));
#7330=DIRECTION('',(0.0,5.072195387013E-14,-1.0));
#7331=CARTESIAN_POINT('',(-4.735,1.745,-12.345));
#7332=DIRECTION('',(-1.0,0.0,0.0));
#7333=DIRECTION('',(0.0,0.976014985392781,-0.217703349282296));
#7334=DIRECTION('',(0.0,-1.0,0.0));
#7335=DIRECTION('',(0.0,0.0,1.0));
#7336=DIRECTION('',(-0.4233620223139,0.4233620223139,-0.800955177350499));
#7337=DIRECTION('',(0.0,1.0,0.0));
#7338=DIRECTION('',(1.0,0.0,0.0));
#7339=DIRECTION('',(1.0,0.0,0.0));
#7340=DIRECTION('',(0.4233620223139,-0.800955177350499,-0.4233620223139));
#7341=DIRECTION('',(-0.4233620223139,0.800955177350499,-0.4233620223139));
#7342=DIRECTION('',(0.0,0.0,1.0));
#7343=DIRECTION('',(1.0,0.0,0.0));
#7344=DIRECTION('',(0.0,0.0,-1.0));
#7345=DIRECTION('',(1.0,0.0,0.0));
#7346=DIRECTION('',(0.4233620223139,0.800955177350499,0.4233620223139));
#7347=DIRECTION('',(1.0,0.0,0.0));
#7348=DIRECTION('',(-1.0,0.0,0.0));
#7349=DIRECTION('',(0.4233620223139,0.800955177350499,-0.4233620223139));
#7350=DIRECTION('',(1.0,0.0,0.0));
#7351=DIRECTION('',(-1.0,0.0,0.0));
#7352=DIRECTION('',(0.0,0.0,1.0));
#7353=DIRECTION('',(0.0,0.0,1.0));
#7354=DIRECTION('',(0.0,0.0,-1.0));
#7355=DIRECTION('',(0.0,0.0,-1.0));
#7356=DIRECTION('',(0.0,0.0,1.0));
#7357=DIRECTION('',(0.0,0.0,1.0));
#7358=DIRECTION('',(0.0,0.0,1.0));
#7359=DIRECTION('',(0.0,0.0,-1.0));
#7360=DIRECTION('',(0.0,0.0,1.0));
#7361=DIRECTION('',(0.0,0.0,1.0));
#7362=DIRECTION('',(0.0,0.0,-1.0));
#7363=DIRECTION('',(0.0,1.0,0.0));
#7364=CARTESIAN_POINT('',(6.9,8.8,-4.8));
#7365=DIRECTION('',(0.0,0.0,-1.0));
#7366=DIRECTION('',(0.0,1.0,0.0));
#7367=DIRECTION('',(0.0,0.0,1.0));
#7368=DIRECTION('',(0.0,-1.0,0.0));
#7369=DIRECTION('',(1.0,0.0,0.0));
#7370=CARTESIAN_POINT('',(5.37,0.0,-7.77));
#7371=DIRECTION('',(0.0,-1.0,0.0));
#7372=DIRECTION('',(0.0,0.0,1.0));
#7373=DIRECTION('',(0.0,0.0,1.0));
#7374=DIRECTION('',(0.0,0.0,-1.0));
#7375=DIRECTION('',(1.0,0.0,0.0));
#7376=DIRECTION('',(0.0,0.0,1.0));
#7377=CARTESIAN_POINT('',(5.37,0.0,-5.43));
#7378=DIRECTION('',(0.0,-1.0,-0.0));
#7379=DIRECTION('',(-0.658823529411792,0.0,-0.75229751899989));
#7380=DIRECTION('',(-1.0,0.0,0.0));
#7381=CARTESIAN_POINT('',(4.2,0.0,-6.6));
#7382=DIRECTION('',(0.0,-1.0,0.0));
#7383=DIRECTION('',(0.976182905613051,0.0,-0.216949152542389));
#7384=DIRECTION('',(1.0,0.0,0.0));
#7385=DIRECTION('',(-1.0,0.0,0.0));
#7386=CARTESIAN_POINT('',(-4.2,0.0,-6.6));
#7387=DIRECTION('',(0.0,1.0,0.0));
#7388=DIRECTION('',(-0.976182905613051,0.0,-0.216949152542389));
#7389=DIRECTION('',(1.0,0.0,0.0));
#7390=DIRECTION('',(0.0,-1.0,0.0));
#7391=DIRECTION('',(-1.14493070137399E-07,-0.999999999999993,2.54452061110598E-08));
#7392=CARTESIAN_POINT('',(4.2,-2.87,-6.6));
#7393=DIRECTION('',(0.0,-1.0,0.0));
#7394=DIRECTION('',(0.954606182133079,0.0,-0.297870839514893));
#7395=CARTESIAN_POINT('',(4.2,-2.069998098415,-6.6));
#7396=DIRECTION('',(0.0,-1.0,0.0));
#7397=DIRECTION('',(0.976182905613051,0.0,-0.216949152542389));
#7398=DIRECTION('',(0.0,-1.0,0.0));
#7399=CARTESIAN_POINT('',(5.37,-2.87,-5.43));
#7400=DIRECTION('',(0.0,1.0,0.0));
#7401=DIRECTION('',(-0.138903548488995,0.0,-0.990305914461368));
#7402=DIRECTION('',(0.0,-1.0,0.0));
#7403=DIRECTION('',(0.0,-1.0,0.0));
#7404=CARTESIAN_POINT('',(4.2,-2.87,-6.6));
#7405=DIRECTION('',(0.0,-1.0,0.0));
#7406=DIRECTION('',(0.297870839514802,0.0,0.954606182133107));
#7407=CARTESIAN_POINT('',(4.2,-2.069998098415,-6.6));
#7408=DIRECTION('',(0.0,-1.0,0.0));
#7409=DIRECTION('',(0.216949152542389,0.0,0.976182905613051));
#7410=DIRECTION('',(2.13245242312199E-08,-0.999999999999995,-9.59516821302595E-08));
#7411=DIRECTION('',(0.0,-1.0,0.0));
#7412=DIRECTION('',(0.0,-1.0,0.0));
#7413=CARTESIAN_POINT('',(3.03,-2.87,-5.43));
#7414=DIRECTION('',(0.0,1.0,0.0));
#7415=DIRECTION('',(0.990305914461368,0.0,-0.138903548488995));
#7416=CARTESIAN_POINT('',(4.2,-2.87,-6.6));
#7417=DIRECTION('',(0.0,-1.0,0.0));
#7418=DIRECTION('',(-0.954606182133079,0.0,0.297870839514893));
#7419=CARTESIAN_POINT('',(3.03,-2.87,-7.77));
#7420=DIRECTION('',(-0.0,1.0,0.0));
#7421=DIRECTION('',(0.138903548488995,0.0,0.990305914461368));
#7422=CARTESIAN_POINT('',(4.2,-2.87,-6.6));
#7423=DIRECTION('',(0.0,-1.0,-0.0));
#7424=DIRECTION('',(-0.297870839514893,0.0,-0.954606182133079));
#7425=CARTESIAN_POINT('',(5.37,-2.87,-7.77));
#7426=DIRECTION('',(0.0,1.0,0.0));
#7427=DIRECTION('',(-0.990305914461368,0.0,0.138903548488995));
#7428=DIRECTION('',(0.0,-1.0,0.0));
#7429=DIRECTION('',(0.0,-1.0,0.0));
#7430=CARTESIAN_POINT('',(4.2,-2.069998098415,-6.6));
#7431=DIRECTION('',(0.0,-1.0,-0.0));
#7432=DIRECTION('',(-0.216949152542389,0.0,-0.976182905613051));
#7433=DIRECTION('',(-2.13245244110099E-08,-0.999999999999995,9.59516817706695E-08));
#7434=DIRECTION('',(2.13245242312199E-08,-0.999999999999995,9.59516810514995E-08));
#7435=DIRECTION('',(0.0,-1.0,0.0));
#7436=DIRECTION('',(0.0,-1.0,0.0));
#7437=CARTESIAN_POINT('',(4.2,-2.069998098415,-6.6));
#7438=DIRECTION('',(0.0,-1.0,0.0));
#7439=DIRECTION('',(-0.976182905613051,0.0,0.216949152542389));
#7440=DIRECTION('',(9.59516817706695E-08,-0.999999999999995,2.13245247705999E-08));
#7441=DIRECTION('',(0.0,-1.0,0.0));
#7442=DIRECTION('',(0.0,-1.0,0.0));
#7443=DIRECTION('',(-2.13245244110099E-08,-0.999999999999995,-9.59516817706695E-08));
#7444=CARTESIAN_POINT('',(-4.2,-2.069998098415,-6.6));
#7445=DIRECTION('',(0.0,-1.0,0.0));
#7446=DIRECTION('',(-0.976182905613051,0.0,0.216949152542389));
#7447=DIRECTION('',(1.14493070137399E-07,-0.999999999999993,2.54452061110598E-08));
#7448=DIRECTION('',(0.0,0.996194698091745,-0.0871557427476639));
#7449=DIRECTION('',(0.0,0.0,1.0));
#7450=DIRECTION('',(1.0,0.0,0.0));
ENDSEC;
END-ISO-10303-21;
