# Blender 4.3.1
# www.blender.org
o teapot
v 0.000000 2.400000 -1.400000
v 0.229712 2.400000 -1.381970
v 0.227403 2.435440 -1.368070
v 0.000000 2.435440 -1.385930
v 0.446656 2.400000 -1.329660
v 0.442166 2.435440 -1.316300
v 0.648144 2.400000 -1.245780
v 0.641628 2.435440 -1.233250
v 0.831488 2.400000 -1.132990
v 0.823129 2.435440 -1.121600
v 0.994000 2.400000 -0.994000
v 0.984007 2.435440 -0.984007
v 1.132990 2.400000 -0.831488
v 1.121600 2.435440 -0.823129
v 1.245780 2.400000 -0.648144
v 1.233250 2.435440 -0.641628
v 1.329660 2.400000 -0.446656
v 1.316300 2.435440 -0.442166
v 1.381970 2.400000 -0.229712
v 1.368070 2.435440 -0.227403
v 1.400000 2.400000 -0.000000
v 1.385930 2.435440 -0.000000
v 1.381970 2.400000 0.229712
v 1.368070 2.435440 0.227403
v 1.329660 2.400000 0.446656
v 1.316300 2.435440 0.442166
v 1.245780 2.400000 0.648144
v 1.233250 2.435440 0.641628
v 1.132990 2.400000 0.831488
v 1.121600 2.435440 0.823129
v 0.994000 2.400000 0.994000
v 0.984007 2.435440 0.984007
v 0.831488 2.400000 1.132990
v 0.823129 2.435440 1.121600
v 0.648144 2.400000 1.245780
v 0.641628 2.435440 1.233250
v 0.446656 2.400000 1.329660
v 0.442166 2.435440 1.316300
v 0.229712 2.400000 1.381970
v 0.227403 2.435440 1.368070
v 0.000000 2.400000 1.400000
v 0.000000 2.435440 1.385930
v -0.229712 2.400000 1.381970
v -0.227403 2.435440 1.368070
v -0.446656 2.400000 1.329660
v -0.442166 2.435440 1.316300
v -0.648144 2.400000 1.245780
v -0.641628 2.435440 1.233250
v -0.831488 2.400000 1.132990
v -0.823129 2.435440 1.121600
v -0.994000 2.400000 0.994000
v -0.984007 2.435440 0.984007
v -1.132990 2.400000 0.831488
v -1.121600 2.435440 0.823129
v -1.245780 2.400000 0.648144
v -1.233250 2.435440 0.641628
v -1.329660 2.400000 0.446656
v -1.316300 2.435440 0.442166
v -1.381970 2.400000 0.229712
v -1.368070 2.435440 0.227403
v -1.400000 2.400000 -0.000000
v -1.385930 2.435440 -0.000000
v -1.381970 2.400000 -0.229712
v -1.368070 2.435440 -0.227403
v -1.329660 2.400000 -0.446656
v -1.316300 2.435440 -0.442166
v -1.245780 2.400000 -0.648144
v -1.233250 2.435440 -0.641628
v -1.132990 2.400000 -0.831488
v -1.121600 2.435440 -0.823129
v -0.994000 2.400000 -0.994000
v -0.984007 2.435440 -0.984007
v -0.831488 2.400000 -1.132990
v -0.823129 2.435440 -1.121600
v -0.648144 2.400000 -1.245780
v -0.641628 2.435440 -1.233250
v -0.446656 2.400000 -1.329660
v -0.442166 2.435440 -1.316300
v -0.229712 2.400000 -1.381970
v -0.227403 2.435440 -1.368070
v 0.000000 2.463000 -1.380400
v -0.226496 2.463000 -1.362620
v 0.226496 2.463000 -1.362620
v 0.440403 2.463000 -1.311050
v 0.639070 2.463000 -1.228340
v 0.819847 2.463000 -1.117130
v 0.980084 2.463000 -0.980084
v 1.117130 2.463000 -0.819847
v 1.228340 2.463000 -0.639070
v 1.311050 2.463000 -0.440403
v 1.362620 2.463000 -0.226496
v 1.380400 2.463000 -0.000000
v 1.362620 2.463000 0.226496
v 1.311050 2.463000 0.440403
v 1.228340 2.463000 0.639070
v 1.117130 2.463000 0.819847
v 0.980084 2.463000 0.980084
v 0.819847 2.463000 1.117130
v 0.639070 2.463000 1.228340
v 0.440403 2.463000 1.311050
v 0.226496 2.463000 1.362620
v 0.000000 2.463000 1.380400
v -0.226496 2.463000 1.362620
v -0.440403 2.463000 1.311050
v -0.639070 2.463000 1.228340
v -0.819847 2.463000 1.117130
v -0.980084 2.463000 0.980084
v -1.117130 2.463000 0.819847
v -1.228340 2.463000 0.639070
v -1.311050 2.463000 0.440403
v -1.362620 2.463000 0.226496
v -1.380400 2.463000 -0.000000
v -1.362620 2.463000 -0.226496
v -1.311050 2.463000 -0.440403
v -1.228340 2.463000 -0.639070
v -1.117130 2.463000 -0.819847
v -0.980084 2.463000 -0.980084
v -0.819847 2.463000 -1.117130
v -0.639070 2.463000 -1.228340
v -0.440403 2.463000 -1.311050
v -0.226795 2.482690 -1.364420
v -0.440985 2.482690 -1.312780
v 0.000000 2.482690 -1.382220
v 0.226795 2.482690 -1.364420
v 0.440985 2.482690 -1.312780
v 0.639915 2.482690 -1.229960
v 0.820931 2.482690 -1.118610
v 0.981380 2.482690 -0.981380
v 1.118610 2.482690 -0.820931
v 1.229960 2.482690 -0.639915
v 1.312780 2.482690 -0.440985
v 1.364420 2.482690 -0.226795
v 1.382220 2.482690 -0.000000
v 1.364420 2.482690 0.226795
v 1.312780 2.482690 0.440985
v 1.229960 2.482690 0.639915
v 1.118610 2.482690 0.820931
v 0.981380 2.482690 0.981380
v 0.820931 2.482690 1.118610
v 0.639915 2.482690 1.229960
v 0.440985 2.482690 1.312780
v 0.226795 2.482690 1.364420
v 0.000000 2.482690 1.382220
v -0.226795 2.482690 1.364420
v -0.440985 2.482690 1.312780
v -0.639915 2.482690 1.229960
v -0.820931 2.482690 1.118610
v -0.981380 2.482690 0.981380
v -1.118610 2.482690 0.820931
v -1.229960 2.482690 0.639915
v -1.312780 2.482690 0.440985
v -1.364420 2.482690 0.226795
v -1.382220 2.482690 -0.000000
v -1.364420 2.482690 -0.226795
v -1.312780 2.482690 -0.440985
v -1.229960 2.482690 -0.639915
v -1.118610 2.482690 -0.820931
v -0.981380 2.482690 -0.981380
v -0.820931 2.482690 -1.118610
v -0.639915 2.482690 -1.229960
v -0.443529 2.494500 -1.320360
v -0.643607 2.494500 -1.237060
v -0.228104 2.494500 -1.372290
v 0.000000 2.494500 -1.390200
v 0.228104 2.494500 -1.372290
v 0.443529 2.494500 -1.320360
v 0.643607 2.494500 -1.237060
v 0.825668 2.494500 -1.125060
v 0.987042 2.494500 -0.987042
v 1.125060 2.494500 -0.825668
v 1.237060 2.494500 -0.643607
v 1.320360 2.494500 -0.443529
v 1.372290 2.494500 -0.228104
v 1.390200 2.494500 -0.000000
v 1.372290 2.494500 0.228104
v 1.320360 2.494500 0.443529
v 1.237060 2.494500 0.643607
v 1.125060 2.494500 0.825668
v 0.987042 2.494500 0.987042
v 0.825668 2.494500 1.125060
v 0.643607 2.494500 1.237060
v 0.443529 2.494500 1.320360
v 0.228104 2.494500 1.372290
v 0.000000 2.494500 1.390200
v -0.228104 2.494500 1.372290
v -0.443529 2.494500 1.320360
v -0.643607 2.494500 1.237060
v -0.825668 2.494500 1.125060
v -0.987042 2.494500 0.987042
v -1.125060 2.494500 0.825668
v -1.237060 2.494500 0.643607
v -1.320360 2.494500 0.443529
v -1.372290 2.494500 0.228104
v -1.390200 2.494500 -0.000000
v -1.372290 2.494500 -0.228104
v -1.320360 2.494500 -0.443529
v -1.237060 2.494500 -0.643607
v -1.125060 2.494500 -0.825668
v -0.987042 2.494500 -0.987042
v -0.825668 2.494500 -1.125060
v -0.649591 2.498440 -1.248560
v -0.833344 2.498440 -1.135520
v -0.447653 2.498440 -1.332630
v -0.230225 2.498440 -1.385050
v 0.000000 2.498440 -1.403120
v 0.230225 2.498440 -1.385050
v 0.447653 2.498440 -1.332630
v 0.649591 2.498440 -1.248560
v 0.833344 2.498440 -1.135520
v 0.996219 2.498440 -0.996219
v 1.135520 2.498440 -0.833344
v 1.248560 2.498440 -0.649591
v 1.332630 2.498440 -0.447653
v 1.385050 2.498440 -0.230225
v 1.403120 2.498440 -0.000000
v 1.385050 2.498440 0.230225
v 1.332630 2.498440 0.447653
v 1.248560 2.498440 0.649591
v 1.135520 2.498440 0.833344
v 0.996219 2.498440 0.996219
v 0.833344 2.498440 1.135520
v 0.649591 2.498440 1.248560
v 0.447653 2.498440 1.332630
v 0.230225 2.498440 1.385050
v 0.000000 2.498440 1.403120
v -0.230225 2.498440 1.385050
v -0.447653 2.498440 1.332630
v -0.649591 2.498440 1.248560
v -0.833344 2.498440 1.135520
v -0.996219 2.498440 0.996219
v -1.135520 2.498440 0.833344
v -1.248560 2.498440 0.649591
v -1.332630 2.498440 0.447653
v -1.385050 2.498440 0.230225
v -1.403120 2.498440 -0.000000
v -1.385050 2.498440 -0.230225
v -1.332630 2.498440 -0.447653
v -1.248560 2.498440 -0.649591
v -1.135520 2.498440 -0.833344
v -0.996219 2.498440 -0.996219
v -0.843248 2.494500 -1.149020
v -1.008060 2.494500 -1.008060
v -0.657311 2.494500 -1.263390
v -0.452973 2.494500 -1.348470
v -0.232961 2.494500 -1.401510
v 0.000000 2.494500 -1.419800
v 0.232961 2.494500 -1.401510
v 0.452973 2.494500 -1.348470
v 0.657311 2.494500 -1.263390
v 0.843248 2.494500 -1.149020
v 1.008060 2.494500 -1.008060
v 1.149020 2.494500 -0.843248
v 1.263390 2.494500 -0.657311
v 1.348470 2.494500 -0.452973
v 1.401510 2.494500 -0.232961
v 1.419800 2.494500 -0.000000
v 1.401510 2.494500 0.232961
v 1.348470 2.494500 0.452973
v 1.263390 2.494500 0.657311
v 1.149020 2.494500 0.843248
v 1.008060 2.494500 1.008060
v 0.843248 2.494500 1.149020
v 0.657311 2.494500 1.263390
v 0.452973 2.494500 1.348470
v 0.232961 2.494500 1.401510
v 0.000000 2.494500 1.419800
v -0.232961 2.494500 1.401510
v -0.452973 2.494500 1.348470
v -0.657311 2.494500 1.263390
v -0.843248 2.494500 1.149020
v -1.008060 2.494500 1.008060
v -1.149020 2.494500 0.843248
v -1.263390 2.494500 0.657311
v -1.348470 2.494500 0.452973
v -1.401510 2.494500 0.232961
v -1.419800 2.494500 -0.000000
v -1.401510 2.494500 -0.232961
v -1.348470 2.494500 -0.452973
v -1.263390 2.494500 -0.657311
v -1.149020 2.494500 -0.843248
v -1.021710 2.482690 -1.021710
v -1.164570 2.482690 -0.854666
v -0.854666 2.482690 -1.164570
v -0.666211 2.482690 -1.280500
v -0.459107 2.482690 -1.366730
v -0.236115 2.482690 -1.420490
v 0.000000 2.482690 -1.439020
v 0.236115 2.482690 -1.420490
v 0.459107 2.482690 -1.366730
v 0.666211 2.482690 -1.280500
v 0.854666 2.482690 -1.164570
v 1.021710 2.482690 -1.021710
v 1.164570 2.482690 -0.854666
v 1.280500 2.482690 -0.666211
v 1.366730 2.482690 -0.459107
v 1.420490 2.482690 -0.236115
v 1.439020 2.482690 -0.000000
v 1.420490 2.482690 0.236115
v 1.366730 2.482690 0.459107
v 1.280500 2.482690 0.666211
v 1.164570 2.482690 0.854666
v 1.021710 2.482690 1.021710
v 0.854666 2.482690 1.164570
v 0.666211 2.482690 1.280500
v 0.459107 2.482690 1.366730
v 0.236115 2.482690 1.420490
v 0.000000 2.482690 1.439020
v -0.236115 2.482690 1.420490
v -0.459107 2.482690 1.366730
v -0.666211 2.482690 1.280500
v -0.854666 2.482690 1.164570
v -1.021710 2.482690 1.021710
v -1.164570 2.482690 0.854666
v -1.280500 2.482690 0.666211
v -1.366730 2.482690 0.459107
v -1.420490 2.482690 0.236115
v -1.439020 2.482690 -0.000000
v -1.420490 2.482690 -0.236115
v -1.366730 2.482690 -0.459107
v -1.280500 2.482690 -0.666211
v -1.181230 2.463000 -0.866886
v -1.298810 2.463000 -0.675736
v -1.036320 2.463000 -1.036320
v -0.866886 2.463000 -1.181230
v -0.675736 2.463000 -1.298810
v -0.465671 2.463000 -1.386270
v -0.239491 2.463000 -1.440800
v 0.000000 2.463000 -1.459600
v 0.239491 2.463000 -1.440800
v 0.465671 2.463000 -1.386270
v 0.675736 2.463000 -1.298810
v 0.866886 2.463000 -1.181230
v 1.036320 2.463000 -1.036320
v 1.181230 2.463000 -0.866886
v 1.298810 2.463000 -0.675736
v 1.386270 2.463000 -0.465671
v 1.440800 2.463000 -0.239491
v 1.459600 2.463000 -0.000000
v 1.440800 2.463000 0.239491
v 1.386270 2.463000 0.465671
v 1.298810 2.463000 0.675736
v 1.181230 2.463000 0.866886
v 1.036320 2.463000 1.036320
v 0.866886 2.463000 1.181230
v 0.675736 2.463000 1.298810
v 0.465671 2.463000 1.386270
v 0.239491 2.463000 1.440800
v 0.000000 2.463000 1.459600
v -0.239491 2.463000 1.440800
v -0.465671 2.463000 1.386270
v -0.675736 2.463000 1.298810
v -0.866886 2.463000 1.181230
v -1.036320 2.463000 1.036320
v -1.181230 2.463000 0.866886
v -1.298810 2.463000 0.675736
v -1.386270 2.463000 0.465671
v -1.440800 2.463000 0.239491
v -1.459600 2.463000 -0.000000
v -1.440800 2.463000 -0.239491
v -1.386270 2.463000 -0.465671
v -1.317250 2.435440 -0.685331
v -1.405950 2.435440 -0.472283
v -1.198000 2.435440 -0.879195
v -1.051030 2.435440 -1.051030
v -0.879195 2.435440 -1.198000
v -0.685331 2.435440 -1.317250
v -0.472283 2.435440 -1.405950
v -0.242892 2.435440 -1.461260
v 0.000000 2.435440 -1.480330
v 0.242892 2.435440 -1.461260
v 0.472283 2.435440 -1.405950
v 0.685331 2.435440 -1.317250
v 0.879195 2.435440 -1.198000
v 1.051030 2.435440 -1.051030
v 1.198000 2.435440 -0.879195
v 1.317250 2.435440 -0.685331
v 1.405950 2.435440 -0.472283
v 1.461260 2.435440 -0.242892
v 1.480330 2.435440 -0.000000
v 1.461260 2.435440 0.242892
v 1.405950 2.435440 0.472283
v 1.317250 2.435440 0.685331
v 1.198000 2.435440 0.879195
v 1.051030 2.435440 1.051030
v 0.879195 2.435440 1.198000
v 0.685331 2.435440 1.317250
v 0.472283 2.435440 1.405950
v 0.242892 2.435440 1.461260
v 0.000000 2.435440 1.480330
v -0.242892 2.435440 1.461260
v -0.472283 2.435440 1.405950
v -0.685331 2.435440 1.317250
v -0.879195 2.435440 1.198000
v -1.051030 2.435440 1.051030
v -1.198000 2.435440 0.879195
v -1.317250 2.435440 0.685331
v -1.405950 2.435440 0.472283
v -1.461260 2.435440 0.242892
v -1.480330 2.435440 -0.000000
v -1.461260 2.435440 -0.242892
v -1.424640 2.400000 -0.478560
v -1.480680 2.400000 -0.246120
v -1.334760 2.400000 -0.694440
v -1.213920 2.400000 -0.890880
v -1.065000 2.400000 -1.065000
v -0.890880 2.400000 -1.213920
v -0.694440 2.400000 -1.334760
v -0.478560 2.400000 -1.424640
v -0.246120 2.400000 -1.480680
v 0.000000 2.400000 -1.500000
v 0.246120 2.400000 -1.480680
v 0.478560 2.400000 -1.424640
v 0.694440 2.400000 -1.334760
v 0.890880 2.400000 -1.213920
v 1.065000 2.400000 -1.065000
v 1.213920 2.400000 -0.890880
v 1.334760 2.400000 -0.694440
v 1.424640 2.400000 -0.478560
v 1.480680 2.400000 -0.246120
v 1.500000 2.400000 -0.000000
v 1.480680 2.400000 0.246120
v 1.424640 2.400000 0.478560
v 1.334760 2.400000 0.694440
v 1.213920 2.400000 0.890880
v 1.065000 2.400000 1.065000
v 0.890880 2.400000 1.213920
v 0.694440 2.400000 1.334760
v 0.478560 2.400000 1.424640
v 0.246120 2.400000 1.480680
v 0.000000 2.400000 1.500000
v -0.246120 2.400000 1.480680
v -0.478560 2.400000 1.424640
v -0.694440 2.400000 1.334760
v -0.890880 2.400000 1.213920
v -1.065000 2.400000 1.065000
v -1.213920 2.400000 0.890880
v -1.334760 2.400000 0.694440
v -1.424640 2.400000 0.478560
v -1.480680 2.400000 0.246120
v -1.500000 2.400000 -0.000000
v -1.554470 2.242580 -0.258385
v -1.574750 2.242580 -0.000000
v -1.495630 2.242580 -0.502408
v -1.401280 2.242570 -0.729046
v -1.274410 2.242580 -0.935276
v -1.118070 2.242580 -1.118070
v -0.935276 2.242580 -1.274410
v -0.729046 2.242580 -1.401280
v -0.502408 2.242580 -1.495630
v -0.258385 2.242580 -1.554470
v 0.000000 2.242580 -1.574750
v 0.258385 2.242580 -1.554470
v 0.502408 2.242580 -1.495630
v 0.729046 2.242570 -1.401280
v 0.935276 2.242580 -1.274410
v 1.118070 2.242580 -1.118070
v 1.274410 2.242580 -0.935276
v 1.401280 2.242580 -0.729046
v 1.495630 2.242580 -0.502408
v 1.554470 2.242580 -0.258385
v 1.574750 2.242580 -0.000000
v 1.554470 2.242580 0.258385
v 1.495630 2.242580 0.502408
v 1.401280 2.242570 0.729046
v 1.274410 2.242580 0.935276
v 1.118070 2.242580 1.118070
v 0.935276 2.242580 1.274410
v 0.729046 2.242580 1.401280
v 0.502408 2.242580 1.495630
v 0.258385 2.242580 1.554470
v 0.000000 2.242580 1.574750
v -0.258385 2.242580 1.554470
v -0.502408 2.242580 1.495630
v -0.729046 2.242570 1.401280
v -0.935276 2.242580 1.274410
v -1.118070 2.242580 1.118070
v -1.274410 2.242580 0.935276
v -1.401280 2.242580 0.729046
v -1.495630 2.242580 0.502408
v -1.554470 2.242580 0.258385
v -1.648000 2.085600 -0.000000
v -1.626770 2.085600 0.270404
v -1.626770 2.085600 -0.270404
v -1.565200 2.085600 -0.525778
v -1.466460 2.085600 -0.762958
v -1.333690 2.085600 -0.978780
v -1.170080 2.085600 -1.170080
v -0.978780 2.085600 -1.333690
v -0.762958 2.085600 -1.466460
v -0.525778 2.085600 -1.565200
v -0.270404 2.085600 -1.626770
v 0.000000 2.085600 -1.648000
v 0.270404 2.085600 -1.626770
v 0.525778 2.085600 -1.565200
v 0.762958 2.085600 -1.466460
v 0.978780 2.085600 -1.333690
v 1.170080 2.085600 -1.170080
v 1.333690 2.085600 -0.978780
v 1.466460 2.085600 -0.762958
v 1.565200 2.085600 -0.525778
v 1.626770 2.085600 -0.270404
v 1.648000 2.085600 -0.000000
v 1.626770 2.085600 0.270404
v 1.565200 2.085600 0.525778
v 1.466460 2.085600 0.762958
v 1.333690 2.085600 0.978780
v 1.170080 2.085600 1.170080
v 0.978780 2.085600 1.333690
v 0.762958 2.085600 1.466460
v 0.525778 2.085600 1.565200
v 0.270404 2.085600 1.626770
v 0.000000 2.085600 1.648000
v -0.270404 2.085600 1.626770
v -0.525778 2.085600 1.565200
v -0.762958 2.085600 1.466460
v -0.978780 2.085600 1.333690
v -1.170080 2.085600 1.170080
v -1.333690 2.085600 0.978780
v -1.466460 2.085600 0.762958
v -1.565200 2.085600 0.525778
v -1.696120 1.929520 0.281930
v -1.631930 1.929520 0.548190
v -1.718250 1.929520 -0.000000
v -1.696120 1.929520 -0.281930
v -1.631930 1.929530 -0.548190
v -1.528970 1.929520 -0.795481
v -1.390550 1.929530 -1.020500
v -1.219960 1.929520 -1.219960
v -1.020500 1.929520 -1.390550
v -0.795481 1.929520 -1.528970
v -0.548190 1.929520 -1.631930
v -0.281930 1.929520 -1.696120
v 0.000000 1.929520 -1.718250
v 0.281930 1.929520 -1.696120
v 0.548190 1.929530 -1.631930
v 0.795481 1.929520 -1.528970
v 1.020500 1.929530 -1.390550
v 1.219960 1.929520 -1.219960
v 1.390550 1.929520 -1.020500
v 1.528970 1.929520 -0.795481
v 1.631930 1.929520 -0.548190
v 1.696120 1.929520 -0.281930
v 1.718250 1.929520 -0.000000
v 1.696120 1.929520 0.281930
v 1.631930 1.929530 0.548190
v 1.528970 1.929520 0.795481
v 1.390550 1.929530 1.020500
v 1.219960 1.929520 1.219960
v 1.020500 1.929520 1.390550
v 0.795481 1.929520 1.528970
v 0.548190 1.929520 1.631930
v 0.281930 1.929520 1.696120
v 0.000000 1.929520 1.718250
v -0.281930 1.929520 1.696120
v -0.548190 1.929530 1.631930
v -0.795481 1.929520 1.528970
v -1.020500 1.929530 1.390550
v -1.219960 1.929520 1.219960
v -1.390550 1.929520 1.020500
v -1.528970 1.929520 0.795481
v -1.694370 1.774800 0.569167
v -1.587470 1.774800 0.825921
v -1.761020 1.774800 0.292719
v -1.784000 1.774800 -0.000000
v -1.761020 1.774800 -0.292719
v -1.694370 1.774800 -0.569167
v -1.587470 1.774800 -0.825921
v -1.443760 1.774800 -1.059550
v -1.266640 1.774800 -1.266640
v -1.059550 1.774800 -1.443760
v -0.825921 1.774800 -1.587470
v -0.569167 1.774800 -1.694370
v -0.292719 1.774800 -1.761020
v 0.000000 1.774800 -1.784000
v 0.292719 1.774800 -1.761020
v 0.569167 1.774800 -1.694370
v 0.825921 1.774800 -1.587470
v 1.059550 1.774800 -1.443760
v 1.266640 1.774800 -1.266640
v 1.443760 1.774800 -1.059550
v 1.587470 1.774800 -0.825921
v 1.694370 1.774800 -0.569167
v 1.761020 1.774800 -0.292719
v 1.784000 1.774800 -0.000000
v 1.761020 1.774800 0.292719
v 1.694370 1.774800 0.569167
v 1.587470 1.774800 0.825921
v 1.443760 1.774800 1.059550
v 1.266640 1.774800 1.266640
v 1.059550 1.774800 1.443760
v 0.825921 1.774800 1.587470
v 0.569167 1.774800 1.694370
v 0.292719 1.774800 1.761020
v 0.000000 1.774800 1.784000
v -0.292719 1.774800 1.761020
v -0.569167 1.774800 1.694370
v -0.825921 1.774800 1.587470
v -1.059550 1.774800 1.443760
v -1.266640 1.774800 1.266640
v -1.443760 1.774800 1.059550
v -1.640640 1.621870 0.853583
v -1.492110 1.621870 1.095040
v -1.751120 1.621880 0.588230
v -1.820000 1.621880 0.302523
v -1.843750 1.621880 -0.000000
v -1.820000 1.621870 -0.302522
v -1.751120 1.621880 -0.588230
v -1.640640 1.621870 -0.853582
v -1.492110 1.621870 -1.095040
v -1.309060 1.621880 -1.309060
v -1.095040 1.621870 -1.492110
v -0.853583 1.621870 -1.640640
v -0.588230 1.621880 -1.751120
v -0.302523 1.621880 -1.820000
v 0.000000 1.621880 -1.843750
v 0.302523 1.621870 -1.820000
v 0.588230 1.621880 -1.751120
v 0.853583 1.621870 -1.640640
v 1.095040 1.621870 -1.492110
v 1.309060 1.621880 -1.309060
v 1.492110 1.621870 -1.095040
v 1.640640 1.621870 -0.853583
v 1.751120 1.621880 -0.588230
v 1.820000 1.621880 -0.302522
v 1.843750 1.621880 -0.000000
v 1.820000 1.621870 0.302522
v 1.751120 1.621880 0.588230
v 1.640640 1.621870 0.853582
v 1.492110 1.621870 1.095040
v 1.309060 1.621880 1.309060
v 1.095040 1.621870 1.492110
v 0.853583 1.621870 1.640640
v 0.588230 1.621880 1.751120
v 0.302523 1.621880 1.820000
v 0.000000 1.621880 1.843750
v -0.302522 1.621870 1.820000
v -0.588230 1.621880 1.751120
v -0.853582 1.621870 1.640640
v -1.095040 1.621870 1.492110
v -1.309060 1.621880 1.309060
v -1.534390 1.471200 1.126070
v -1.346160 1.471200 1.346160
v -1.687140 1.471200 0.877772
v -1.800740 1.471200 0.604900
v -1.871580 1.471200 0.311096
v -1.896000 1.471200 -0.000000
v -1.871580 1.471200 -0.311096
v -1.800740 1.471200 -0.604900
v -1.687140 1.471200 -0.877772
v -1.534390 1.471200 -1.126070
v -1.346160 1.471200 -1.346160
v -1.126070 1.471200 -1.534390
v -0.877772 1.471200 -1.687140
v -0.604900 1.471200 -1.800740
v -0.311096 1.471200 -1.871580
v 0.000000 1.471200 -1.896000
v 0.311096 1.471200 -1.871580
v 0.604900 1.471200 -1.800740
v 0.877772 1.471200 -1.687140
v 1.126070 1.471200 -1.534390
v 1.346160 1.471200 -1.346160
v 1.534390 1.471200 -1.126070
v 1.687140 1.471200 -0.877772
v 1.800740 1.471200 -0.604900
v 1.871580 1.471200 -0.311096
v 1.896000 1.471200 -0.000000
v 1.871580 1.471200 0.311096
v 1.800740 1.471200 0.604900
v 1.687140 1.471200 0.877772
v 1.534390 1.471200 1.126070
v 1.346160 1.471200 1.346160
v 1.126070 1.471200 1.534390
v 0.877772 1.471200 1.687140
v 0.604900 1.471200 1.800740
v 0.311096 1.471200 1.871580
v 0.000000 1.471200 1.896000
v -0.311096 1.471200 1.871580
v -0.604900 1.471200 1.800740
v -0.877772 1.471200 1.687140
v -1.126070 1.471200 1.534390
v -1.376870 1.323220 1.376870
v -1.151760 1.323230 1.569400
v -1.569400 1.323230 1.151760
v -1.725620 1.323220 0.897795
v -1.841820 1.323230 0.618698
v -1.914270 1.323230 0.318192
v -1.939250 1.323230 -0.000000
v -1.914270 1.323230 -0.318192
v -1.841820 1.323230 -0.618698
v -1.725620 1.323220 -0.897795
v -1.569400 1.323230 -1.151760
v -1.376870 1.323220 -1.376870
v -1.151760 1.323230 -1.569400
v -0.897795 1.323220 -1.725620
v -0.618698 1.323230 -1.841820
v -0.318192 1.323230 -1.914270
v 0.000000 1.323230 -1.939250
v 0.318192 1.323230 -1.914270
v 0.618698 1.323230 -1.841820
v 0.897795 1.323220 -1.725620
v 1.151760 1.323230 -1.569400
v 1.376870 1.323220 -1.376870
v 1.569400 1.323230 -1.151760
v 1.725620 1.323220 -0.897795
v 1.841820 1.323230 -0.618698
v 1.914270 1.323230 -0.318192
v 1.939250 1.323230 -0.000000
v 1.914270 1.323230 0.318192
v 1.841820 1.323230 0.618698
v 1.725620 1.323220 0.897795
v 1.569400 1.323230 1.151760
v 1.376870 1.323220 1.376870
v 1.151760 1.323230 1.569400
v 0.897795 1.323220 1.725620
v 0.618698 1.323230 1.841820
v 0.318192 1.323230 1.914270
v 0.000000 1.323230 1.939250
v -0.318192 1.323230 1.914270
v -0.618698 1.323230 1.841820
v -0.897795 1.323220 1.725620
v -1.171210 1.178400 1.595900
v -0.912957 1.178400 1.754760
v -1.400120 1.178400 1.400120
v -1.595900 1.178400 1.171210
v -1.754760 1.178400 0.912957
v -1.872930 1.178400 0.629147
v -1.946600 1.178400 0.323566
v -1.972000 1.178400 -0.000000
v -1.946600 1.178400 -0.323566
v -1.872930 1.178400 -0.629147
v -1.754760 1.178400 -0.912957
v -1.595900 1.178400 -1.171210
v -1.400120 1.178400 -1.400120
v -1.171210 1.178400 -1.595900
v -0.912957 1.178400 -1.754760
v -0.629147 1.178400 -1.872930
v -0.323566 1.178400 -1.946600
v 0.000000 1.178400 -1.972000
v 0.323566 1.178400 -1.946600
v 0.629147 1.178400 -1.872930
v 0.912957 1.178400 -1.754760
v 1.171210 1.178400 -1.595900
v 1.400120 1.178400 -1.400120
v 1.595900 1.178400 -1.171210
v 1.754760 1.178400 -0.912957
v 1.872930 1.178400 -0.629147
v 1.946600 1.178400 -0.323566
v 1.972000 1.178400 -0.000000
v 1.946600 1.178400 0.323566
v 1.872930 1.178400 0.629147
v 1.754760 1.178400 0.912957
v 1.595900 1.178400 1.171210
v 1.400120 1.178400 1.400120
v 1.171210 1.178400 1.595900
v 0.912957 1.178400 1.754760
v 0.629147 1.178400 1.872930
v 0.323566 1.178400 1.946600
v 0.000000 1.178400 1.972000
v -0.323566 1.178400 1.946600
v -0.629147 1.178400 1.872930
v -0.922564 1.037170 1.773230
v -0.635767 1.037180 1.892630
v -1.183530 1.037170 1.612690
v -1.414850 1.037180 1.414850
v -1.612690 1.037180 1.183530
v -1.773230 1.037170 0.922564
v -1.892630 1.037170 0.635767
v -1.967080 1.037180 0.326970
v -1.992750 1.037170 -0.000000
v -1.967080 1.037180 -0.326970
v -1.892630 1.037180 -0.635767
v -1.773230 1.037170 -0.922564
v -1.612690 1.037170 -1.183530
v -1.414850 1.037180 -1.414850
v -1.183530 1.037180 -1.612690
v -0.922564 1.037170 -1.773230
v -0.635767 1.037170 -1.892630
v -0.326970 1.037180 -1.967080
v 0.000000 1.037170 -1.992750
v 0.326970 1.037180 -1.967080
v 0.635767 1.037180 -1.892630
v 0.922564 1.037170 -1.773230
v 1.183530 1.037170 -1.612690
v 1.414850 1.037180 -1.414850
v 1.612690 1.037180 -1.183530
v 1.773230 1.037170 -0.922564
v 1.892630 1.037170 -0.635767
v 1.967080 1.037180 -0.326970
v 1.992750 1.037170 -0.000000
v 1.967080 1.037180 0.326970
v 1.892630 1.037180 0.635767
v 1.773230 1.037170 0.922564
v 1.612690 1.037170 1.183530
v 1.414850 1.037180 1.414850
v 1.183530 1.037180 1.612690
v 0.922564 1.037170 1.773230
v 0.635767 1.037170 1.892630
v 0.326970 1.037180 1.967080
v 0.000000 1.037170 1.992750
v -0.326970 1.037180 1.967080
v -0.638080 0.900000 1.899520
v -0.328160 0.900000 1.974240
v -0.925920 0.900000 1.779680
v -1.187840 0.900000 1.618560
v -1.420000 0.900000 1.420000
v -1.618560 0.900000 1.187840
v -1.779680 0.900000 0.925920
v -1.899520 0.900000 0.638080
v -1.974240 0.900000 0.328160
v -2.000000 0.900000 -0.000000
v -1.974240 0.900000 -0.328160
v -1.899520 0.900000 -0.638080
v -1.779680 0.900000 -0.925920
v -1.618560 0.900000 -1.187840
v -1.420000 0.900000 -1.420000
v -1.187840 0.900000 -1.618560
v -0.925920 0.900000 -1.779680
v -0.638080 0.900000 -1.899520
v -0.328160 0.900000 -1.974240
v 0.000000 0.900000 -2.000000
v 0.328160 0.900000 -1.974240
v 0.638080 0.900000 -1.899520
v 0.925920 0.900000 -1.779680
v 1.187840 0.900000 -1.618560
v 1.420000 0.900000 -1.420000
v 1.618560 0.900000 -1.187840
v 1.779680 0.900000 -0.925920
v 1.899520 0.900000 -0.638080
v 1.974240 0.900000 -0.328160
v 2.000000 0.900000 -0.000000
v 1.974240 0.900000 0.328160
v 1.899520 0.900000 0.638080
v 1.779680 0.900000 0.925920
v 1.618560 0.900000 1.187840
v 1.420000 0.900000 1.420000
v 1.187840 0.900000 1.618560
v 0.925920 0.900000 1.779680
v 0.638080 0.900000 1.899520
v 0.328160 0.900000 1.974240
v 0.000000 0.900000 2.000000
v -0.325863 0.771675 1.960420
v 0.000000 0.771675 1.986000
v -0.633613 0.771675 1.886220
v -0.919439 0.771675 1.767220
v -1.179530 0.771675 1.607230
v -1.410060 0.771675 1.410060
v -1.607230 0.771675 1.179530
v -1.767220 0.771675 0.919439
v -1.886220 0.771675 0.633613
v -1.960420 0.771675 0.325863
v -1.986000 0.771675 -0.000000
v -1.960420 0.771675 -0.325863
v -1.886220 0.771675 -0.633613
v -1.767220 0.771675 -0.919439
v -1.607230 0.771675 -1.179530
v -1.410060 0.771675 -1.410060
v -1.179530 0.771675 -1.607230
v -0.919439 0.771675 -1.767220
v -0.633613 0.771675 -1.886220
v -0.325863 0.771675 -1.960420
v 0.000000 0.771675 -1.986000
v 0.325863 0.771675 -1.960420
v 0.633613 0.771675 -1.886220
v 0.919439 0.771675 -1.767220
v 1.179530 0.771675 -1.607230
v 1.410060 0.771675 -1.410060
v 1.607230 0.771675 -1.179530
v 1.767220 0.771675 -0.919439
v 1.886220 0.771675 -0.633613
v 1.960420 0.771675 -0.325863
v 1.986000 0.771675 -0.000000
v 1.960420 0.771675 0.325863
v 1.886220 0.771675 0.633613
v 1.767220 0.771675 0.919439
v 1.607230 0.771675 1.179530
v 1.410060 0.771675 1.410060
v 1.179530 0.771675 1.607230
v 0.919439 0.771675 1.767220
v 0.633613 0.771675 1.886220
v 0.325863 0.771675 1.960420
v 0.000000 0.656400 1.948000
v 0.319628 0.656400 1.922910
v -0.319628 0.656400 1.922910
v -0.621490 0.656400 1.850130
v -0.901846 0.656400 1.733410
v -1.156960 0.656400 1.576480
v -1.383080 0.656400 1.383080
v -1.576480 0.656400 1.156960
v -1.733410 0.656400 0.901846
v -1.850130 0.656400 0.621490
v -1.922910 0.656400 0.319628
v -1.948000 0.656400 -0.000000
v -1.922910 0.656400 -0.319628
v -1.850130 0.656400 -0.621490
v -1.733410 0.656400 -0.901846
v -1.576480 0.656400 -1.156960
v -1.383080 0.656400 -1.383080
v -1.156960 0.656400 -1.576480
v -0.901846 0.656400 -1.733410
v -0.621490 0.656400 -1.850130
v -0.319628 0.656400 -1.922910
v 0.000000 0.656400 -1.948000
v 0.319628 0.656400 -1.922910
v 0.621490 0.656400 -1.850130
v 0.901846 0.656400 -1.733410
v 1.156960 0.656400 -1.576480
v 1.383080 0.656400 -1.383080
v 1.576480 0.656400 -1.156960
v 1.733410 0.656400 -0.901846
v 1.850130 0.656400 -0.621490
v 1.922910 0.656400 -0.319628
v 1.948000 0.656400 -0.000000
v 1.922910 0.656400 0.319628
v 1.850130 0.656400 0.621490
v 1.733410 0.656400 0.901846
v 1.576480 0.656400 1.156960
v 1.383080 0.656400 1.383080
v 1.156960 0.656400 1.576480
v 0.901846 0.656400 1.733410
v 0.621490 0.656400 1.850130
v 0.310439 0.553725 1.867630
v 0.603624 0.553725 1.796950
v 0.000000 0.553725 1.892000
v -0.310439 0.553725 1.867630
v -0.603624 0.553725 1.796950
v -0.875920 0.553725 1.683580
v -1.123700 0.553725 1.531160
v -1.343320 0.553725 1.343320
v -1.531160 0.553725 1.123700
v -1.683580 0.553725 0.875920
v -1.796950 0.553725 0.603624
v -1.867630 0.553725 0.310439
v -1.892000 0.553725 -0.000000
v -1.867630 0.553725 -0.310439
v -1.796950 0.553725 -0.603624
v -1.683580 0.553725 -0.875920
v -1.531160 0.553725 -1.123700
v -1.343320 0.553725 -1.343320
v -1.123700 0.553725 -1.531160
v -0.875920 0.553725 -1.683580
v -0.603624 0.553725 -1.796950
v -0.310439 0.553725 -1.867630
v 0.000000 0.553725 -1.892000
v 0.310439 0.553725 -1.867630
v 0.603624 0.553725 -1.796950
v 0.875920 0.553725 -1.683580
v 1.123700 0.553725 -1.531160
v 1.343320 0.553725 -1.343320
v 1.531160 0.553725 -1.123700
v 1.683580 0.553725 -0.875920
v 1.796950 0.553725 -0.603624
v 1.867630 0.553725 -0.310439
v 1.892000 0.553725 -0.000000
v 1.867630 0.553725 0.310439
v 1.796950 0.553725 0.603624
v 1.683580 0.553725 0.875920
v 1.531160 0.553725 1.123700
v 1.343320 0.553725 1.343320
v 1.123700 0.553725 1.531160
v 0.875920 0.553725 1.683580
v 0.581929 0.463200 1.732360
v 0.844439 0.463200 1.623070
v 0.299282 0.463200 1.800510
v 0.000000 0.463200 1.824000
v -0.299282 0.463200 1.800510
v -0.581929 0.463200 1.732360
v -0.844439 0.463200 1.623070
v -1.083310 0.463200 1.476130
v -1.295040 0.463200 1.295040
v -1.476130 0.463200 1.083310
v -1.623070 0.463200 0.844439
v -1.732360 0.463200 0.581929
v -1.800510 0.463200 0.299282
v -1.824000 0.463200 -0.000000
v -1.800510 0.463200 -0.299282
v -1.732360 0.463200 -0.581929
v -1.623070 0.463200 -0.844439
v -1.476130 0.463200 -1.083310
v -1.295040 0.463200 -1.295040
v -1.083310 0.463200 -1.476130
v -0.844439 0.463200 -1.623070
v -0.581929 0.463200 -1.732360
v -0.299282 0.463200 -1.800510
v 0.000000 0.463200 -1.824000
v 0.299282 0.463200 -1.800510
v 0.581929 0.463200 -1.732360
v 0.844439 0.463200 -1.623070
v 1.083310 0.463200 -1.476130
v 1.295040 0.463200 -1.295040
v 1.476130 0.463200 -1.083310
v 1.623070 0.463200 -0.844439
v 1.732360 0.463200 -0.581929
v 1.800510 0.463200 -0.299282
v 1.824000 0.463200 -0.000000
v 1.800510 0.463200 0.299282
v 1.732360 0.463200 0.581929
v 1.623070 0.463200 0.844439
v 1.476130 0.463200 1.083310
v 1.295040 0.463200 1.295040
v 1.083310 0.463200 1.476130
v 0.810180 0.384375 1.557220
v 1.039360 0.384375 1.416240
v 0.558320 0.384375 1.662080
v 0.287140 0.384375 1.727460
v 0.000000 0.384375 1.750000
v -0.287140 0.384375 1.727460
v -0.558320 0.384375 1.662080
v -0.810180 0.384375 1.557220
v -1.039360 0.384375 1.416240
v -1.242500 0.384375 1.242500
v -1.416240 0.384375 1.039360
v -1.557220 0.384375 0.810180
v -1.662080 0.384375 0.558320
v -1.727460 0.384375 0.287140
v -1.750000 0.384375 -0.000000
v -1.727460 0.384375 -0.287140
v -1.662080 0.384375 -0.558320
v -1.557220 0.384375 -0.810180
v -1.416240 0.384375 -1.039360
v -1.242500 0.384375 -1.242500
v -1.039360 0.384375 -1.416240
v -0.810180 0.384375 -1.557220
v -0.558320 0.384375 -1.662080
v -0.287140 0.384375 -1.727460
v 0.000000 0.384375 -1.750000
v 0.287140 0.384375 -1.727460
v 0.558320 0.384375 -1.662080
v 0.810180 0.384375 -1.557220
v 1.039360 0.384375 -1.416240
v 1.242500 0.384375 -1.242500
v 1.416240 0.384375 -1.039360
v 1.557220 0.384375 -0.810180
v 1.662080 0.384375 -0.558320
v 1.727460 0.384375 -0.287140
v 1.750000 0.384375 -0.000000
v 1.727460 0.384375 0.287140
v 1.662080 0.384375 0.558320
v 1.557220 0.384375 0.810180
v 1.416240 0.384375 1.039360
v 1.242500 0.384375 1.242500
v 0.995410 0.316800 1.356350
v 1.189960 0.316800 1.189960
v 0.775921 0.316800 1.491370
v 0.534711 0.316800 1.591800
v 0.274998 0.316800 1.654410
v 0.000000 0.316800 1.676000
v -0.274998 0.316800 1.654410
v -0.534711 0.316800 1.591800
v -0.775921 0.316800 1.491370
v -0.995410 0.316800 1.356350
v -1.189960 0.316800 1.189960
v -1.356350 0.316800 0.995410
v -1.491370 0.316800 0.775921
v -1.591800 0.316800 0.534711
v -1.654410 0.316800 0.274998
v -1.676000 0.316800 -0.000000
v -1.654410 0.316800 -0.274998
v -1.591800 0.316800 -0.534711
v -1.491370 0.316800 -0.775921
v -1.356350 0.316800 -0.995410
v -1.189960 0.316800 -1.189960
v -0.995410 0.316800 -1.356350
v -0.775921 0.316800 -1.491370
v -0.534711 0.316800 -1.591800
v -0.274998 0.316800 -1.654410
v 0.000000 0.316800 -1.676000
v 0.274998 0.316800 -1.654410
v 0.534711 0.316800 -1.591800
v 0.775921 0.316800 -1.491370
v 0.995410 0.316800 -1.356350
v 1.189960 0.316800 -1.189960
v 1.356350 0.316800 -0.995410
v 1.491370 0.316800 -0.775921
v 1.591800 0.316800 -0.534711
v 1.654410 0.316800 -0.274998
v 1.676000 0.316800 -0.000000
v 1.654410 0.316800 0.274998
v 1.591800 0.316800 0.534711
v 1.491370 0.316800 0.775921
v 1.356350 0.316800 0.995410
v 1.141680 0.260025 1.141680
v 1.301320 0.260025 0.955023
v 0.955023 0.260025 1.301320
v 0.744440 0.260025 1.430860
v 0.513016 0.260025 1.527210
v 0.263841 0.260025 1.587290
v 0.000000 0.260025 1.608000
v -0.263841 0.260025 1.587290
v -0.513016 0.260025 1.527210
v -0.744440 0.260025 1.430860
v -0.955023 0.260025 1.301320
v -1.141680 0.260025 1.141680
v -1.301320 0.260025 0.955023
v -1.430860 0.260025 0.744440
v -1.527210 0.260025 0.513016
v -1.587290 0.260025 0.263841
v -1.608000 0.260025 -0.000000
v -1.587290 0.260025 -0.263841
v -1.527210 0.260025 -0.513016
v -1.430860 0.260025 -0.744440
v -1.301320 0.260025 -0.955023
v -1.141680 0.260025 -1.141680
v -0.955023 0.260025 -1.301320
v -0.744440 0.260025 -1.430860
v -0.513016 0.260025 -1.527210
v -0.263841 0.260025 -1.587290
v 0.000000 0.260025 -1.608000
v 0.263841 0.260025 -1.587290
v 0.513016 0.260025 -1.527210
v 0.744440 0.260025 -1.430860
v 0.955023 0.260025 -1.301320
v 1.141680 0.260025 -1.141680
v 1.301320 0.260025 -0.955023
v 1.430860 0.260025 -0.744440
v 1.527210 0.260025 -0.513016
v 1.587290 0.260025 -0.263841
v 1.608000 0.260025 -0.000000
v 1.587290 0.260025 0.263841
v 1.527210 0.260025 0.513016
v 1.430860 0.260025 0.744440
v 1.256000 0.213600 0.921764
v 1.381030 0.213600 0.718514
v 1.101920 0.213600 1.101920
v 0.921764 0.213600 1.256000
v 0.718514 0.213600 1.381030
v 0.495150 0.213600 1.474030
v 0.254652 0.213600 1.532010
v 0.000000 0.213600 1.552000
v -0.254652 0.213600 1.532010
v -0.495150 0.213600 1.474030
v -0.718514 0.213600 1.381030
v -0.921764 0.213600 1.256000
v -1.101920 0.213600 1.101920
v -1.256000 0.213600 0.921764
v -1.381030 0.213600 0.718514
v -1.474030 0.213600 0.495150
v -1.532010 0.213600 0.254652
v -1.552000 0.213600 -0.000000
v -1.532010 0.213600 -0.254652
v -1.474030 0.213600 -0.495150
v -1.381030 0.213600 -0.718514
v -1.256000 0.213600 -0.921764
v -1.101920 0.213600 -1.101920
v -0.921764 0.213600 -1.256000
v -0.718514 0.213600 -1.381030
v -0.495150 0.213600 -1.474030
v -0.254652 0.213600 -1.532010
v 0.000000 0.213600 -1.552000
v 0.254652 0.213600 -1.532010
v 0.495150 0.213600 -1.474030
v 0.718514 0.213600 -1.381030
v 0.921764 0.213600 -1.256000
v 1.101920 0.213600 -1.101920
v 1.256000 0.213600 -0.921764
v 1.381030 0.213600 -0.718514
v 1.474030 0.213600 -0.495150
v 1.532010 0.213600 -0.254652
v 1.552000 0.213600 -0.000000
v 1.532010 0.213600 0.254652
v 1.474030 0.213600 0.495150
v 1.347220 0.177075 0.700921
v 1.437940 0.177075 0.483027
v 1.225250 0.177075 0.899195
v 1.074940 0.177075 1.074940
v 0.899195 0.177075 1.225250
v 0.700921 0.177075 1.347220
v 0.483027 0.177075 1.437940
v 0.248417 0.177075 1.494500
v 0.000000 0.177075 1.514000
v -0.248417 0.177075 1.494500
v -0.483027 0.177075 1.437940
v -0.700921 0.177075 1.347220
v -0.899195 0.177075 1.225250
v -1.074940 0.177075 1.074940
v -1.225250 0.177075 0.899195
v -1.347220 0.177075 0.700921
v -1.437940 0.177075 0.483027
v -1.494500 0.177075 0.248417
v -1.514000 0.177075 -0.000000
v -1.494500 0.177075 -0.248417
v -1.437940 0.177075 -0.483027
v -1.347220 0.177075 -0.700921
v -1.225250 0.177075 -0.899195
v -1.074940 0.177075 -1.074940
v -0.899195 0.177075 -1.225250
v -0.700921 0.177075 -1.347220
v -0.483027 0.177075 -1.437940
v -0.248417 0.177075 -1.494500
v 0.000000 0.177075 -1.514000
v 0.248417 0.177075 -1.494500
v 0.483027 0.177075 -1.437940
v 0.700921 0.177075 -1.347220
v 0.899195 0.177075 -1.225250
v 1.074940 0.177075 -1.074940
v 1.225250 0.177075 -0.899195
v 1.347220 0.177075 -0.700921
v 1.437940 0.177075 -0.483027
v 1.494500 0.177075 -0.248417
v 1.514000 0.177075 -0.000000
v 1.494500 0.177075 0.248417
v 1.424640 0.150000 0.478560
v 1.480680 0.150000 0.246120
v 1.334760 0.150000 0.694440
v 1.213920 0.150000 0.890880
v 1.065000 0.150000 1.065000
v 0.890880 0.150000 1.213920
v 0.694440 0.150000 1.334760
v 0.478560 0.150000 1.424640
v 0.246120 0.150000 1.480680
v 0.000000 0.150000 1.500000
v -0.246120 0.150000 1.480680
v -0.478560 0.150000 1.424640
v -0.694440 0.150000 1.334760
v -0.890880 0.150000 1.213920
v -1.065000 0.150000 1.065000
v -1.213920 0.150000 0.890880
v -1.334760 0.150000 0.694440
v -1.424640 0.150000 0.478560
v -1.480680 0.150000 0.246120
v -1.500000 0.150000 -0.000000
v -1.480680 0.150000 -0.246120
v -1.424640 0.150000 -0.478560
v -1.334760 0.150000 -0.694440
v -1.213920 0.150000 -0.890880
v -1.065000 0.150000 -1.065000
v -0.890880 0.150000 -1.213920
v -0.694440 0.150000 -1.334760
v -0.478560 0.150000 -1.424640
v -0.246120 0.150000 -1.480680
v 0.000000 0.150000 -1.500000
v 0.246120 0.150000 -1.480680
v 0.478560 0.150000 -1.424640
v 0.694440 0.150000 -1.334760
v 0.890880 0.150000 -1.213920
v 1.065000 0.150000 -1.065000
v 1.213920 0.150000 -0.890880
v 1.334760 0.150000 -0.694440
v 1.424640 0.150000 -0.478560
v 1.480680 0.150000 -0.246120
v 1.500000 0.150000 -0.000000
v 1.477200 0.127575 0.245542
v 1.496470 0.127575 -0.000000
v 1.461730 0.105600 0.242970
v 1.480800 0.105600 -0.000000
v 1.426710 0.084525 0.237149
v 1.445320 0.084525 -0.000000
v 1.364590 0.064800 0.226824
v 1.382400 0.064800 -0.000000
v 1.267830 0.046875 0.210740
v 1.284380 0.046875 -0.000000
v 1.128870 0.031200 0.187642
v 1.143600 0.031200 -0.000000
v 0.940158 0.018225 0.156274
v 0.952425 0.018225 -0.000000
v 0.694143 0.008400 0.115381
v 0.703200 0.008400 -0.000000
v 0.383274 0.002175 0.063708
v 0.388275 0.002175 -0.000000
v 0.000000 0.000000 0.000000
v 0.383274 0.002175 -0.063708
v 0.368768 0.002175 -0.123875
v 0.345503 0.002175 -0.179756
v 0.314223 0.002175 -0.230604
v 0.275675 0.002175 -0.275675
v 0.230604 0.002175 -0.314223
v 0.179756 0.002175 -0.345503
v 0.123875 0.002175 -0.368768
v 0.063708 0.002175 -0.383274
v 0.000000 0.002175 -0.388275
v -0.063708 0.002175 -0.383274
v -0.123875 0.002175 -0.368768
v -0.179756 0.002175 -0.345503
v -0.230604 0.002175 -0.314223
v -0.275675 0.002175 -0.275675
v -0.314223 0.002175 -0.230604
v -0.345503 0.002175 -0.179756
v -0.368768 0.002175 -0.123875
v -0.383274 0.002175 -0.063708
v -0.388275 0.002175 -0.000000
v -0.383274 0.002175 0.063708
v -0.368768 0.002175 0.123875
v -0.345503 0.002175 0.179756
v -0.314223 0.002175 0.230604
v -0.275675 0.002175 0.275675
v -0.230604 0.002175 0.314223
v -0.179756 0.002175 0.345503
v -0.123875 0.002175 0.368768
v -0.063708 0.002175 0.383274
v 0.000000 0.002175 0.388275
v 0.063708 0.002175 0.383274
v 0.123875 0.002175 0.368768
v 0.179756 0.002175 0.345503
v 0.230604 0.002175 0.314223
v 0.275675 0.002175 0.275675
v 0.314223 0.002175 0.230604
v 0.345503 0.002175 0.179756
v 0.368768 0.002175 0.123875
v 0.667871 0.008400 0.224349
v 0.904575 0.018225 0.303862
v 1.086150 0.031200 0.364854
v 1.219850 0.046875 0.409767
v 1.312950 0.064800 0.441041
v 1.372710 0.084525 0.461116
v 1.406400 0.105600 0.472434
v 1.421290 0.127575 0.477435
v 1.331620 0.127575 0.692808
v 1.317680 0.105600 0.685551
v 1.286110 0.084525 0.669128
v 1.230110 0.064800 0.639996
v 1.142890 0.046875 0.594614
v 1.017620 0.031200 0.529441
v 0.847506 0.018225 0.440935
v 0.625735 0.008400 0.325553
v 0.569086 0.008400 0.417645
v 0.770779 0.018225 0.565664
v 0.925493 0.031200 0.679207
v 1.039420 0.046875 0.762816
v 1.118750 0.064800 0.821035
v 1.169670 0.084525 0.858407
v 1.198380 0.105600 0.879477
v 1.211070 0.127575 0.888786
v 1.062500 0.127575 1.062500
v 1.051370 0.105600 1.051370
v 1.026180 0.084525 1.026180
v 0.981504 0.064800 0.981504
v 0.911906 0.046875 0.911906
v 0.811956 0.031200 0.811956
v 0.676222 0.018225 0.676222
v 0.499272 0.008400 0.499272
v 0.417645 0.008400 0.569086
v 0.565664 0.018225 0.770779
v 0.679207 0.031200 0.925493
v 0.762816 0.046875 1.039420
v 0.821035 0.064800 1.118750
v 0.858407 0.084525 1.169670
v 0.879477 0.105600 1.198380
v 0.888786 0.127575 1.211070
v 0.692808 0.127575 1.331620
v 0.685551 0.105600 1.317680
v 0.669128 0.084525 1.286110
v 0.639996 0.064800 1.230110
v 0.594614 0.046875 1.142890
v 0.529441 0.031200 1.017620
v 0.440935 0.018225 0.847506
v 0.325553 0.008400 0.625735
v 0.224349 0.008400 0.667871
v 0.303862 0.018225 0.904575
v 0.364854 0.031200 1.086150
v 0.409767 0.046875 1.219850
v 0.441041 0.064800 1.312950
v 0.461116 0.084525 1.372710
v 0.472434 0.105600 1.406400
v 0.477435 0.127575 1.421290
v 0.245542 0.127575 1.477200
v 0.242970 0.105600 1.461730
v 0.237149 0.084525 1.426710
v 0.226824 0.064800 1.364590
v 0.210740 0.046875 1.267830
v 0.187642 0.031200 1.128870
v 0.156274 0.018225 0.940158
v 0.115381 0.008400 0.694143
v 0.000000 0.008400 0.703200
v 0.000000 0.018225 0.952425
v 0.000000 0.031200 1.143600
v 0.000000 0.046875 1.284380
v 0.000000 0.064800 1.382400
v 0.000000 0.084525 1.445320
v 0.000000 0.105600 1.480800
v 0.000000 0.127575 1.496470
v -0.245542 0.127575 1.477200
v -0.242970 0.105600 1.461730
v -0.237149 0.084525 1.426710
v -0.226824 0.064800 1.364590
v -0.210740 0.046875 1.267830
v -0.187642 0.031200 1.128870
v -0.156274 0.018225 0.940158
v -0.115381 0.008400 0.694143
v -0.224349 0.008400 0.667871
v -0.303862 0.018225 0.904575
v -0.364854 0.031200 1.086150
v -0.409767 0.046875 1.219850
v -0.441041 0.064800 1.312950
v -0.461116 0.084525 1.372710
v -0.472434 0.105600 1.406400
v -0.477435 0.127575 1.421290
v -0.692808 0.127575 1.331620
v -0.685551 0.105600 1.317680
v -0.669128 0.084525 1.286110
v -0.639996 0.064800 1.230110
v -0.594614 0.046875 1.142890
v -0.529441 0.031200 1.017620
v -0.440935 0.018225 0.847506
v -0.325553 0.008400 0.625735
v -0.417645 0.008400 0.569086
v -0.565664 0.018225 0.770779
v -0.679207 0.031200 0.925493
v -0.762816 0.046875 1.039420
v -0.821035 0.064800 1.118750
v -0.858407 0.084525 1.169670
v -0.879477 0.105600 1.198380
v -0.888786 0.127575 1.211070
v -1.062500 0.127575 1.062500
v -1.051370 0.105600 1.051370
v -1.026180 0.084525 1.026180
v -0.981504 0.064800 0.981504
v -0.911906 0.046875 0.911906
v -0.811956 0.031200 0.811956
v -0.676222 0.018225 0.676222
v -0.499272 0.008400 0.499272
v -0.569086 0.008400 0.417645
v -0.770779 0.018225 0.565664
v -0.925493 0.031200 0.679207
v -1.039420 0.046875 0.762816
v -1.118750 0.064800 0.821035
v -1.169670 0.084525 0.858407
v -1.198380 0.105600 0.879477
v -1.211070 0.127575 0.888786
v -1.331620 0.127575 0.692808
v -1.317680 0.105600 0.685551
v -1.286110 0.084525 0.669128
v -1.230110 0.064800 0.639996
v -1.142890 0.046875 0.594614
v -1.017620 0.031200 0.529441
v -0.847506 0.018225 0.440935
v -0.625735 0.008400 0.325553
v -0.667871 0.008400 0.224349
v -0.904575 0.018225 0.303862
v -1.086150 0.031200 0.364854
v -1.219850 0.046875 0.409767
v -1.312950 0.064800 0.441041
v -1.372710 0.084525 0.461116
v -1.406400 0.105600 0.472434
v -1.421290 0.127575 0.477435
v -1.477200 0.127575 0.245542
v -1.461730 0.105600 0.242970
v -1.426710 0.084525 0.237149
v -1.364590 0.064800 0.226824
v -1.267830 0.046875 0.210740
v -1.128870 0.031200 0.187642
v -0.940158 0.018225 0.156274
v -0.694143 0.008400 0.115381
v -0.703200 0.008400 -0.000000
v -0.952425 0.018225 -0.000000
v -1.143600 0.031200 -0.000000
v -1.284380 0.046875 -0.000000
v -1.382400 0.064800 -0.000000
v -1.445320 0.084525 -0.000000
v -1.480800 0.105600 -0.000000
v -1.496470 0.127575 -0.000000
v -1.477200 0.127575 -0.245542
v -1.461730 0.105600 -0.242970
v -1.426710 0.084525 -0.237149
v -1.364590 0.064800 -0.226824
v -1.267830 0.046875 -0.210740
v -1.128870 0.031200 -0.187642
v -0.940158 0.018225 -0.156274
v -0.694143 0.008400 -0.115381
v -0.667871 0.008400 -0.224349
v -0.904575 0.018225 -0.303862
v -1.086150 0.031200 -0.364854
v -1.219850 0.046875 -0.409767
v -1.312950 0.064800 -0.441041
v -1.372710 0.084525 -0.461116
v -1.406400 0.105600 -0.472434
v -1.421290 0.127575 -0.477435
v -1.331620 0.127575 -0.692808
v -1.317680 0.105600 -0.685551
v -1.286110 0.084525 -0.669128
v -1.230110 0.064800 -0.639996
v -1.142890 0.046875 -0.594614
v -1.017620 0.031200 -0.529441
v -0.847506 0.018225 -0.440935
v -0.625735 0.008400 -0.325553
v -0.569086 0.008400 -0.417645
v -0.770779 0.018225 -0.565664
v -0.925493 0.031200 -0.679207
v -1.039420 0.046875 -0.762816
v -1.118750 0.064800 -0.821035
v -1.169670 0.084525 -0.858407
v -1.198380 0.105600 -0.879477
v -1.211070 0.127575 -0.888786
v -1.062500 0.127575 -1.062500
v -1.051370 0.105600 -1.051370
v -1.026180 0.084525 -1.026180
v -0.981504 0.064800 -0.981504
v -0.911906 0.046875 -0.911906
v -0.811956 0.031200 -0.811956
v -0.676222 0.018225 -0.676222
v -0.499272 0.008400 -0.499272
v -0.417645 0.008400 -0.569086
v -0.565664 0.018225 -0.770779
v -0.679207 0.031200 -0.925493
v -0.762816 0.046875 -1.039420
v -0.821035 0.064800 -1.118750
v -0.858407 0.084525 -1.169670
v -0.879477 0.105600 -1.198380
v -0.888786 0.127575 -1.211070
v -0.692808 0.127575 -1.331620
v -0.685551 0.105600 -1.317680
v -0.669128 0.084525 -1.286110
v -0.639996 0.064800 -1.230110
v -0.594614 0.046875 -1.142890
v -0.529441 0.031200 -1.017620
v -0.440935 0.018225 -0.847506
v -0.325553 0.008400 -0.625735
v -0.224349 0.008400 -0.667871
v -0.303862 0.018225 -0.904575
v -0.364854 0.031200 -1.086150
v -0.409767 0.046875 -1.219850
v -0.441041 0.064800 -1.312950
v -0.461116 0.084525 -1.372710
v -0.472434 0.105600 -1.406400
v -0.477435 0.127575 -1.421290
v -0.245542 0.127575 -1.477200
v -0.242970 0.105600 -1.461730
v -0.237149 0.084525 -1.426710
v -0.226824 0.064800 -1.364590
v -0.210740 0.046875 -1.267830
v -0.187642 0.031200 -1.128870
v -0.156274 0.018225 -0.940158
v -0.115381 0.008400 -0.694143
v 0.000000 0.008400 -0.703200
v 0.000000 0.018225 -0.952425
v 0.000000 0.031200 -1.143600
v 0.000000 0.046875 -1.284380
v 0.000000 0.064800 -1.382400
v 0.000000 0.084525 -1.445320
v 0.000000 0.105600 -1.480800
v 0.000000 0.127575 -1.496470
v 0.245542 0.127575 -1.477200
v 0.242970 0.105600 -1.461730
v 0.237149 0.084525 -1.426710
v 0.226824 0.064800 -1.364590
v 0.210740 0.046875 -1.267830
v 0.187642 0.031200 -1.128870
v 0.156274 0.018225 -0.940158
v 0.115381 0.008400 -0.694143
v 0.224349 0.008400 -0.667871
v 0.303862 0.018225 -0.904575
v 0.364854 0.031200 -1.086150
v 0.409767 0.046875 -1.219850
v 0.441041 0.064800 -1.312950
v 0.461116 0.084525 -1.372710
v 0.472434 0.105600 -1.406400
v 0.477435 0.127575 -1.421290
v 0.692808 0.127575 -1.331620
v 0.685551 0.105600 -1.317680
v 0.669128 0.084525 -1.286110
v 0.639996 0.064800 -1.230110
v 0.594614 0.046875 -1.142890
v 0.529441 0.031200 -1.017620
v 0.440935 0.018225 -0.847506
v 0.325553 0.008400 -0.625735
v 0.417645 0.008400 -0.569086
v 0.565664 0.018225 -0.770779
v 0.679207 0.031200 -0.925493
v 0.762816 0.046875 -1.039420
v 0.821035 0.064800 -1.118750
v 0.858407 0.084525 -1.169670
v 0.879477 0.105600 -1.198380
v 0.888786 0.127575 -1.211070
v 1.062500 0.127575 -1.062500
v 1.051370 0.105600 -1.051370
v 1.026180 0.084525 -1.026180
v 0.981504 0.064800 -0.981504
v 0.911906 0.046875 -0.911906
v 0.811956 0.031200 -0.811956
v 0.676222 0.018225 -0.676222
v 0.499272 0.008400 -0.499272
v 0.569086 0.008400 -0.417645
v 0.770779 0.018225 -0.565664
v 0.925493 0.031200 -0.679207
v 1.039420 0.046875 -0.762816
v 1.118750 0.064800 -0.821035
v 1.169670 0.084525 -0.858407
v 1.198380 0.105600 -0.879477
v 1.211070 0.127575 -0.888786
v 1.331620 0.127575 -0.692808
v 1.317680 0.105600 -0.685551
v 1.286110 0.084525 -0.669128
v 1.230110 0.064800 -0.639996
v 1.142890 0.046875 -0.594614
v 1.017620 0.031200 -0.529441
v 0.847506 0.018225 -0.440935
v 0.625735 0.008400 -0.325553
v 0.667871 0.008400 -0.224349
v 0.904575 0.018225 -0.303862
v 1.086150 0.031200 -0.364854
v 1.219850 0.046875 -0.409767
v 1.312950 0.064800 -0.441041
v 1.372710 0.084525 -0.461116
v 1.406400 0.105600 -0.472434
v 1.421290 0.127575 -0.477435
v 1.477200 0.127575 -0.245542
v 1.461730 0.105600 -0.242970
v 1.426710 0.084525 -0.237149
v 1.364590 0.064800 -0.226824
v 1.267830 0.046875 -0.210740
v 1.128870 0.031200 -0.187642
v 0.940158 0.018225 -0.156274
v 0.694143 0.008400 -0.115381
v 0.000000 3.150000 -0.000000
v 0.032048 3.141450 -0.192107
v 0.000000 3.141450 -0.194600
v 0.062272 3.141450 -0.184870
v 0.090306 3.141450 -0.173255
v 0.115787 3.141450 -0.157626
v 0.138348 3.141450 -0.138348
v 0.157626 3.141450 -0.115787
v 0.173255 3.141450 -0.090307
v 0.184870 3.141450 -0.062272
v 0.192107 3.141450 -0.032048
v 0.194600 3.141450 -0.000000
v 0.192107 3.141450 0.032048
v 0.184870 3.141450 0.062272
v 0.173255 3.141450 0.090306
v 0.157626 3.141450 0.115787
v 0.138348 3.141450 0.138348
v 0.115787 3.141450 0.157626
v 0.090306 3.141450 0.173255
v 0.062272 3.141450 0.184870
v 0.032048 3.141450 0.192107
v 0.000000 3.141450 0.194600
v -0.032048 3.141450 0.192107
v -0.062272 3.141450 0.184870
v -0.090306 3.141450 0.173255
v -0.115787 3.141450 0.157626
v -0.138348 3.141450 0.138348
v -0.157626 3.141450 0.115787
v -0.173255 3.141450 0.090306
v -0.184870 3.141450 0.062272
v -0.192107 3.141450 0.032048
v -0.194600 3.141450 -0.000000
v -0.192107 3.141450 -0.032048
v -0.184870 3.141450 -0.062272
v -0.173255 3.141450 -0.090307
v -0.157626 3.141450 -0.115787
v -0.138348 3.141450 -0.138348
v -0.115787 3.141450 -0.157626
v -0.090306 3.141450 -0.173255
v -0.062272 3.141450 -0.184870
v -0.032048 3.141450 -0.192107
v 0.000000 3.117600 -0.308800
v -0.050855 3.117600 -0.304843
v 0.050855 3.117600 -0.304843
v 0.098815 3.117600 -0.293360
v 0.143301 3.117600 -0.274928
v 0.183734 3.117600 -0.250127
v 0.219536 3.117600 -0.219536
v 0.250127 3.117600 -0.183734
v 0.274928 3.117600 -0.143301
v 0.293360 3.117600 -0.098815
v 0.304843 3.117600 -0.050855
v 0.308800 3.117600 -0.000000
v 0.304843 3.117600 0.050854
v 0.293360 3.117600 0.098814
v 0.274928 3.117600 0.143301
v 0.250127 3.117600 0.183734
v 0.219536 3.117600 0.219536
v 0.183734 3.117600 0.250127
v 0.143301 3.117600 0.274928
v 0.098815 3.117600 0.293360
v 0.050855 3.117600 0.304843
v 0.000000 3.117600 0.308800
v -0.050855 3.117600 0.304843
v -0.098815 3.117600 0.293360
v -0.143301 3.117600 0.274928
v -0.183734 3.117600 0.250127
v -0.219536 3.117600 0.219536
v -0.250127 3.117600 0.183734
v -0.274928 3.117600 0.143301
v -0.293360 3.117600 0.098814
v -0.304843 3.117600 0.050854
v -0.308800 3.117600 -0.000000
v -0.304843 3.117600 -0.050855
v -0.293360 3.117600 -0.098815
v -0.274928 3.117600 -0.143301
v -0.250127 3.117600 -0.183734
v -0.219536 3.117600 -0.219536
v -0.183734 3.117600 -0.250127
v -0.143301 3.117600 -0.274928
v -0.098815 3.117600 -0.293360
v -0.058988 3.081150 -0.353610
v -0.114619 3.081150 -0.340289
v 0.000000 3.081150 -0.358200
v 0.058988 3.081150 -0.353610
v 0.114619 3.081150 -0.340289
v 0.166221 3.081150 -0.318907
v 0.213123 3.081150 -0.290138
v 0.254653 3.081150 -0.254653
v 0.290138 3.081150 -0.213123
v 0.318907 3.081150 -0.166221
v 0.340289 3.081150 -0.114619
v 0.353610 3.081150 -0.058988
v 0.358200 3.081150 -0.000000
v 0.353610 3.081150 0.058988
v 0.340289 3.081150 0.114619
v 0.318907 3.081150 0.166221
v 0.290138 3.081150 0.213123
v 0.254653 3.081150 0.254653
v 0.213123 3.081150 0.290138
v 0.166221 3.081150 0.318907
v 0.114619 3.081150 0.340289
v 0.058988 3.081150 0.353610
v 0.000000 3.081150 0.358200
v -0.058988 3.081150 0.353610
v -0.114619 3.081150 0.340289
v -0.166221 3.081150 0.318907
v -0.213123 3.081150 0.290138
v -0.254653 3.081150 0.254653
v -0.290138 3.081150 0.213123
v -0.318907 3.081150 0.166221
v -0.340289 3.081150 0.114619
v -0.353610 3.081150 0.058988
v -0.358200 3.081150 -0.000000
v -0.353610 3.081150 -0.058988
v -0.340289 3.081150 -0.114619
v -0.318907 3.081150 -0.166221
v -0.290138 3.081150 -0.213123
v -0.254653 3.081150 -0.254653
v -0.213123 3.081150 -0.290138
v -0.166221 3.081150 -0.318907
v -0.114676 3.034800 -0.340477
v -0.166306 3.034800 -0.319082
v -0.059016 3.034800 -0.353807
v 0.000000 3.034800 -0.358400
v 0.059016 3.034800 -0.353807
v 0.114676 3.034800 -0.340477
v 0.166306 3.034800 -0.319082
v 0.213234 3.034800 -0.290295
v 0.254788 3.034800 -0.254788
v 0.290295 3.034800 -0.213234
v 0.319082 3.034800 -0.166306
v 0.340477 3.034800 -0.114676
v 0.353807 3.034800 -0.059016
v 0.358400 3.034800 -0.000000
v 0.353807 3.034800 0.059016
v 0.340477 3.034800 0.114676
v 0.319082 3.034800 0.166306
v 0.290295 3.034800 0.213234
v 0.254788 3.034800 0.254788
v 0.213234 3.034800 0.290295
v 0.166306 3.034800 0.319082
v 0.114676 3.034800 0.340477
v 0.059016 3.034800 0.353807
v 0.000000 3.034800 0.358400
v -0.059016 3.034800 0.353807
v -0.114676 3.034800 0.340477
v -0.166306 3.034800 0.319082
v -0.213234 3.034800 0.290295
v -0.254788 3.034800 0.254788
v -0.290295 3.034800 0.213234
v -0.319082 3.034800 0.166306
v -0.340477 3.034800 0.114676
v -0.353807 3.034800 0.059016
v -0.358400 3.034800 -0.000000
v -0.353807 3.034800 -0.059016
v -0.340477 3.034800 -0.114676
v -0.319082 3.034800 -0.166306
v -0.290295 3.034800 -0.213234
v -0.254788 3.034800 -0.254788
v -0.213234 3.034800 -0.290295
v -0.150793 2.981250 -0.289340
v -0.193348 2.981250 -0.263232
v -0.103976 2.981250 -0.308744
v -0.053508 2.981250 -0.320834
v 0.000000 2.981250 -0.325000
v 0.053508 2.981250 -0.320834
v 0.103976 2.981250 -0.308744
v 0.150793 2.981250 -0.289340
v 0.193348 2.981250 -0.263232
v 0.231031 2.981250 -0.231031
v 0.263232 2.981250 -0.193348
v 0.289340 2.981250 -0.150793
v 0.308744 2.981250 -0.103976
v 0.320834 2.981250 -0.053508
v 0.325000 2.981250 -0.000000
v 0.320834 2.981250 0.053508
v 0.308744 2.981250 0.103976
v 0.289340 2.981250 0.150793
v 0.263232 2.981250 0.193348
v 0.231031 2.981250 0.231031
v 0.193348 2.981250 0.263232
v 0.150793 2.981250 0.289340
v 0.103976 2.981250 0.308744
v 0.053508 2.981250 0.320834
v 0.000000 2.981250 0.325000
v -0.053508 2.981250 0.320834
v -0.103976 2.981250 0.308744
v -0.150793 2.981250 0.289340
v -0.193348 2.981250 0.263232
v -0.231031 2.981250 0.231031
v -0.263232 2.981250 0.193348
v -0.289340 2.981250 0.150793
v -0.308744 2.981250 0.103976
v -0.320834 2.981250 0.053508
v -0.325000 2.981250 -0.000000
v -0.320834 2.981250 -0.053508
v -0.308744 2.981250 -0.103976
v -0.289340 2.981250 -0.150793
v -0.263232 2.981250 -0.193348
v -0.231031 2.981250 -0.231031
v -0.162745 2.923200 -0.221585
v -0.194472 2.923200 -0.194472
v -0.126920 2.923200 -0.243569
v -0.087510 2.923200 -0.259910
v -0.045032 2.923200 -0.270092
v 0.000000 2.923200 -0.273600
v 0.045032 2.923200 -0.270092
v 0.087510 2.923200 -0.259910
v 0.126920 2.923200 -0.243569
v 0.162745 2.923200 -0.221585
v 0.194472 2.923200 -0.194472
v 0.221585 2.923200 -0.162745
v 0.243569 2.923200 -0.126920
v 0.259910 2.923200 -0.087511
v 0.270092 2.923200 -0.045033
v 0.273600 2.923200 -0.000000
v 0.270092 2.923200 0.045032
v 0.259910 2.923200 0.087510
v 0.243569 2.923200 0.126920
v 0.221585 2.923200 0.162745
v 0.194472 2.923200 0.194472
v 0.162745 2.923200 0.221585
v 0.126920 2.923200 0.243569
v 0.087510 2.923200 0.259910
v 0.045032 2.923200 0.270092
v 0.000000 2.923200 0.273600
v -0.045032 2.923200 0.270092
v -0.087510 2.923200 0.259910
v -0.126920 2.923200 0.243569
v -0.162745 2.923200 0.221585
v -0.194472 2.923200 0.194472
v -0.221585 2.923200 0.162745
v -0.243569 2.923200 0.126920
v -0.259910 2.923200 0.087510
v -0.270092 2.923200 0.045032
v -0.273600 2.923200 -0.000000
v -0.270092 2.923200 -0.045033
v -0.259910 2.923200 -0.087511
v -0.243569 2.923200 -0.126920
v -0.221585 2.923200 -0.162745
v -0.156200 2.863350 -0.156200
v -0.177989 2.863350 -0.130707
v -0.130707 2.863350 -0.177989
v -0.101925 2.863350 -0.195658
v -0.070270 2.863350 -0.208794
v -0.036157 2.863350 -0.216979
v 0.000000 2.863350 -0.219800
v 0.036157 2.863350 -0.216979
v 0.070270 2.863350 -0.208794
v 0.101925 2.863350 -0.195658
v 0.130707 2.863350 -0.177989
v 0.156200 2.863350 -0.156200
v 0.177989 2.863350 -0.130707
v 0.195658 2.863350 -0.101925
v 0.208794 2.863350 -0.070270
v 0.216979 2.863350 -0.036157
v 0.219800 2.863350 -0.000000
v 0.216979 2.863350 0.036156
v 0.208794 2.863350 0.070270
v 0.195658 2.863350 0.101925
v 0.177989 2.863350 0.130707
v 0.156200 2.863350 0.156200
v 0.130707 2.863350 0.177989
v 0.101925 2.863350 0.195658
v 0.070270 2.863350 0.208794
v 0.036157 2.863350 0.216979
v 0.000000 2.863350 0.219800
v -0.036157 2.863350 0.216979
v -0.070270 2.863350 0.208794
v -0.101925 2.863350 0.195658
v -0.130707 2.863350 0.177989
v -0.156200 2.863350 0.156200
v -0.177989 2.863350 0.130707
v -0.195658 2.863350 0.101925
v -0.208794 2.863350 0.070270
v -0.216979 2.863350 0.036156
v -0.219800 2.863350 -0.000000
v -0.216979 2.863350 -0.036157
v -0.208794 2.863350 -0.070270
v -0.195658 2.863350 -0.101925
v -0.145078 2.804400 -0.106513
v -0.159496 2.804400 -0.083047
v -0.127304 2.804400 -0.127304
v -0.106513 2.804400 -0.145078
v -0.083047 2.804400 -0.159496
v -0.057246 2.804400 -0.170215
v -0.029450 2.804400 -0.176897
v 0.000000 2.804400 -0.179200
v 0.029450 2.804400 -0.176897
v 0.057246 2.804400 -0.170215
v 0.083047 2.804400 -0.159496
v 0.106513 2.804400 -0.145078
v 0.127304 2.804400 -0.127304
v 0.145078 2.804400 -0.106513
v 0.159496 2.804400 -0.083047
v 0.170215 2.804400 -0.057246
v 0.176897 2.804400 -0.029450
v 0.179200 2.804400 -0.000000
v 0.176897 2.804400 0.029450
v 0.170215 2.804400 0.057245
v 0.159496 2.804400 0.083047
v 0.145078 2.804400 0.106513
v 0.127304 2.804400 0.127304
v 0.106513 2.804400 0.145078
v 0.083047 2.804400 0.159496
v 0.057246 2.804400 0.170215
v 0.029450 2.804400 0.176897
v 0.000000 2.804400 0.179200
v -0.029450 2.804400 0.176897
v -0.057246 2.804400 0.170215
v -0.083047 2.804400 0.159496
v -0.106513 2.804400 0.145078
v -0.127304 2.804400 0.127304
v -0.145078 2.804400 0.106513
v -0.159496 2.804400 0.083047
v -0.170215 2.804400 0.057245
v -0.176897 2.804400 0.029450
v -0.179200 2.804400 -0.000000
v -0.176897 2.804400 -0.029450
v -0.170215 2.804400 -0.057246
v -0.148969 2.749050 -0.077524
v -0.158995 2.749050 -0.053428
v -0.135489 2.749050 -0.099446
v -0.118874 2.749050 -0.118874
v -0.099445 2.749050 -0.135489
v -0.077523 2.749050 -0.148969
v -0.053428 2.749050 -0.158995
v -0.027480 2.749050 -0.165245
v 0.000000 2.749050 -0.167400
v 0.027480 2.749050 -0.165245
v 0.053428 2.749050 -0.158995
v 0.077523 2.749050 -0.148969
v 0.099445 2.749050 -0.135489
v 0.118874 2.749050 -0.118874
v 0.135489 2.749050 -0.099446
v 0.148969 2.749050 -0.077524
v 0.158995 2.749050 -0.053428
v 0.165245 2.749050 -0.027480
v 0.167400 2.749050 -0.000000
v 0.165245 2.749050 0.027480
v 0.158995 2.749050 0.053428
v 0.148969 2.749050 0.077523
v 0.135489 2.749050 0.099445
v 0.118874 2.749050 0.118874
v 0.099445 2.749050 0.135489
v 0.077523 2.749050 0.148969
v 0.053428 2.749050 0.158995
v 0.027480 2.749050 0.165245
v 0.000000 2.749050 0.167400
v -0.027480 2.749050 0.165245
v -0.053428 2.749050 0.158995
v -0.077523 2.749050 0.148969
v -0.099445 2.749050 0.135489
v -0.118874 2.749050 0.118874
v -0.135489 2.749050 0.099445
v -0.148969 2.749050 0.077523
v -0.158995 2.749050 0.053428
v -0.165245 2.749050 0.027480
v -0.167400 2.749050 -0.000000
v -0.165245 2.749050 -0.027480
v -0.189952 2.700000 -0.063808
v -0.197424 2.700000 -0.032816
v -0.177968 2.700000 -0.092592
v -0.161856 2.700000 -0.118784
v -0.142000 2.700000 -0.142000
v -0.118784 2.700000 -0.161856
v -0.092592 2.700000 -0.177968
v -0.063808 2.700000 -0.189952
v -0.032816 2.700000 -0.197424
v 0.000000 2.700000 -0.200000
v 0.032816 2.700000 -0.197424
v 0.063808 2.700000 -0.189952
v 0.092592 2.700000 -0.177968
v 0.118784 2.700000 -0.161856
v 0.142000 2.700000 -0.142000
v 0.161856 2.700000 -0.118784
v 0.177968 2.700000 -0.092592
v 0.189952 2.700000 -0.063808
v 0.197424 2.700000 -0.032816
v 0.200000 2.700000 -0.000000
v 0.197424 2.700000 0.032816
v 0.189952 2.700000 0.063808
v 0.177968 2.700000 0.092592
v 0.161856 2.700000 0.118784
v 0.142000 2.700000 0.142000
v 0.118784 2.700000 0.161856
v 0.092592 2.700000 0.177968
v 0.063808 2.700000 0.189952
v 0.032816 2.700000 0.197424
v 0.000000 2.700000 0.200000
v -0.032816 2.700000 0.197424
v -0.063808 2.700000 0.189952
v -0.092592 2.700000 0.177968
v -0.118784 2.700000 0.161856
v -0.142000 2.700000 0.142000
v -0.161856 2.700000 0.118784
v -0.177968 2.700000 0.092592
v -0.189952 2.700000 0.063808
v -0.197424 2.700000 0.032816
v -0.200000 2.700000 -0.000000
v -0.275801 2.659200 -0.045844
v -0.279400 2.659200 -0.000000
v -0.265363 2.659200 -0.089140
v -0.248621 2.659200 -0.129351
v -0.226113 2.659200 -0.165941
v -0.198374 2.659200 -0.198374
v -0.165941 2.659200 -0.226113
v -0.129351 2.659200 -0.248621
v -0.089140 2.659200 -0.265363
v -0.045844 2.659200 -0.275801
v 0.000000 2.659200 -0.279400
v 0.045844 2.659200 -0.275801
v 0.089140 2.659200 -0.265363
v 0.129351 2.659200 -0.248621
v 0.165941 2.659200 -0.226113
v 0.198374 2.659200 -0.198374
v 0.226113 2.659200 -0.165941
v 0.248621 2.659200 -0.129351
v 0.265363 2.659200 -0.089140
v 0.275801 2.659200 -0.045844
v 0.279400 2.659200 -0.000000
v 0.275801 2.659200 0.045844
v 0.265363 2.659200 0.089140
v 0.248621 2.659200 0.129351
v 0.226113 2.659200 0.165941
v 0.198374 2.659200 0.198374
v 0.165941 2.659200 0.226113
v 0.129351 2.659200 0.248621
v 0.089140 2.659200 0.265363
v 0.045844 2.659200 0.275801
v 0.000000 2.659200 0.279400
v -0.045844 2.659200 0.275801
v -0.089140 2.659200 0.265363
v -0.129351 2.659200 0.248621
v -0.165941 2.659200 0.226113
v -0.198374 2.659200 0.198374
v -0.226113 2.659200 0.165941
v -0.248621 2.659200 0.129351
v -0.265363 2.659200 0.089140
v -0.275801 2.659200 0.045844
v -0.391200 2.625600 -0.000000
v -0.386161 2.625600 0.064188
v -0.386161 2.625600 -0.064188
v -0.371546 2.625600 -0.124808
v -0.348105 2.625600 -0.181110
v -0.316590 2.625600 -0.232342
v -0.277752 2.625600 -0.277752
v -0.232342 2.625600 -0.316590
v -0.181110 2.625600 -0.348105
v -0.124808 2.625600 -0.371546
v -0.064188 2.625600 -0.386161
v 0.000000 2.625600 -0.391200
v 0.064188 2.625600 -0.386161
v 0.124808 2.625600 -0.371546
v 0.181110 2.625600 -0.348105
v 0.232342 2.625600 -0.316590
v 0.277752 2.625600 -0.277752
v 0.316590 2.625600 -0.232342
v 0.348105 2.625600 -0.181110
v 0.371546 2.625600 -0.124808
v 0.386161 2.625600 -0.064188
v 0.391200 2.625600 -0.000000
v 0.386161 2.625600 0.064188
v 0.371546 2.625600 0.124808
v 0.348105 2.625600 0.181110
v 0.316590 2.625600 0.232342
v 0.277752 2.625600 0.277752
v 0.232342 2.625600 0.316590
v 0.181110 2.625600 0.348105
v 0.124808 2.625600 0.371546
v 0.064188 2.625600 0.386161
v 0.000000 2.625600 0.391200
v -0.064188 2.625600 0.386161
v -0.124808 2.625600 0.371546
v -0.181110 2.625600 0.348105
v -0.232342 2.625600 0.316590
v -0.277752 2.625600 0.277752
v -0.316590 2.625600 0.232342
v -0.348105 2.625600 0.181110
v -0.371546 2.625600 0.124808
v -0.519028 2.597400 0.086273
v -0.499384 2.597400 0.167751
v -0.525800 2.597400 -0.000000
v -0.519028 2.597400 -0.086273
v -0.499384 2.597400 -0.167751
v -0.467878 2.597400 -0.243424
v -0.425519 2.597400 -0.312283
v -0.373318 2.597400 -0.373318
v -0.312283 2.597400 -0.425519
v -0.243424 2.597400 -0.467878
v -0.167751 2.597400 -0.499384
v -0.086273 2.597400 -0.519028
v 0.000000 2.597400 -0.525800
v 0.086273 2.597400 -0.519028
v 0.167751 2.597400 -0.499384
v 0.243424 2.597400 -0.467878
v 0.312283 2.597400 -0.425519
v 0.373318 2.597400 -0.373318
v 0.425519 2.597400 -0.312283
v 0.467878 2.597400 -0.243424
v 0.499384 2.597400 -0.167751
v 0.519028 2.597400 -0.086273
v 0.525800 2.597400 -0.000000
v 0.519028 2.597400 0.086273
v 0.499384 2.597400 0.167751
v 0.467878 2.597400 0.243424
v 0.425519 2.597400 0.312283
v 0.373318 2.597400 0.373318
v 0.312283 2.597400 0.425519
v 0.243424 2.597400 0.467878
v 0.167751 2.597400 0.499384
v 0.086273 2.597400 0.519028
v 0.000000 2.597400 0.525800
v -0.086273 2.597400 0.519028
v -0.167751 2.597400 0.499384
v -0.243424 2.597400 0.467878
v -0.312283 2.597400 0.425519
v -0.373318 2.597400 0.373318
v -0.425519 2.597400 0.312283
v -0.467878 2.597400 0.243424
v -0.639758 2.572800 0.214905
v -0.599396 2.572800 0.311850
v -0.664924 2.572800 0.110524
v -0.673600 2.572800 -0.000000
v -0.664924 2.572800 -0.110524
v -0.639758 2.572800 -0.214905
v -0.599396 2.572800 -0.311850
v -0.545131 2.572800 -0.400065
v -0.478256 2.572800 -0.478256
v -0.400065 2.572800 -0.545131
v -0.311850 2.572800 -0.599396
v -0.214905 2.572800 -0.639758
v -0.110524 2.572800 -0.664924
v 0.000000 2.572800 -0.673600
v 0.110524 2.572800 -0.664924
v 0.214905 2.572800 -0.639758
v 0.311850 2.572800 -0.599396
v 0.400065 2.572800 -0.545131
v 0.478256 2.572800 -0.478256
v 0.545131 2.572800 -0.400065
v 0.599396 2.572800 -0.311850
v 0.639758 2.572800 -0.214905
v 0.664924 2.572800 -0.110524
v 0.673600 2.572800 -0.000000
v 0.664924 2.572800 0.110524
v 0.639758 2.572800 0.214905
v 0.599396 2.572800 0.311850
v 0.545131 2.572800 0.400065
v 0.478256 2.572800 0.478256
v 0.400065 2.572800 0.545131
v 0.311850 2.572800 0.599396
v 0.214905 2.572800 0.639758
v 0.110524 2.572800 0.664924
v 0.000000 2.572800 0.673600
v -0.110524 2.572800 0.664924
v -0.214905 2.572800 0.639758
v -0.311850 2.572800 0.599396
v -0.400065 2.572800 0.545131
v -0.478256 2.572800 0.478256
v -0.545131 2.572800 0.400065
v -0.734118 2.550000 0.381942
v -0.667656 2.550000 0.489984
v -0.783552 2.550000 0.263208
v -0.814374 2.550000 0.135366
v -0.825000 2.550000 -0.000000
v -0.814374 2.550000 -0.135366
v -0.783552 2.550000 -0.263208
v -0.734118 2.550000 -0.381942
v -0.667656 2.550000 -0.489984
v -0.585750 2.550000 -0.585750
v -0.489984 2.550000 -0.667656
v -0.381942 2.550000 -0.734118
v -0.263208 2.550000 -0.783552
v -0.135366 2.550000 -0.814374
v 0.000000 2.550000 -0.825000
v 0.135366 2.550000 -0.814374
v 0.263208 2.550000 -0.783552
v 0.381942 2.550000 -0.734118
v 0.489984 2.550000 -0.667656
v 0.585750 2.550000 -0.585750
v 0.667656 2.550000 -0.489984
v 0.734118 2.550000 -0.381942
v 0.783552 2.550000 -0.263208
v 0.814374 2.550000 -0.135366
v 0.825000 2.550000 -0.000000
v 0.814374 2.550000 0.135366
v 0.783552 2.550000 0.263208
v 0.734118 2.550000 0.381942
v 0.667656 2.550000 0.489984
v 0.585750 2.550000 0.585750
v 0.489984 2.550000 0.667656
v 0.381942 2.550000 0.734118
v 0.263208 2.550000 0.783552
v 0.135366 2.550000 0.814374
v 0.000000 2.550000 0.825000
v -0.135366 2.550000 0.814374
v -0.263208 2.550000 0.783552
v -0.381942 2.550000 0.734118
v -0.489984 2.550000 0.667656
v -0.585750 2.550000 0.585750
v -0.785325 2.527200 0.576340
v -0.688984 2.527200 0.688984
v -0.863501 2.527200 0.449256
v -0.921647 2.527200 0.309596
v -0.957901 2.527200 0.159223
v -0.970400 2.527200 -0.000000
v -0.957901 2.527200 -0.159223
v -0.921647 2.527200 -0.309596
v -0.863501 2.527200 -0.449256
v -0.785325 2.527200 -0.576340
v -0.688984 2.527200 -0.688984
v -0.576340 2.527200 -0.785325
v -0.449256 2.527200 -0.863501
v -0.309596 2.527200 -0.921647
v -0.159223 2.527200 -0.957901
v 0.000000 2.527200 -0.970400
v 0.159223 2.527200 -0.957901
v 0.309596 2.527200 -0.921647
v 0.449256 2.527200 -0.863501
v 0.576340 2.527200 -0.785325
v 0.688984 2.527200 -0.688984
v 0.785325 2.527200 -0.576340
v 0.863501 2.527200 -0.449256
v 0.921647 2.527200 -0.309596
v 0.957901 2.527200 -0.159223
v 0.970400 2.527200 -0.000000
v 0.957901 2.527200 0.159223
v 0.921647 2.527200 0.309596
v 0.863501 2.527200 0.449256
v 0.785325 2.527200 0.576340
v 0.688984 2.527200 0.688984
v 0.576340 2.527200 0.785325
v 0.449256 2.527200 0.863501
v 0.309596 2.527200 0.921647
v 0.159223 2.527200 0.957901
v 0.000000 2.527200 0.970400
v -0.159223 2.527200 0.957901
v -0.309596 2.527200 0.921647
v -0.449256 2.527200 0.863501
v -0.576340 2.527200 0.785325
v -0.781142 2.502600 0.781142
v -0.653431 2.502600 0.890370
v -0.890370 2.502600 0.653431
v -0.979002 2.502600 0.509349
v -1.044930 2.502600 0.351008
v -1.086030 2.502600 0.180521
v -1.100200 2.502600 -0.000000
v -1.086030 2.502600 -0.180521
v -1.044930 2.502600 -0.351008
v -0.979002 2.502600 -0.509349
v -0.890370 2.502600 -0.653431
v -0.781142 2.502600 -0.781142
v -0.653431 2.502600 -0.890370
v -0.509349 2.502600 -0.979002
v -0.351008 2.502600 -1.044930
v -0.180521 2.502600 -1.086030
v 0.000000 2.502600 -1.100200
v 0.180521 2.502600 -1.086030
v 0.351008 2.502600 -1.044930
v 0.509349 2.502600 -0.979002
v 0.653431 2.502600 -0.890370
v 0.781142 2.502600 -0.781142
v 0.890370 2.502600 -0.653431
v 0.979002 2.502600 -0.509349
v 1.044930 2.502600 -0.351008
v 1.086030 2.502600 -0.180521
v 1.100200 2.502600 -0.000000
v 1.086030 2.502600 0.180521
v 1.044930 2.502600 0.351008
v 0.979002 2.502600 0.509349
v 0.890370 2.502600 0.653431
v 0.781142 2.502600 0.781142
v 0.653431 2.502600 0.890370
v 0.509349 2.502600 0.979002
v 0.351008 2.502600 1.044930
v 0.180521 2.502600 1.086030
v 0.000000 2.502600 1.100200
v -0.180521 2.502600 1.086030
v -0.351008 2.502600 1.044930
v -0.509349 2.502600 0.979002
v -0.715555 2.474400 0.975021
v -0.557774 2.474400 1.072080
v -0.855408 2.474400 0.855408
v -0.975021 2.474400 0.715555
v -1.072080 2.474400 0.557774
v -1.144270 2.474400 0.384379
v -1.189280 2.474400 0.197684
v -1.204800 2.474400 -0.000000
v -1.189280 2.474400 -0.197684
v -1.144270 2.474400 -0.384379
v -1.072080 2.474400 -0.557774
v -0.975021 2.474400 -0.715555
v -0.855408 2.474400 -0.855408
v -0.715555 2.474400 -0.975021
v -0.557774 2.474400 -1.072080
v -0.384379 2.474400 -1.144270
v -0.197684 2.474400 -1.189280
v 0.000000 2.474400 -1.204800
v 0.197684 2.474400 -1.189280
v 0.384379 2.474400 -1.144270
v 0.557774 2.474400 -1.072080
v 0.715555 2.474400 -0.975021
v 0.855408 2.474400 -0.855408
v 0.975021 2.474400 -0.715555
v 1.072080 2.474400 -0.557774
v 1.144270 2.474400 -0.384379
v 1.189280 2.474400 -0.197684
v 1.204800 2.474400 -0.000000
v 1.189280 2.474400 0.197684
v 1.144270 2.474400 0.384379
v 1.072080 2.474400 0.557774
v 0.975021 2.474400 0.715555
v 0.855408 2.474400 0.855408
v 0.715555 2.474400 0.975021
v 0.557774 2.474400 1.072080
v 0.384379 2.474400 1.144270
v 0.197684 2.474400 1.189280
v 0.000000 2.474400 1.204800
v -0.197684 2.474400 1.189280
v -0.384379 2.474400 1.144270
v -0.590089 2.440800 1.134190
v -0.406648 2.440800 1.210560
v -0.757010 2.440800 1.031510
v -0.904966 2.440800 0.904966
v -1.031510 2.440800 0.757010
v -1.134190 2.440800 0.590089
v -1.210560 2.440800 0.406648
v -1.258180 2.440800 0.209136
v -1.274600 2.440800 -0.000000
v -1.258180 2.440800 -0.209136
v -1.210560 2.440800 -0.406648
v -1.134190 2.440800 -0.590089
v -1.031510 2.440800 -0.757010
v -0.904966 2.440800 -0.904966
v -0.757010 2.440800 -1.031510
v -0.590089 2.440800 -1.134190
v -0.406648 2.440800 -1.210560
v -0.209136 2.440800 -1.258180
v 0.000000 2.440800 -1.274600
v 0.209136 2.440800 -1.258180
v 0.406648 2.440800 -1.210560
v 0.590089 2.440800 -1.134190
v 0.757010 2.440800 -1.031510
v 0.904966 2.440800 -0.904966
v 1.031510 2.440800 -0.757010
v 1.134190 2.440800 -0.590089
v 1.210560 2.440800 -0.406648
v 1.258180 2.440800 -0.209136
v 1.274600 2.440800 -0.000000
v 1.258180 2.440800 0.209136
v 1.210560 2.440800 0.406648
v 1.134190 2.440800 0.590089
v 1.031510 2.440800 0.757010
v 0.904966 2.440800 0.904966
v 0.757010 2.440800 1.031510
v 0.590089 2.440800 1.134190
v 0.406648 2.440800 1.210560
v 0.209136 2.440800 1.258180
v 0.000000 2.440800 1.274600
v -0.209136 2.440800 1.258180
v -0.414752 2.400000 1.234690
v -0.213304 2.400000 1.283260
v -0.601848 2.400000 1.156790
v -0.772096 2.400000 1.052060
v -0.923000 2.400000 0.923000
v -1.052060 2.400000 0.772096
v -1.156790 2.400000 0.601848
v -1.234690 2.400000 0.414752
v -1.283260 2.400000 0.213304
v -1.300000 2.400000 -0.000000
v -1.283260 2.400000 -0.213304
v -1.234690 2.400000 -0.414752
v -1.156790 2.400000 -0.601848
v -1.052060 2.400000 -0.772096
v -0.923000 2.400000 -0.923000
v -0.772096 2.400000 -1.052060
v -0.601848 2.400000 -1.156790
v -0.414752 2.400000 -1.234690
v -0.213304 2.400000 -1.283260
v 0.000000 2.400000 -1.300000
v 0.213304 2.400000 -1.283260
v 0.414752 2.400000 -1.234690
v 0.601848 2.400000 -1.156790
v 0.772096 2.400000 -1.052060
v 0.923000 2.400000 -0.923000
v 1.052060 2.400000 -0.772096
v 1.156790 2.400000 -0.601848
v 1.234690 2.400000 -0.414752
v 1.283260 2.400000 -0.213304
v 1.300000 2.400000 -0.000000
v 1.283260 2.400000 0.213304
v 1.234690 2.400000 0.414752
v 1.156790 2.400000 0.601848
v 1.052060 2.400000 0.772096
v 0.923000 2.400000 0.923000
v 0.772096 2.400000 1.052060
v 0.601848 2.400000 1.156790
v 0.414752 2.400000 1.234690
v 0.213304 2.400000 1.283260
v 0.000000 2.400000 1.300000
v 0.000000 2.025000 1.600000
v 0.081000 2.031300 1.597200
v 0.081000 2.031070 1.800450
v 0.000000 2.024770 1.800900
v 0.144000 2.048400 1.589600
v 0.144000 2.048150 1.799250
v 0.189000 2.073600 1.578400
v 0.189000 2.073330 1.797470
v 0.216000 2.104200 1.564800
v 0.216000 2.103900 1.795300
v 0.225000 2.137500 1.550000
v 0.225000 2.137160 1.792950
v 0.216000 2.170800 1.535200
v 0.216000 2.170430 1.790600
v 0.189000 2.201400 1.521600
v 0.189000 2.201000 1.788430
v 0.144000 2.226600 1.510400
v 0.144000 2.226170 1.786650
v 0.081000 2.243700 1.502800
v 0.081000 2.243260 1.785450
v 0.000000 2.250000 1.500000
v 0.000000 2.249550 1.785000
v -0.081000 2.243260 1.785450
v -0.081000 2.243700 1.502800
v -0.081000 2.240150 2.038410
v 0.000000 2.246400 2.040000
v -0.081000 2.231720 2.261680
v 0.000000 2.237850 2.265000
v -0.081000 2.215300 2.455230
v 0.000000 2.221200 2.460000
v -0.081000 2.188240 2.619050
v 0.000000 2.193750 2.625000
v -0.081000 2.147860 2.753120
v 0.000000 2.152800 2.760000
v -0.081000 2.091510 2.857430
v 0.000000 2.095650 2.865000
v -0.081000 2.016530 2.931960
v 0.000000 2.019600 2.940000
v -0.081000 1.920240 2.976690
v 0.000000 1.921950 2.985000
v -0.081000 1.800000 2.991600
v 0.000000 1.800000 3.000000
v -0.081000 1.667840 2.981170
v 0.000000 1.666160 2.989450
v -0.081000 1.537790 2.949690
v 0.000000 1.534800 2.957600
v -0.081000 1.410130 2.896850
v 0.000000 1.406140 2.904150
v -0.081000 1.285170 2.822330
v 0.000000 1.280400 2.828800
v -0.081000 1.163190 2.725830
v 0.000000 1.157810 2.731250
v -0.081000 1.044500 2.607030
v 0.000000 1.038600 2.611200
v -0.081000 0.929375 2.465640
v 0.000000 0.922988 2.468350
v -0.081000 0.818122 2.301350
v 0.000000 0.811200 2.302400
v -0.081000 0.711032 2.113840
v 0.000000 0.703463 2.113050
v -0.081000 0.608400 1.902800
v 0.000000 0.600000 1.900000
v 0.081000 0.711032 2.113840
v 0.081000 0.608400 1.902800
v 0.081000 0.818122 2.301350
v 0.081000 0.929375 2.465640
v 0.081000 1.044500 2.607030
v 0.081000 1.163190 2.725830
v 0.081000 1.285170 2.822330
v 0.081000 1.410130 2.896850
v 0.081000 1.537790 2.949690
v 0.081000 1.667840 2.981170
v 0.081000 1.800000 2.991600
v 0.081000 1.920240 2.976690
v 0.081000 2.016530 2.931960
v 0.081000 2.091510 2.857430
v 0.081000 2.147860 2.753120
v 0.081000 2.188240 2.619050
v 0.081000 2.215300 2.455230
v 0.081000 2.231720 2.261680
v 0.081000 2.240150 2.038410
v 0.144000 2.223190 2.034090
v 0.144000 2.215080 2.252660
v 0.144000 2.199300 2.442280
v 0.144000 2.173280 2.602900
v 0.144000 2.134450 2.734460
v 0.144000 2.080280 2.836890
v 0.144000 2.008180 2.910130
v 0.144000 1.915610 2.954120
v 0.144000 1.800000 2.968800
v 0.144000 1.672410 2.958710
v 0.144000 1.545910 2.928230
v 0.144000 1.420980 2.877020
v 0.144000 1.298120 2.804760
v 0.144000 1.177800 2.711100
v 0.144000 1.060500 2.595720
v 0.144000 0.946711 2.458300
v 0.144000 0.836909 2.298490
v 0.144000 0.731578 2.115970
v 0.144000 0.631200 1.910400
v 0.189000 0.761855 2.119110
v 0.189000 0.664800 1.921600
v 0.189000 0.864595 2.294280
v 0.189000 0.972260 2.447470
v 0.189000 1.084090 2.579060
v 0.189000 1.199320 2.689400
v 0.189000 1.317210 2.778860
v 0.189000 1.436970 2.847810
v 0.189000 1.557870 2.896600
v 0.189000 1.679130 2.925610
v 0.189000 1.800000 2.935200
v 0.189000 1.908780 2.920870
v 0.189000 1.995880 2.877960
v 0.189000 2.063720 2.806620
v 0.189000 2.114700 2.706950
v 0.189000 2.151230 2.579100
v 0.189000 2.175710 2.423190
v 0.189000 2.190560 2.239360
v 0.189000 2.198190 2.027730
v 0.216000 2.167830 2.020010
v 0.216000 2.160790 2.223220
v 0.216000 2.147070 2.400020
v 0.216000 2.124450 2.550200
v 0.216000 2.090710 2.673550
v 0.216000 2.043620 2.769850
v 0.216000 1.980950 2.838910
v 0.216000 1.900490 2.880490
v 0.216000 1.800000 2.894400
v 0.216000 1.687300 2.885420
v 0.216000 1.572390 2.858200
v 0.216000 1.456390 2.812330
v 0.216000 1.340380 2.747420
v 0.216000 1.225460 2.663050
v 0.216000 1.112730 2.558820
v 0.216000 1.003280 2.434330
v 0.216000 0.898214 2.289160
v 0.216000 0.798621 2.122920
v 0.216000 0.705600 1.935200
v 0.225000 0.838631 2.127080
v 0.225000 0.750000 1.950000
v 0.225000 0.934800 2.283600
v 0.225000 1.037040 2.420020
v 0.225000 1.143900 2.536800
v 0.225000 1.253910 2.634370
v 0.225000 1.365600 2.713200
v 0.225000 1.477520 2.773730
v 0.225000 1.588200 2.816400
v 0.225000 1.696180 2.841680
v 0.225000 1.800000 2.850000
v 0.225000 1.891460 2.836550
v 0.225000 1.964700 2.796400
v 0.225000 2.021740 2.729850
v 0.225000 2.064600 2.637200
v 0.225000 2.095310 2.518750
v 0.225000 2.115900 2.374800
v 0.225000 2.128390 2.205650
v 0.225000 2.134800 2.011600
v 0.216000 2.101770 2.003190
v 0.216000 2.095990 2.188080
v 0.216000 2.084730 2.349580
v 0.216000 2.066180 2.487300
v 0.216000 2.038490 2.600850
v 0.216000 1.999860 2.689850
v 0.216000 1.948450 2.753890
v 0.216000 1.882440 2.792610
v 0.216000 1.800000 2.805600
v 0.216000 1.705070 2.797930
v 0.216000 1.604010 2.774600
v 0.216000 1.498650 2.735120
v 0.216000 1.390820 2.678980
v 0.216000 1.282350 2.605700
v 0.216000 1.175070 2.514780
v 0.216000 1.070800 2.405720
v 0.216000 0.971386 2.278040
v 0.216000 0.878641 2.131230
v 0.216000 0.794400 1.964800
v 0.189000 0.915407 2.135040
v 0.189000 0.835200 1.978400
v 0.189000 1.005000 2.272920
v 0.189000 1.101830 2.392580
v 0.189000 1.203710 2.494540
v 0.189000 1.308490 2.579350
v 0.189000 1.413990 2.647540
v 0.189000 1.518060 2.699640
v 0.189000 1.618530 2.736200
v 0.189000 1.713230 2.757740
v 0.189000 1.800000 2.764800
v 0.189000 1.874150 2.752230
v 0.189000 1.933520 2.714840
v 0.189000 1.979760 2.653080
v 0.189000 2.014500 2.567450
v 0.189000 2.039400 2.458400
v 0.189000 2.056090 2.326410
v 0.189000 2.066210 2.171940
v 0.189000 2.071410 1.995470
v 0.144000 2.046410 1.989110
v 0.144000 2.041690 2.158640
v 0.144000 2.032500 2.307320
v 0.144000 2.017350 2.434600
v 0.144000 1.994750 2.539940
v 0.144000 1.963200 2.622810
v 0.144000 1.921220 2.682670
v 0.144000 1.867320 2.718980
v 0.144000 1.800000 2.731200
v 0.144000 1.719960 2.724640
v 0.144000 1.630490 2.704570
v 0.144000 1.534050 2.670430
v 0.144000 1.433080 2.621640
v 0.144000 1.330010 2.557650
v 0.144000 1.227300 2.477880
v 0.144000 1.127380 2.381750
v 0.144000 1.032690 2.268710
v 0.144000 0.945685 2.138180
v 0.144000 0.868800 1.989600
v 0.081000 0.966231 2.140310
v 0.081000 0.891600 1.997200
v 0.081000 1.051480 2.265850
v 0.081000 1.144710 2.374410
v 0.081000 1.243300 2.466570
v 0.081000 1.344620 2.542930
v 0.081000 1.446030 2.604070
v 0.081000 1.544900 2.650600
v 0.081000 1.638610 2.683110
v 0.081000 1.724520 2.702180
v 0.081000 1.800000 2.708400
v 0.081000 1.862680 2.696410
v 0.081000 1.912870 2.660840
v 0.081000 1.951960 2.602270
v 0.081000 1.981340 2.521280
v 0.081000 2.002390 2.418450
v 0.081000 2.016500 2.294370
v 0.081000 2.025050 2.149620
v 0.081000 2.029450 1.984790
v 0.000000 2.023200 1.983200
v 0.000000 2.018920 2.146300
v 0.000000 2.010600 2.289600
v 0.000000 1.996870 2.412500
v 0.000000 1.976400 2.514400
v 0.000000 1.947820 2.594700
v 0.000000 1.909800 2.652800
v 0.000000 1.860980 2.688100
v 0.000000 1.800000 2.700000
v 0.000000 1.726200 2.693900
v 0.000000 1.641600 2.675200
v 0.000000 1.548900 2.643300
v 0.000000 1.450800 2.597600
v 0.000000 1.350000 2.537500
v 0.000000 1.249200 2.462400
v 0.000000 1.151100 2.371700
v 0.000000 1.058400 2.264800
v 0.000000 0.973800 2.141100
v -0.081000 0.891600 1.997200
v -0.081000 0.966231 2.140310
v -0.144000 0.868800 1.989600
v -0.144000 0.945685 2.138180
v -0.189000 0.835200 1.978400
v -0.189000 0.915407 2.135040
v -0.216000 0.794400 1.964800
v -0.216000 0.878641 2.131230
v -0.225000 0.750000 1.950000
v -0.225000 0.838631 2.127080
v -0.216000 0.705600 1.935200
v -0.216000 0.798621 2.122920
v -0.189000 0.664800 1.921600
v -0.189000 0.761855 2.119110
v -0.144000 0.631200 1.910400
v -0.144000 0.731578 2.115970
v -0.144000 0.836909 2.298490
v -0.144000 0.946711 2.458300
v -0.144000 1.060500 2.595720
v -0.144000 1.177800 2.711100
v -0.144000 1.298120 2.804760
v -0.144000 1.420980 2.877020
v -0.144000 1.545910 2.928230
v -0.144000 1.672410 2.958710
v -0.144000 1.800000 2.968800
v -0.144000 1.915610 2.954120
v -0.144000 2.008180 2.910130
v -0.144000 2.080280 2.836890
v -0.144000 2.134450 2.734460
v -0.144000 2.173280 2.602900
v -0.144000 2.199300 2.442280
v -0.144000 2.215080 2.252660
v -0.144000 2.223190 2.034090
v -0.144000 2.226170 1.786650
v -0.144000 2.226600 1.510400
v -0.189000 2.201000 1.788430
v -0.189000 2.201400 1.521600
v -0.189000 2.198190 2.027730
v -0.189000 2.190560 2.239360
v -0.189000 2.175710 2.423190
v -0.189000 2.151230 2.579100
v -0.189000 2.114700 2.706950
v -0.189000 2.063720 2.806620
v -0.189000 1.995880 2.877960
v -0.189000 1.908780 2.920870
v -0.189000 1.800000 2.935200
v -0.189000 1.679130 2.925610
v -0.189000 1.557870 2.896600
v -0.189000 1.436970 2.847810
v -0.189000 1.317210 2.778860
v -0.189000 1.199320 2.689400
v -0.189000 1.084090 2.579060
v -0.189000 0.972260 2.447470
v -0.189000 0.864595 2.294280
v -0.216000 0.898214 2.289160
v -0.216000 1.003280 2.434330
v -0.216000 1.112730 2.558820
v -0.216000 1.225460 2.663050
v -0.216000 1.340380 2.747420
v -0.216000 1.456390 2.812330
v -0.216000 1.572390 2.858200
v -0.216000 1.687300 2.885420
v -0.216000 1.800000 2.894400
v -0.216000 1.900490 2.880490
v -0.216000 1.980950 2.838910
v -0.216000 2.043620 2.769850
v -0.216000 2.090710 2.673550
v -0.216000 2.124450 2.550200
v -0.216000 2.147070 2.400020
v -0.216000 2.160790 2.223220
v -0.216000 2.167830 2.020010
v -0.216000 2.170430 1.790600
v -0.216000 2.170800 1.535200
v -0.225000 2.137160 1.792950
v -0.225000 2.137500 1.550000
v -0.225000 2.134800 2.011600
v -0.225000 2.128390 2.205650
v -0.225000 2.115900 2.374800
v -0.225000 2.095310 2.518750
v -0.225000 2.064600 2.637200
v -0.225000 2.021740 2.729850
v -0.225000 1.964700 2.796400
v -0.225000 1.891460 2.836550
v -0.225000 1.800000 2.850000
v -0.225000 1.696180 2.841680
v -0.225000 1.588200 2.816400
v -0.225000 1.477520 2.773730
v -0.225000 1.365600 2.713200
v -0.225000 1.253910 2.634370
v -0.225000 1.143900 2.536800
v -0.225000 1.037040 2.420020
v -0.225000 0.934800 2.283600
v -0.216000 0.971386 2.278040
v -0.216000 1.070800 2.405720
v -0.216000 1.175070 2.514780
v -0.216000 1.282350 2.605700
v -0.216000 1.390820 2.678980
v -0.216000 1.498650 2.735120
v -0.216000 1.604010 2.774600
v -0.216000 1.705070 2.797930
v -0.216000 1.800000 2.805600
v -0.216000 1.882440 2.792610
v -0.216000 1.948450 2.753890
v -0.216000 1.999860 2.689850
v -0.216000 2.038490 2.600850
v -0.216000 2.066180 2.487300
v -0.216000 2.084730 2.349580
v -0.216000 2.095990 2.188080
v -0.216000 2.101770 2.003190
v -0.216000 2.103900 1.795300
v -0.216000 2.104200 1.564800
v -0.189000 2.073330 1.797470
v -0.189000 2.073600 1.578400
v -0.189000 2.071410 1.995470
v -0.189000 2.066210 2.171940
v -0.189000 2.056090 2.326410
v -0.189000 2.039400 2.458400
v -0.189000 2.014500 2.567450
v -0.189000 1.979760 2.653080
v -0.189000 1.933520 2.714840
v -0.189000 1.874150 2.752230
v -0.189000 1.800000 2.764800
v -0.189000 1.713230 2.757740
v -0.189000 1.618530 2.736200
v -0.189000 1.518060 2.699640
v -0.189000 1.413990 2.647540
v -0.189000 1.308490 2.579350
v -0.189000 1.203710 2.494540
v -0.189000 1.101830 2.392580
v -0.189000 1.005000 2.272920
v -0.144000 1.032690 2.268710
v -0.144000 1.127380 2.381750
v -0.144000 1.227300 2.477880
v -0.144000 1.330010 2.557650
v -0.144000 1.433080 2.621640
v -0.144000 1.534050 2.670430
v -0.144000 1.630490 2.704570
v -0.144000 1.719960 2.724640
v -0.144000 1.800000 2.731200
v -0.144000 1.867320 2.718980
v -0.144000 1.921220 2.682670
v -0.144000 1.963200 2.622810
v -0.144000 1.994750 2.539940
v -0.144000 2.017350 2.434600
v -0.144000 2.032500 2.307320
v -0.144000 2.041690 2.158640
v -0.144000 2.046410 1.989110
v -0.144000 2.048150 1.799250
v -0.144000 2.048400 1.589600
v -0.081000 2.031070 1.800450
v -0.081000 2.031300 1.597200
v -0.081000 2.029450 1.984790
v -0.081000 2.025050 2.149620
v -0.081000 2.016500 2.294370
v -0.081000 2.002390 2.418450
v -0.081000 1.981340 2.521280
v -0.081000 1.951960 2.602270
v -0.081000 1.912870 2.660840
v -0.081000 1.862680 2.696410
v -0.081000 1.800000 2.708400
v -0.081000 1.724520 2.702180
v -0.081000 1.638610 2.683110
v -0.081000 1.544900 2.650600
v -0.081000 1.446030 2.604070
v -0.081000 1.344620 2.542930
v -0.081000 1.243300 2.466570
v -0.081000 1.144710 2.374410
v -0.081000 1.051480 2.265850
v 0.000000 1.425000 -1.700000
v 0.178200 1.401900 -1.700000
v 0.175100 1.423220 -1.939390
v 0.311290 1.366280 -1.948880
v 0.316800 1.339200 -1.700000
v 0.408568 1.282360 -1.962860
v 0.415800 1.246800 -1.700000
v 0.466934 1.180460 -1.979830
v 0.475200 1.134600 -1.700000
v 0.486390 1.069570 -1.998300
v 0.495000 1.012500 -1.700000
v 0.475200 0.890400 -1.700000
v 0.466934 0.958686 -2.016770
v 0.408568 0.856788 -2.033740
v 0.415800 0.778200 -1.700000
v 0.311290 0.772872 -2.047720
v 0.316800 0.685800 -1.700000
v 0.175100 0.715929 -2.057210
v 0.178200 0.623100 -1.700000
v 0.000000 0.600000 -1.700000
v 0.000000 0.694950 -2.060700
v -0.175100 0.715929 -2.057210
v -0.178200 0.623100 -1.700000
v -0.166687 0.856080 -2.311820
v 0.000000 0.837600 -2.317600
v -0.154289 1.032880 -2.485740
v 0.000000 1.017150 -2.492900
v -0.139234 1.235650 -2.600870
v 0.000000 1.222800 -2.608800
v -0.122850 1.453730 -2.679100
v 0.000000 1.443750 -2.687500
v -0.106466 1.676420 -2.742330
v 0.000000 1.669200 -2.751200
v -0.091411 1.893070 -2.812460
v 0.000000 1.888350 -2.822100
v -0.079013 2.093000 -2.911380
v 0.000000 2.090400 -2.922400
v -0.070600 2.265540 -3.060990
v 0.000000 2.264550 -3.074300
v -0.067500 2.400000 -3.283200
v 0.000000 2.400000 -3.300000
v -0.066744 2.425660 -3.341020
v 0.000000 2.425820 -3.358630
v -0.064692 2.446500 -3.382040
v 0.000000 2.446800 -3.400000
v -0.061668 2.462180 -3.406950
v 0.000000 2.462610 -3.424870
v -0.057996 2.472370 -3.416450
v 0.000000 2.472900 -3.434000
v -0.054000 2.476750 -3.411240
v 0.000000 2.477340 -3.428130
v -0.050004 2.475000 -3.392010
v 0.000000 2.475600 -3.408000
v -0.046332 2.466770 -3.359450
v 0.000000 2.467330 -3.374370
v -0.043308 2.451750 -3.314270
v 0.000000 2.452200 -3.328000
v -0.041256 2.429600 -3.257150
v 0.000000 2.429870 -3.269630
v -0.040500 2.400000 -3.188800
v 0.000000 2.400000 -3.200000
v 0.041256 2.429600 -3.257150
v 0.040500 2.400000 -3.188800
v 0.043308 2.451750 -3.314270
v 0.046332 2.466770 -3.359450
v 0.050004 2.475000 -3.392010
v 0.054000 2.476750 -3.411240
v 0.057996 2.472370 -3.416450
v 0.061668 2.462180 -3.406950
v 0.064692 2.446500 -3.382040
v 0.066744 2.425660 -3.341020
v 0.067500 2.400000 -3.283200
v 0.070600 2.265540 -3.060990
v 0.079013 2.093000 -2.911380
v 0.091411 1.893070 -2.812460
v 0.106466 1.676420 -2.742330
v 0.122850 1.453730 -2.679100
v 0.139234 1.235650 -2.600870
v 0.154289 1.032880 -2.485740
v 0.166687 0.856080 -2.311820
v 0.296333 0.906240 -2.296130
v 0.274291 1.075570 -2.466320
v 0.247526 1.270540 -2.579350
v 0.218400 1.480800 -2.656300
v 0.189274 1.696030 -2.718250
v 0.162509 1.905900 -2.786280
v 0.140467 2.100070 -2.881470
v 0.125510 2.268220 -3.024880
v 0.120000 2.400000 -3.237600
v 0.118656 2.425240 -3.293230
v 0.115008 2.445680 -3.333270
v 0.109632 2.461010 -3.358290
v 0.103104 2.470930 -3.368810
v 0.096000 2.475150 -3.365400
v 0.088896 2.473350 -3.348600
v 0.082368 2.465240 -3.318950
v 0.076992 2.450520 -3.277000
v 0.073344 2.428870 -3.223300
v 0.072000 2.400000 -3.158400
v 0.096264 2.427790 -3.173410
v 0.094500 2.400000 -3.113600
v 0.101052 2.448700 -3.222070
v 0.108108 2.462990 -3.259250
v 0.116676 2.470930 -3.284620
v 0.126000 2.472790 -3.297850
v 0.135324 2.468820 -3.298610
v 0.143892 2.459290 -3.286580
v 0.150948 2.444470 -3.261410
v 0.155736 2.424620 -3.222800
v 0.157500 2.400000 -3.170400
v 0.164732 2.272160 -2.971660
v 0.184363 2.110490 -2.837380
v 0.213293 1.924800 -2.747710
v 0.248422 1.724930 -2.682770
v 0.286650 1.520700 -2.622700
v 0.324878 1.321940 -2.547630
v 0.360007 1.138490 -2.437690
v 0.388937 0.980160 -2.273020
v 0.444499 1.069920 -2.244950
v 0.411437 1.214890 -2.402930
v 0.371290 1.384370 -2.509110
v 0.327600 1.569150 -2.581900
v 0.283910 1.760020 -2.639690
v 0.243763 1.947750 -2.700870
v 0.210701 2.123140 -2.783850
v 0.188266 2.276960 -2.907030
v 0.180000 2.400000 -3.088800
v 0.177984 2.423860 -3.137280
v 0.172512 2.443000 -3.174160
v 0.164448 2.457200 -3.199500
v 0.154656 2.466250 -3.213370
v 0.144000 2.469920 -3.215830
v 0.133344 2.468000 -3.206940
v 0.123552 2.460260 -3.186770
v 0.115488 2.446500 -3.155380
v 0.110016 2.426480 -3.112840
v 0.108000 2.400000 -3.059200
v 0.114600 2.425060 -3.046910
v 0.112500 2.400000 -3.000000
v 0.120300 2.444100 -3.082800
v 0.128700 2.457290 -3.107890
v 0.138900 2.464800 -3.122400
v 0.150000 2.466800 -3.126560
v 0.161100 2.463450 -3.120600
v 0.171300 2.454930 -3.104740
v 0.179700 2.441400 -3.079200
v 0.185400 2.423030 -3.044210
v 0.187500 2.400000 -3.000000
v 0.196110 2.282180 -2.836700
v 0.219480 2.136900 -2.725600
v 0.253920 1.972720 -2.649900
v 0.295740 1.798200 -2.592800
v 0.341250 1.621870 -2.537500
v 0.386760 1.452300 -2.467200
v 0.428580 1.298020 -2.365100
v 0.463020 1.167600 -2.214400
v 0.444499 1.265280 -2.183850
v 0.411437 1.381160 -2.327270
v 0.371290 1.520230 -2.425290
v 0.327600 1.674600 -2.493100
v 0.283910 1.836380 -2.545910
v 0.243763 1.997700 -2.598930
v 0.210701 2.150660 -2.667350
v 0.188266 2.287390 -2.766370
v 0.180000 2.400000 -2.911200
v 0.177984 2.422210 -2.951150
v 0.172512 2.439800 -2.984240
v 0.164448 2.452660 -3.009980
v 0.154656 2.460650 -3.027830
v 0.144000 2.463670 -3.037300
v 0.133344 2.461600 -3.037860
v 0.123552 2.454320 -3.029010
v 0.115488 2.441700 -3.010220
v 0.110016 2.423640 -2.980990
v 0.108000 2.400000 -2.940800
v 0.096264 2.422330 -2.920410
v 0.094500 2.400000 -2.886400
v 0.101052 2.439500 -2.943530
v 0.108108 2.451590 -2.956520
v 0.116676 2.458670 -2.960180
v 0.126000 2.460810 -2.955270
v 0.135324 2.458080 -2.942590
v 0.143892 2.450570 -2.922900
v 0.150948 2.438330 -2.896990
v 0.155736 2.421450 -2.865630
v 0.157500 2.400000 -2.829600
v 0.164732 2.292190 -2.701740
v 0.184363 2.163310 -2.613820
v 0.213293 2.020650 -2.552090
v 0.248422 1.871470 -2.502830
v 0.286650 1.723050 -2.452300
v 0.324878 1.582660 -2.386770
v 0.360007 1.457560 -2.292510
v 0.388937 1.355040 -2.155780
v 0.296333 1.428960 -2.132670
v 0.274291 1.520480 -2.263880
v 0.247526 1.634060 -2.355050
v 0.218400 1.762950 -2.418700
v 0.189274 1.900370 -2.467350
v 0.162509 2.039550 -2.513520
v 0.140467 2.173730 -2.569730
v 0.125510 2.296130 -2.648520
v 0.120000 2.400000 -2.762400
v 0.118656 2.420830 -2.795200
v 0.115008 2.437120 -2.825130
v 0.109632 2.448850 -2.851190
v 0.103104 2.455970 -2.872390
v 0.096000 2.458440 -2.887730
v 0.088896 2.456250 -2.896200
v 0.082368 2.449340 -2.896830
v 0.076992 2.437680 -2.888600
v 0.073344 2.421250 -2.870520
v 0.072000 2.400000 -2.841600
v 0.041256 2.420520 -2.836670
v 0.040500 2.400000 -2.811200
v 0.043308 2.436450 -2.851330
v 0.046332 2.447810 -2.856320
v 0.050004 2.454600 -2.852790
v 0.054000 2.456840 -2.841890
v 0.057996 2.454530 -2.824750
v 0.061668 2.447680 -2.802530
v 0.064692 2.436300 -2.776360
v 0.066744 2.420410 -2.747410
v 0.067500 2.400000 -2.716800
v 0.070600 2.298810 -2.612410
v 0.079013 2.180800 -2.539820
v 0.091411 2.052380 -2.487340
v 0.106466 1.919980 -2.443270
v 0.122850 1.790030 -2.395900
v 0.139234 1.668950 -2.333530
v 0.154289 1.563170 -2.244460
v 0.166687 1.479120 -2.116980
v 0.000000 1.444200 -1.935900
v 0.000000 1.497600 -2.111200
v -0.178200 1.401900 -1.700000
v -0.175100 1.423220 -1.939390
v -0.166687 1.479120 -2.116980
v 0.000000 1.578900 -2.237300
v -0.154289 1.563170 -2.244460
v 0.000000 1.681800 -2.325600
v -0.139234 1.668950 -2.333530
v 0.000000 1.800000 -2.387500
v -0.122850 1.790030 -2.395900
v 0.000000 1.927200 -2.434400
v -0.106466 1.919980 -2.443270
v 0.000000 2.057100 -2.477700
v -0.091411 2.052380 -2.487340
v 0.000000 2.183400 -2.528800
v -0.079013 2.180800 -2.539820
v 0.000000 2.299800 -2.599100
v -0.070600 2.298810 -2.612410
v 0.000000 2.400000 -2.700000
v -0.067500 2.400000 -2.716800
v 0.000000 2.420250 -2.729800
v -0.066744 2.420410 -2.747410
v 0.000000 2.436000 -2.758400
v -0.064692 2.436300 -2.776360
v 0.000000 2.447250 -2.784600
v -0.061668 2.447680 -2.802530
v 0.000000 2.454000 -2.807200
v -0.057996 2.454530 -2.824750
v 0.000000 2.456250 -2.825000
v -0.054000 2.456840 -2.841890
v 0.000000 2.454000 -2.836800
v -0.050004 2.454600 -2.852790
v 0.000000 2.447250 -2.841400
v -0.046332 2.447810 -2.856320
v 0.000000 2.436000 -2.837600
v -0.043308 2.436450 -2.851330
v 0.000000 2.420250 -2.824200
v -0.041256 2.420520 -2.836670
v 0.000000 2.400000 -2.800000
v -0.040500 2.400000 -2.811200
v -0.072000 2.400000 -2.841600
v -0.073344 2.421250 -2.870520
v -0.096264 2.422330 -2.920410
v -0.094500 2.400000 -2.886400
v -0.108000 2.400000 -2.940800
v -0.110016 2.423640 -2.980990
v -0.112500 2.400000 -3.000000
v -0.114600 2.425060 -3.046910
v -0.108000 2.400000 -3.059200
v -0.110016 2.426480 -3.112840
v -0.094500 2.400000 -3.113600
v -0.096264 2.427790 -3.173410
v -0.072000 2.400000 -3.158400
v -0.073344 2.428870 -3.223300
v -0.076992 2.450520 -3.277000
v -0.082368 2.465240 -3.318950
v -0.088896 2.473350 -3.348600
v -0.096000 2.475150 -3.365400
v -0.103104 2.470930 -3.368810
v -0.109632 2.461010 -3.358290
v -0.115008 2.445680 -3.333270
v -0.118656 2.425240 -3.293230
v -0.120000 2.400000 -3.237600
v -0.125510 2.268220 -3.024880
v -0.140467 2.100070 -2.881470
v -0.162509 1.905900 -2.786280
v -0.189274 1.696030 -2.718250
v -0.218400 1.480800 -2.656300
v -0.247526 1.270540 -2.579350
v -0.274291 1.075570 -2.466320
v -0.296333 0.906240 -2.296130
v -0.311290 0.772872 -2.047720
v -0.316800 0.685800 -1.700000
v -0.408568 0.856788 -2.033740
v -0.388937 0.980160 -2.273020
v -0.360007 1.138490 -2.437690
v -0.324878 1.321940 -2.547630
v -0.286650 1.520700 -2.622700
v -0.248422 1.724930 -2.682770
v -0.213293 1.924800 -2.747710
v -0.184363 2.110490 -2.837380
v -0.164732 2.272160 -2.971660
v -0.157500 2.400000 -3.170400
v -0.155736 2.424620 -3.222800
v -0.150948 2.444470 -3.261410
v -0.143892 2.459290 -3.286580
v -0.135324 2.468820 -3.298610
v -0.126000 2.472790 -3.297850
v -0.116676 2.470930 -3.284620
v -0.108108 2.462990 -3.259250
v -0.101052 2.448700 -3.222070
v -0.115488 2.446500 -3.155380
v -0.123552 2.460260 -3.186770
v -0.133344 2.468000 -3.206940
v -0.144000 2.469920 -3.215830
v -0.154656 2.466250 -3.213370
v -0.164448 2.457200 -3.199500
v -0.172512 2.443000 -3.174160
v -0.177984 2.423860 -3.137280
v -0.180000 2.400000 -3.088800
v -0.188266 2.276960 -2.907030
v -0.210701 2.123140 -2.783850
v -0.243763 1.947750 -2.700870
v -0.283910 1.760020 -2.639690
v -0.327600 1.569150 -2.581900
v -0.371290 1.384370 -2.509110
v -0.411437 1.214890 -2.402930
v -0.444499 1.069920 -2.244950
v -0.466934 0.958686 -2.016770
v -0.415800 0.778200 -1.700000
v -0.475200 0.890400 -1.700000
v -0.486390 1.069570 -1.998300
v -0.495000 1.012500 -1.700000
v -0.463020 1.167600 -2.214400
v -0.428580 1.298020 -2.365100
v -0.386760 1.452300 -2.467200
v -0.341250 1.621870 -2.537500
v -0.295740 1.798200 -2.592800
v -0.253920 1.972720 -2.649900
v -0.219480 2.136900 -2.725600
v -0.196110 2.282180 -2.836700
v -0.187500 2.400000 -3.000000
v -0.185400 2.423030 -3.044210
v -0.179700 2.441400 -3.079200
v -0.171300 2.454930 -3.104740
v -0.161100 2.463450 -3.120600
v -0.150000 2.466800 -3.126560
v -0.138900 2.464800 -3.122400
v -0.128700 2.457290 -3.107890
v -0.120300 2.444100 -3.082800
v -0.115488 2.441700 -3.010220
v -0.123552 2.454320 -3.029010
v -0.133344 2.461600 -3.037860
v -0.144000 2.463670 -3.037300
v -0.154656 2.460650 -3.027830
v -0.164448 2.452660 -3.009980
v -0.172512 2.439800 -2.984240
v -0.177984 2.422210 -2.951150
v -0.180000 2.400000 -2.911200
v -0.188266 2.287390 -2.766370
v -0.210701 2.150660 -2.667350
v -0.243763 1.997700 -2.598930
v -0.283910 1.836380 -2.545910
v -0.327600 1.674600 -2.493100
v -0.371290 1.520230 -2.425290
v -0.411437 1.381160 -2.327270
v -0.444499 1.265280 -2.183850
v -0.466934 1.180460 -1.979830
v -0.475200 1.134600 -1.700000
v -0.408568 1.282360 -1.962860
v -0.388937 1.355040 -2.155780
v -0.360007 1.457560 -2.292510
v -0.324878 1.582660 -2.386770
v -0.286650 1.723050 -2.452300
v -0.248422 1.871470 -2.502830
v -0.213293 2.020650 -2.552090
v -0.184363 2.163310 -2.613820
v -0.164732 2.292190 -2.701740
v -0.157500 2.400000 -2.829600
v -0.155736 2.421450 -2.865630
v -0.150948 2.438330 -2.896990
v -0.143892 2.450570 -2.922900
v -0.135324 2.458080 -2.942590
v -0.126000 2.460810 -2.955270
v -0.116676 2.458670 -2.960180
v -0.108108 2.451590 -2.956520
v -0.101052 2.439500 -2.943530
v -0.076992 2.437680 -2.888600
v -0.082368 2.449340 -2.896830
v -0.088896 2.456250 -2.896200
v -0.096000 2.458440 -2.887730
v -0.103104 2.455970 -2.872390
v -0.109632 2.448850 -2.851190
v -0.115008 2.437120 -2.825130
v -0.118656 2.420830 -2.795200
v -0.120000 2.400000 -2.762400
v -0.125510 2.296130 -2.648520
v -0.140467 2.173730 -2.569730
v -0.162509 2.039550 -2.513520
v -0.189274 1.900370 -2.467350
v -0.218400 1.762950 -2.418700
v -0.247526 1.634060 -2.355050
v -0.274291 1.520480 -2.263880
v -0.296333 1.428960 -2.132670
v -0.311290 1.366280 -1.948880
v -0.415800 1.246800 -1.700000
v -0.316800 1.339200 -1.700000
vn -0.0000 -0.3690 0.9294
vn -0.1503 -0.2842 0.9469
vn -0.0000 -0.2840 0.9588
vn -0.1455 -0.3695 0.9178
vn -0.2975 -0.2845 0.9113
vn -0.2885 -0.3695 0.8833
vn -0.4367 -0.2848 0.8533
vn -0.4230 -0.3702 0.8271
vn -0.5643 -0.2850 0.7748
vn -0.5470 -0.3703 0.7508
vn -0.6778 -0.2851 0.6778
vn -0.7508 -0.3703 0.5470
vn -0.6568 -0.3704 0.6568
vn -0.8269 -0.3702 0.4233
vn -0.7753 -0.2862 0.5631
vn -0.8833 -0.3695 0.2885
vn -0.8536 -0.2860 0.4355
vn -0.9177 -0.3694 0.1458
vn -0.9114 -0.2856 0.2962
vn -0.9294 -0.3690 -0.0000
vn -0.9467 -0.2854 0.1490
vn -0.9469 -0.2843 -0.1503
vn -0.9585 -0.2852 -0.0012
vn -0.9177 -0.3694 -0.1458
vn -0.9113 -0.2845 -0.2975
vn -0.8833 -0.3695 -0.2885
vn -0.8533 -0.2848 -0.4367
vn -0.8269 -0.3702 -0.4233
vn -0.7748 -0.2850 -0.5643
vn -0.7508 -0.3703 -0.5470
vn -0.6778 -0.2851 -0.6778
vn -0.5470 -0.3703 -0.7508
vn -0.6568 -0.3704 -0.6568
vn -0.4233 -0.3702 -0.8269
vn -0.5632 -0.2862 -0.7752
vn -0.2885 -0.3695 -0.8833
vn -0.4354 -0.2860 -0.8536
vn -0.1455 -0.3695 -0.9178
vn -0.2962 -0.2856 -0.9114
vn -0.0000 -0.3690 -0.9294
vn -0.1490 -0.2854 -0.9468
vn 0.1503 -0.2842 -0.9469
vn 0.0012 -0.2853 -0.9585
vn 0.1455 -0.3695 -0.9178
vn 0.2975 -0.2845 -0.9113
vn 0.2885 -0.3695 -0.8833
vn 0.4367 -0.2848 -0.8533
vn 0.4230 -0.3702 -0.8271
vn 0.5643 -0.2850 -0.7748
vn 0.5470 -0.3703 -0.7508
vn 0.6778 -0.2851 -0.6778
vn 0.7508 -0.3703 -0.5470
vn 0.6568 -0.3704 -0.6568
vn 0.8269 -0.3702 -0.4233
vn 0.7753 -0.2862 -0.5631
vn 0.8833 -0.3695 -0.2885
vn 0.8536 -0.2860 -0.4355
vn 0.9177 -0.3694 -0.1458
vn 0.9114 -0.2856 -0.2962
vn 0.9294 -0.3690 -0.0000
vn 0.9467 -0.2854 -0.1490
vn 0.9469 -0.2843 0.1503
vn 0.9585 -0.2852 0.0012
vn 0.9177 -0.3694 0.1458
vn 0.9113 -0.2845 0.2975
vn 0.8833 -0.3695 0.2885
vn 0.8533 -0.2848 0.4367
vn 0.8269 -0.3702 0.4233
vn 0.7748 -0.2850 0.5643
vn 0.7508 -0.3703 0.5470
vn 0.6778 -0.2851 0.6778
vn 0.5470 -0.3703 0.7508
vn 0.6568 -0.3704 0.6568
vn 0.4233 -0.3702 0.8269
vn 0.5632 -0.2862 0.7752
vn 0.2885 -0.3695 0.8833
vn 0.4354 -0.2860 0.8536
vn 0.1455 -0.3695 0.9178
vn 0.2962 -0.2856 0.9114
vn 0.1490 -0.2854 0.9468
vn 0.1566 -0.0528 0.9863
vn -0.1566 -0.0525 0.9863
vn -0.0005 -0.0533 0.9986
vn -0.3099 -0.0528 0.9493
vn -0.4549 -0.0528 0.8890
vn -0.5879 -0.0532 0.8072
vn -0.7061 -0.0528 0.7061
vn -0.8072 -0.0532 0.5879
vn -0.8890 -0.0532 0.4549
vn -0.9493 -0.0533 0.3098
vn -0.9863 -0.0530 0.1561
vn -0.9863 -0.0528 -0.1566
vn -0.9986 -0.0533 -0.0003
vn -0.9493 -0.0530 -0.3099
vn -0.8890 -0.0527 -0.4549
vn -0.8072 -0.0529 -0.5879
vn -0.7061 -0.0528 -0.7061
vn -0.5879 -0.0532 -0.8072
vn -0.4545 -0.0532 -0.8892
vn -0.3094 -0.0532 -0.9495
vn -0.1562 -0.0531 -0.9863
vn 0.1566 -0.0525 -0.9863
vn 0.0005 -0.0533 -0.9986
vn 0.3099 -0.0528 -0.9493
vn 0.4549 -0.0528 -0.8890
vn 0.5879 -0.0532 -0.8072
vn 0.7061 -0.0528 -0.7061
vn 0.8072 -0.0532 -0.5879
vn 0.8890 -0.0532 -0.4549
vn 0.9493 -0.0533 -0.3098
vn 0.9863 -0.0530 -0.1561
vn 0.9863 -0.0528 0.1566
vn 0.9986 -0.0533 0.0003
vn 0.9493 -0.0530 0.3099
vn 0.8890 -0.0527 0.4549
vn 0.8072 -0.0529 0.5879
vn 0.7061 -0.0528 0.7061
vn 0.5879 -0.0532 0.8072
vn 0.4545 -0.0532 0.8892
vn 0.3094 -0.0532 0.9495
vn 0.1476 0.3367 0.9299
vn 0.2921 0.3372 0.8949
vn -0.0000 0.3367 0.9416
vn -0.1433 0.3404 0.9293
vn -0.2878 0.3409 0.8950
vn -0.4245 0.3411 0.8387
vn -0.5501 0.3413 0.7622
vn -0.7608 0.3377 0.5542
vn -0.6618 0.3414 0.6674
vn -0.8380 0.3375 0.4288
vn -0.8949 0.3373 0.2921
vn -0.9299 0.3368 0.1476
vn -0.9416 0.3367 -0.0000
vn -0.9293 0.3404 -0.1433
vn -0.8950 0.3409 -0.2878
vn -0.8387 0.3411 -0.4246
vn -0.7621 0.3413 -0.5501
vn -0.5542 0.3377 -0.7608
vn -0.6675 0.3414 -0.6618
vn -0.4288 0.3375 -0.8380
vn -0.2921 0.3372 -0.8949
vn -0.1476 0.3367 -0.9299
vn -0.0000 0.3367 -0.9416
vn 0.1433 0.3404 -0.9293
vn 0.2878 0.3409 -0.8950
vn 0.4245 0.3411 -0.8387
vn 0.5501 0.3413 -0.7622
vn 0.7608 0.3377 -0.5542
vn 0.6618 0.3414 -0.6674
vn 0.8380 0.3375 -0.4288
vn 0.8949 0.3373 -0.2921
vn 0.9299 0.3368 -0.1476
vn 0.9416 0.3367 -0.0000
vn 0.9293 0.3404 0.1433
vn 0.8950 0.3409 0.2878
vn 0.8387 0.3411 0.4246
vn 0.7621 0.3413 0.5501
vn 0.5542 0.3377 0.7608
vn 0.6675 0.3414 0.6618
vn 0.4288 0.3375 0.8380
vn 0.1840 0.8052 0.5638
vn 0.2701 0.8054 0.5276
vn 0.0931 0.8049 0.5861
vn -0.0000 0.8048 0.5936
vn -0.0789 0.8119 0.5785
vn -0.1688 0.8122 0.5584
vn -0.2542 0.8124 0.5248
vn -0.3330 0.8125 0.4786
vn -0.4789 0.8056 0.3488
vn -0.4032 0.8126 0.4210
vn -0.5276 0.8054 0.2700
vn -0.5638 0.8052 0.1840
vn -0.5862 0.8048 0.0931
vn -0.5936 0.8048 -0.0000
vn -0.5785 0.8119 -0.0788
vn -0.5584 0.8122 -0.1687
vn -0.5248 0.8124 -0.2542
vn -0.4786 0.8125 -0.3330
vn -0.3489 0.8055 -0.4790
vn -0.4210 0.8126 -0.4032
vn -0.2700 0.8054 -0.5276
vn -0.1840 0.8052 -0.5638
vn -0.0931 0.8049 -0.5861
vn -0.0000 0.8048 -0.5936
vn 0.0789 0.8119 -0.5785
vn 0.1688 0.8122 -0.5584
vn 0.2542 0.8124 -0.5248
vn 0.3330 0.8125 -0.4786
vn 0.4789 0.8056 -0.3488
vn 0.4032 0.8126 -0.4210
vn 0.5276 0.8054 -0.2700
vn 0.5638 0.8052 -0.1840
vn 0.5862 0.8048 -0.0931
vn 0.5936 0.8048 -0.0000
vn 0.5785 0.8119 0.0788
vn 0.5584 0.8122 0.1687
vn 0.5248 0.8124 0.2542
vn 0.4786 0.8125 0.3330
vn 0.3489 0.8055 0.4790
vn 0.4210 0.8126 0.4032
vn 0.0143 0.9995 0.0280
vn 0.0186 0.9995 0.0254
vn 0.0098 0.9995 0.0301
vn 0.0049 0.9995 0.0311
vn -0.0000 0.9995 0.0316
vn 0.0094 0.9997 0.0215
vn 0.0058 0.9997 0.0228
vn 0.0021 0.9997 0.0233
vn -0.0017 0.9997 0.0234
vn -0.0255 0.9995 0.0186
vn -0.0052 0.9997 0.0229
vn -0.0280 0.9995 0.0143
vn -0.0300 0.9995 0.0098
vn -0.0311 0.9995 0.0049
vn -0.0316 0.9995 -0.0000
vn -0.0215 0.9997 0.0094
vn -0.0228 0.9997 0.0058
vn -0.0233 0.9997 0.0021
vn -0.0235 0.9997 -0.0016
vn -0.0185 0.9995 -0.0255
vn -0.0229 0.9997 -0.0052
vn -0.0143 0.9995 -0.0280
vn -0.0098 0.9995 -0.0301
vn -0.0049 0.9995 -0.0311
vn -0.0000 0.9995 -0.0316
vn -0.0094 0.9997 -0.0215
vn -0.0058 0.9997 -0.0228
vn -0.0021 0.9997 -0.0233
vn 0.0017 0.9997 -0.0234
vn 0.0255 0.9995 -0.0186
vn 0.0052 0.9997 -0.0229
vn 0.0280 0.9995 -0.0143
vn 0.0300 0.9995 -0.0098
vn 0.0311 0.9995 -0.0049
vn 0.0316 0.9995 -0.0000
vn 0.0215 0.9997 -0.0094
vn 0.0228 0.9997 -0.0058
vn 0.0233 0.9997 -0.0021
vn 0.0235 0.9997 0.0016
vn 0.0229 0.9997 0.0052
vn -0.2240 0.9248 -0.3075
vn -0.2689 0.9249 -0.2689
vn -0.1734 0.9247 -0.3388
vn -0.1182 0.9246 -0.3621
vn -0.0598 0.9244 -0.3766
vn -0.0000 0.9243 -0.3816
vn 0.0679 0.9218 -0.3817
vn 0.1270 0.9220 -0.3658
vn 0.1826 0.9221 -0.3411
vn 0.2334 0.9222 -0.3082
vn 0.3075 0.9248 -0.2240
vn 0.2784 0.9223 -0.2681
vn 0.3388 0.9247 -0.1734
vn 0.3622 0.9246 -0.1182
vn 0.3766 0.9244 -0.0598
vn 0.3815 0.9243 -0.0000
vn 0.3816 0.9218 0.0680
vn 0.3658 0.9220 0.1270
vn 0.3410 0.9221 0.1826
vn 0.3083 0.9222 0.2334
vn 0.2240 0.9248 0.3075
vn 0.2681 0.9223 0.2784
vn 0.1734 0.9247 0.3388
vn 0.1182 0.9246 0.3621
vn 0.0598 0.9244 0.3766
vn -0.0000 0.9243 0.3816
vn -0.0679 0.9218 0.3817
vn -0.1270 0.9220 0.3658
vn -0.1826 0.9221 0.3411
vn -0.2334 0.9222 0.3082
vn -0.3075 0.9248 0.2240
vn -0.2784 0.9223 0.2681
vn -0.3388 0.9247 0.1734
vn -0.3622 0.9246 0.1182
vn -0.3766 0.9244 0.0598
vn -0.3815 0.9243 -0.0000
vn -0.3816 0.9218 -0.0680
vn -0.3658 0.9220 -0.1270
vn -0.3410 0.9221 -0.1826
vn -0.3083 0.9222 -0.2334
vn -0.4926 0.7929 -0.3588
vn -0.3588 0.7929 -0.4926
vn -0.4301 0.7906 -0.4359
vn -0.2777 0.7926 -0.5428
vn -0.1893 0.7923 -0.5801
vn -0.0957 0.7919 -0.6031
vn -0.0000 0.7917 -0.6109
vn 0.1003 0.7895 -0.6055
vn 0.1943 0.7899 -0.5817
vn 0.2828 0.7902 -0.5436
vn 0.3639 0.7905 -0.4926
vn 0.4926 0.7928 -0.3588
vn 0.4359 0.7906 -0.4301
vn 0.5428 0.7926 -0.2778
vn 0.5800 0.7923 -0.1893
vn 0.6031 0.7919 -0.0957
vn 0.6109 0.7917 -0.0000
vn 0.6055 0.7895 0.1003
vn 0.5817 0.7899 0.1942
vn 0.5436 0.7902 0.2828
vn 0.4927 0.7905 0.3639
vn 0.3588 0.7929 0.4926
vn 0.4301 0.7906 0.4359
vn 0.2777 0.7926 0.5428
vn 0.1893 0.7923 0.5801
vn 0.0957 0.7919 0.6031
vn -0.0000 0.7917 0.6109
vn -0.1003 0.7895 0.6055
vn -0.1943 0.7899 0.5817
vn -0.2828 0.7902 0.5436
vn -0.3639 0.7905 0.4926
vn -0.4926 0.7928 0.3588
vn -0.4359 0.7906 0.4301
vn -0.5428 0.7926 0.2778
vn -0.5800 0.7923 0.1893
vn -0.6031 0.7919 0.0957
vn -0.6109 0.7917 -0.0000
vn -0.6055 0.7895 -0.1003
vn -0.5817 0.7899 -0.1942
vn -0.5436 0.7902 -0.2828
vn -0.6648 0.6650 -0.3402
vn -0.6032 0.6635 -0.4426
vn -0.4395 0.6654 -0.6034
vn -0.5272 0.6635 -0.5309
vn -0.3402 0.6651 -0.6648
vn -0.2319 0.6646 -0.7103
vn -0.1172 0.6642 -0.7383
vn -0.0000 0.6640 -0.7478
vn 0.1201 0.6623 -0.7396
vn 0.2350 0.6627 -0.7111
vn 0.3434 0.6632 -0.6651
vn 0.4426 0.6635 -0.6032
vn 0.6034 0.6654 -0.4395
vn 0.5309 0.6635 -0.5272
vn 0.6648 0.6651 -0.3402
vn 0.7103 0.6646 -0.2319
vn 0.7383 0.6642 -0.1172
vn 0.7478 0.6640 -0.0000
vn 0.7396 0.6623 0.1201
vn 0.7111 0.6627 0.2350
vn 0.6651 0.6632 0.3433
vn 0.6032 0.6635 0.4426
vn 0.4395 0.6654 0.6034
vn 0.5272 0.6635 0.5309
vn 0.3402 0.6651 0.6648
vn 0.2319 0.6646 0.7103
vn 0.1172 0.6642 0.7383
vn -0.0000 0.6640 0.7478
vn -0.1201 0.6623 0.7396
vn -0.2350 0.6627 0.7111
vn -0.3434 0.6632 0.6651
vn -0.4426 0.6635 0.6032
vn -0.6034 0.6654 0.4395
vn -0.5309 0.6635 0.5272
vn -0.6648 0.6651 0.3402
vn -0.7103 0.6646 0.2319
vn -0.7383 0.6642 0.1172
vn -0.7478 0.6640 -0.0000
vn -0.7396 0.6623 -0.1201
vn -0.7111 0.6627 -0.2350
vn -0.7969 0.5452 -0.2601
vn -0.7460 0.5442 -0.3839
vn -0.6769 0.5444 -0.4954
vn -0.4933 0.5459 -0.6773
vn -0.5917 0.5445 -0.5945
vn -0.3817 0.5457 -0.7460
vn -0.2601 0.5452 -0.7969
vn -0.1315 0.5448 -0.8282
vn -0.0000 0.5445 -0.8388
vn 0.1335 0.5432 -0.8289
vn 0.2622 0.5437 -0.7973
vn 0.3839 0.5442 -0.7460
vn 0.4954 0.5444 -0.6769
vn 0.6772 0.5459 -0.4933
vn 0.5944 0.5445 -0.5917
vn 0.7460 0.5457 -0.3817
vn 0.7969 0.5452 -0.2601
vn 0.8282 0.5447 -0.1315
vn 0.8388 0.5445 -0.0000
vn 0.8289 0.5432 0.1335
vn 0.7972 0.5437 0.2623
vn 0.7460 0.5442 0.3839
vn 0.6769 0.5444 0.4954
vn 0.4933 0.5459 0.6772
vn 0.5917 0.5445 0.5945
vn 0.3817 0.5457 0.7460
vn 0.2601 0.5452 0.7969
vn 0.1315 0.5448 0.8282
vn -0.0000 0.5445 0.8388
vn -0.1335 0.5432 0.8289
vn -0.2622 0.5437 0.7973
vn -0.3839 0.5442 0.7460
vn -0.4954 0.5444 0.6769
vn -0.6772 0.5459 0.4933
vn -0.5944 0.5445 0.5917
vn -0.7460 0.5457 0.3817
vn -0.7969 0.5452 0.2601
vn -0.8282 0.5447 0.1315
vn -0.8388 0.5445 -0.0000
vn -0.8289 0.5432 -0.1335
vn -0.8781 0.4577 -0.1394
vn -0.8451 0.4575 -0.2766
vn -0.7911 0.4579 -0.4056
vn -0.7181 0.4581 -0.5239
vn -0.5232 0.4587 -0.7183
vn -0.6280 0.4583 -0.6290
vn -0.4049 0.4583 -0.7912
vn -0.2759 0.4579 -0.8451
vn -0.1394 0.4577 -0.8781
vn -0.0000 0.4573 -0.8893
vn 0.1403 0.4570 -0.8783
vn 0.2765 0.4575 -0.8451
vn 0.4055 0.4579 -0.7911
vn 0.5240 0.4581 -0.7180
vn 0.7183 0.4587 -0.5232
vn 0.6290 0.4583 -0.6280
vn 0.7911 0.4585 -0.4048
vn 0.8450 0.4581 -0.2759
vn 0.8782 0.4576 -0.1394
vn 0.8893 0.4573 -0.0000
vn 0.8783 0.4570 0.1403
vn 0.8451 0.4575 0.2766
vn 0.7911 0.4579 0.4056
vn 0.7181 0.4581 0.5239
vn 0.5232 0.4587 0.7183
vn 0.6280 0.4583 0.6290
vn 0.4049 0.4583 0.7912
vn 0.2759 0.4579 0.8451
vn 0.1394 0.4577 0.8781
vn -0.0000 0.4573 0.8893
vn -0.1403 0.4570 0.8783
vn -0.2765 0.4575 0.8451
vn -0.4055 0.4579 0.7911
vn -0.5240 0.4581 0.7180
vn -0.7183 0.4587 0.5232
vn -0.6290 0.4583 0.6280
vn -0.7911 0.4585 0.4048
vn -0.8450 0.4581 0.2759
vn -0.8782 0.4576 0.1394
vn -0.8893 0.4573 -0.0000
vn -0.9048 0.4258 -0.0000
vn -0.8935 0.4260 -0.1419
vn -0.8598 0.4265 -0.2807
vn -0.8050 0.4269 -0.4119
vn -0.7309 0.4272 -0.5323
vn -0.5323 0.4272 -0.7309
vn -0.6393 0.4273 -0.6393
vn -0.4120 0.4269 -0.8050
vn -0.2807 0.4265 -0.8598
vn -0.1419 0.4260 -0.8935
vn -0.0000 0.4258 -0.9048
vn 0.1419 0.4260 -0.8935
vn 0.2807 0.4265 -0.8598
vn 0.4119 0.4269 -0.8050
vn 0.5323 0.4272 -0.7309
vn 0.7309 0.4272 -0.5323
vn 0.6393 0.4273 -0.6393
vn 0.8050 0.4269 -0.4120
vn 0.8598 0.4265 -0.2807
vn 0.8935 0.4260 -0.1419
vn 0.9048 0.4258 -0.0000
vn 0.8935 0.4260 0.1419
vn 0.8598 0.4265 0.2807
vn 0.8050 0.4269 0.4119
vn 0.7309 0.4272 0.5323
vn 0.5323 0.4272 0.7309
vn 0.6393 0.4273 0.6393
vn 0.4120 0.4269 0.8050
vn 0.2807 0.4265 0.8598
vn 0.1419 0.4260 0.8935
vn -0.0000 0.4258 0.9048
vn -0.1419 0.4260 0.8935
vn -0.2807 0.4265 0.8598
vn -0.4119 0.4269 0.8050
vn -0.5323 0.4272 0.7309
vn -0.7309 0.4272 0.5323
vn -0.6393 0.4273 0.6393
vn -0.8050 0.4269 0.4120
vn -0.8598 0.4265 0.2807
vn -0.8935 0.4260 0.1419
vn -0.9091 0.4165 -0.0000
vn -0.8978 0.4167 0.1425
vn -0.8978 0.4167 -0.1425
vn -0.8640 0.4172 -0.2820
vn -0.8089 0.4176 -0.4139
vn -0.7344 0.4179 -0.5349
vn -0.5349 0.4178 -0.7344
vn -0.6424 0.4179 -0.6424
vn -0.4139 0.4176 -0.8089
vn -0.2820 0.4176 -0.8638
vn -0.1425 0.4167 -0.8978
vn -0.0000 0.4165 -0.9091
vn 0.1425 0.4167 -0.8978
vn 0.2823 0.4172 -0.8638
vn 0.4139 0.4176 -0.8089
vn 0.5349 0.4179 -0.7344
vn 0.7344 0.4178 -0.5349
vn 0.6424 0.4179 -0.6424
vn 0.8089 0.4176 -0.4139
vn 0.8640 0.4172 -0.2820
vn 0.8976 0.4171 -0.1425
vn 0.9091 0.4165 -0.0000
vn 0.8978 0.4167 0.1425
vn 0.8640 0.4172 0.2820
vn 0.8089 0.4176 0.4139
vn 0.7344 0.4179 0.5349
vn 0.5349 0.4178 0.7344
vn 0.6424 0.4179 0.6424
vn 0.4139 0.4176 0.8089
vn 0.2820 0.4176 0.8638
vn 0.1425 0.4167 0.8978
vn -0.0000 0.4165 0.9091
vn -0.1425 0.4167 0.8978
vn -0.2823 0.4172 0.8638
vn -0.4139 0.4176 0.8089
vn -0.5349 0.4179 0.7344
vn -0.7344 0.4178 0.5349
vn -0.6424 0.4179 0.6424
vn -0.8089 0.4176 0.4139
vn -0.8640 0.4172 0.2820
vn -0.9048 0.4008 0.1437
vn -0.8708 0.4012 0.2843
vn -0.9163 0.4006 -0.0000
vn -0.9048 0.4008 -0.1436
vn -0.8706 0.4012 -0.2846
vn -0.8151 0.4016 -0.4175
vn -0.7402 0.4019 -0.5391
vn -0.5391 0.4019 -0.7402
vn -0.6475 0.4020 -0.6475
vn -0.4172 0.4016 -0.8153
vn -0.2843 0.4012 -0.8708
vn -0.1437 0.4008 -0.9048
vn -0.0000 0.4006 -0.9163
vn 0.1436 0.4008 -0.9048
vn 0.2843 0.4012 -0.8708
vn 0.4175 0.4016 -0.8151
vn 0.5391 0.4019 -0.7402
vn 0.7402 0.4019 -0.5391
vn 0.6475 0.4020 -0.6475
vn 0.8151 0.4021 -0.4171
vn 0.8708 0.4012 -0.2843
vn 0.9048 0.4008 -0.1437
vn 0.9163 0.4006 -0.0000
vn 0.9048 0.4008 0.1436
vn 0.8706 0.4012 0.2846
vn 0.8151 0.4016 0.4175
vn 0.7402 0.4019 0.5391
vn 0.5391 0.4019 0.7402
vn 0.6475 0.4020 0.6475
vn 0.4172 0.4016 0.8153
vn 0.2843 0.4012 0.8708
vn 0.1437 0.4008 0.9048
vn -0.0000 0.4006 0.9163
vn -0.1436 0.4008 0.9048
vn -0.2843 0.4012 0.8708
vn -0.4175 0.4016 0.8151
vn -0.5391 0.4019 0.7402
vn -0.7402 0.4019 0.5391
vn -0.6475 0.4020 0.6475
vn -0.8151 0.4021 0.4171
vn -0.8801 0.3779 0.2873
vn -0.8241 0.3783 0.4217
vn -0.9146 0.3775 0.1452
vn -0.9261 0.3773 -0.0000
vn -0.9146 0.3775 -0.1452
vn -0.8801 0.3779 -0.2873
vn -0.8241 0.3783 -0.4217
vn -0.7479 0.3785 -0.5453
vn -0.5449 0.3785 -0.7482
vn -0.6545 0.3786 -0.6545
vn -0.4217 0.3783 -0.8241
vn -0.2873 0.3779 -0.8801
vn -0.1452 0.3778 -0.9144
vn -0.0000 0.3773 -0.9261
vn 0.1452 0.3775 -0.9146
vn 0.2873 0.3779 -0.8801
vn 0.4217 0.3783 -0.8241
vn 0.5449 0.3785 -0.7482
vn 0.7482 0.3785 -0.5449
vn 0.6545 0.3786 -0.6545
vn 0.8241 0.3783 -0.4217
vn 0.8801 0.3779 -0.2873
vn 0.9146 0.3775 -0.1452
vn 0.9261 0.3773 -0.0000
vn 0.9146 0.3775 0.1452
vn 0.8801 0.3779 0.2873
vn 0.8241 0.3783 0.4217
vn 0.7479 0.3785 0.5453
vn 0.5449 0.3785 0.7482
vn 0.6545 0.3786 0.6545
vn 0.4217 0.3783 0.8241
vn 0.2873 0.3779 0.8801
vn 0.1452 0.3778 0.9144
vn -0.0000 0.3773 0.9261
vn -0.1455 0.3775 0.9145
vn -0.2873 0.3779 0.8801
vn -0.4217 0.3783 0.8241
vn -0.5449 0.3785 0.7482
vn -0.7482 0.3785 0.5449
vn -0.6545 0.3786 0.6545
vn -0.8350 0.3468 0.4273
vn -0.7582 0.3467 0.5522
vn -0.8919 0.3461 0.2912
vn -0.9266 0.3462 0.1471
vn -0.9382 0.3460 -0.0000
vn -0.9267 0.3457 -0.1471
vn -0.8919 0.3461 -0.2912
vn -0.8351 0.3465 -0.4273
vn -0.7582 0.3467 -0.5522
vn -0.5522 0.3467 -0.7582
vn -0.6632 0.3468 -0.6632
vn -0.4273 0.3465 -0.8351
vn -0.2912 0.3461 -0.8919
vn -0.1471 0.3461 -0.9266
vn -0.0000 0.3455 -0.9384
vn 0.1475 0.3457 -0.9267
vn 0.2916 0.3461 -0.8917
vn 0.4273 0.3465 -0.8351
vn 0.5522 0.3467 -0.7582
vn 0.7582 0.3467 -0.5522
vn 0.6632 0.3468 -0.6632
vn 0.8350 0.3468 -0.4273
vn 0.8918 0.3464 -0.2911
vn 0.9267 0.3457 -0.1471
vn 0.9384 0.3455 -0.0000
vn 0.9267 0.3457 0.1471
vn 0.8919 0.3461 0.2912
vn 0.8351 0.3465 0.4273
vn 0.7582 0.3467 0.5522
vn 0.5522 0.3467 0.7582
vn 0.6632 0.3468 0.6632
vn 0.4273 0.3465 0.8351
vn 0.2912 0.3461 0.8919
vn 0.1471 0.3461 0.9266
vn -0.0000 0.3455 0.9384
vn -0.1471 0.3457 0.9267
vn -0.2915 0.3461 0.8918
vn -0.4273 0.3465 0.8351
vn -0.5525 0.3467 0.7580
vn -0.6632 0.3468 0.6632
vn -0.7698 0.3049 0.5607
vn -0.6734 0.3050 0.6734
vn -0.8479 0.3047 0.4339
vn -0.9054 0.3048 0.2956
vn -0.9408 0.3043 0.1494
vn -0.9527 0.3038 -0.0000
vn -0.9408 0.3040 -0.1497
vn -0.9054 0.3044 -0.2961
vn -0.8479 0.3047 -0.4339
vn -0.7698 0.3049 -0.5607
vn -0.5607 0.3052 -0.7697
vn -0.6734 0.3050 -0.6734
vn -0.4339 0.3047 -0.8479
vn -0.2956 0.3047 -0.9054
vn -0.1494 0.3040 -0.9409
vn -0.0000 0.3042 -0.9526
vn 0.1497 0.3040 -0.9408
vn 0.2959 0.3044 -0.9054
vn 0.4339 0.3047 -0.8479
vn 0.5610 0.3049 -0.7696
vn 0.7698 0.3049 -0.5607
vn 0.6734 0.3050 -0.6734
vn 0.8479 0.3047 -0.4339
vn 0.9055 0.3043 -0.2956
vn 0.9409 0.3040 -0.1494
vn 0.9526 0.3042 -0.0000
vn 0.9408 0.3040 0.1497
vn 0.9054 0.3044 0.2961
vn 0.8479 0.3047 0.4339
vn 0.7698 0.3049 0.5607
vn 0.5607 0.3052 0.7697
vn 0.6734 0.3050 0.6734
vn 0.4339 0.3047 0.8479
vn 0.2956 0.3047 0.9054
vn 0.1494 0.3040 0.9409
vn -0.0000 0.3038 0.9527
vn -0.1499 0.3040 0.9408
vn -0.2959 0.3044 0.9054
vn -0.4339 0.3047 0.8479
vn -0.5607 0.3049 0.7698
vn -0.5699 0.2512 0.7824
vn -0.7824 0.2512 0.5699
vn -0.6847 0.2513 0.6842
vn -0.8616 0.2513 0.4409
vn -0.9202 0.2511 0.3004
vn -0.9561 0.2508 0.1518
vn -0.9681 0.2506 -0.0000
vn -0.9561 0.2505 -0.1522
vn -0.9201 0.2508 -0.3008
vn -0.8615 0.2510 -0.4414
vn -0.7824 0.2512 -0.5699
vn -0.5698 0.2517 -0.7823
vn -0.6844 0.2513 -0.6844
vn -0.4410 0.2510 -0.8617
vn -0.3004 0.2511 -0.9202
vn -0.1518 0.2508 -0.9561
vn -0.0000 0.2506 -0.9681
vn 0.1518 0.2504 -0.9562
vn 0.3004 0.2508 -0.9203
vn 0.4413 0.2510 -0.8615
vn 0.5699 0.2512 -0.7824
vn 0.7824 0.2512 -0.5699
vn 0.6847 0.2513 -0.6842
vn 0.8616 0.2513 -0.4409
vn 0.9202 0.2511 -0.3004
vn 0.9561 0.2508 -0.1518
vn 0.9681 0.2506 -0.0000
vn 0.9561 0.2505 0.1522
vn 0.9201 0.2508 0.3008
vn 0.8615 0.2510 0.4414
vn 0.7824 0.2512 0.5699
vn 0.5698 0.2517 0.7823
vn 0.6844 0.2513 0.6844
vn 0.4410 0.2510 0.8617
vn 0.3004 0.2511 0.9202
vn 0.1518 0.2508 0.9561
vn -0.0000 0.2506 0.9681
vn -0.1518 0.2504 0.9562
vn -0.3004 0.2508 0.9203
vn -0.4413 0.2510 0.8615
vn -0.4478 0.1838 0.8750
vn -0.5792 0.1834 0.7943
vn -0.7945 0.1839 0.5787
vn -0.6954 0.1835 0.6949
vn -0.8751 0.1836 0.4478
vn -0.9345 0.1834 0.3051
vn -0.9709 0.1832 0.1542
vn -0.9832 0.1828 -0.0000
vn -0.9709 0.1829 -0.1545
vn -0.9344 0.1831 -0.3054
vn -0.8749 0.1833 -0.4483
vn -0.7943 0.1834 -0.5792
vn -0.5787 0.1839 -0.7945
vn -0.6951 0.1835 -0.6951
vn -0.4478 0.1838 -0.8750
vn -0.3051 0.1834 -0.9345
vn -0.1542 0.1829 -0.9710
vn -0.0000 0.1828 -0.9832
vn 0.1545 0.1829 -0.9709
vn 0.3054 0.1831 -0.9344
vn 0.4483 0.1833 -0.8749
vn 0.5792 0.1834 -0.7943
vn 0.7945 0.1839 -0.5787
vn 0.6954 0.1835 -0.6949
vn 0.8751 0.1836 -0.4478
vn 0.9345 0.1834 -0.3051
vn 0.9709 0.1832 -0.1542
vn 0.9832 0.1828 -0.0000
vn 0.9709 0.1829 0.1545
vn 0.9344 0.1831 0.3054
vn 0.8749 0.1833 0.4483
vn 0.7943 0.1834 0.5792
vn 0.5787 0.1839 0.7945
vn 0.6951 0.1835 0.6951
vn 0.4478 0.1838 0.8750
vn 0.3051 0.1834 0.9345
vn 0.1542 0.1829 0.9710
vn -0.0000 0.1828 0.9832
vn -0.1545 0.1829 0.9709
vn -0.3054 0.1831 0.9344
vn -0.3088 0.0991 0.9459
vn -0.4533 0.0993 0.8858
vn -0.5859 0.0993 0.8043
vn -0.8043 0.0998 0.5858
vn -0.7039 0.0994 0.7034
vn -0.8858 0.0993 0.4533
vn -0.9459 0.0991 0.3088
vn -0.9828 0.0990 0.1561
vn -0.9951 0.0989 -0.0000
vn -0.9828 0.0990 -0.1561
vn -0.9459 0.0991 -0.3088
vn -0.8858 0.0993 -0.4533
vn -0.8040 0.0993 -0.5863
vn -0.5858 0.0998 -0.8043
vn -0.7036 0.0994 -0.7036
vn -0.4533 0.0993 -0.8858
vn -0.3088 0.0991 -0.9459
vn -0.1561 0.0990 -0.9828
vn -0.0000 0.0989 -0.9951
vn 0.1561 0.0990 -0.9828
vn 0.3088 0.0991 -0.9459
vn 0.4533 0.0993 -0.8858
vn 0.5859 0.0993 -0.8043
vn 0.8043 0.0998 -0.5858
vn 0.7039 0.0994 -0.7034
vn 0.8858 0.0993 -0.4533
vn 0.9459 0.0991 -0.3088
vn 0.9828 0.0990 -0.1561
vn 0.9951 0.0989 -0.0000
vn 0.9828 0.0990 0.1561
vn 0.9459 0.0991 0.3088
vn 0.8858 0.0993 0.4533
vn 0.8040 0.0993 0.5863
vn 0.5858 0.0998 0.8043
vn 0.7036 0.0994 0.7036
vn 0.4533 0.0993 0.8858
vn 0.3088 0.0991 0.9459
vn 0.1561 0.0990 0.9828
vn -0.0000 0.0989 0.9951
vn -0.1561 0.0990 0.9828
vn -0.1568 -0.0278 0.9872
vn -0.3102 -0.0279 0.9502
vn -0.4554 -0.0279 0.8898
vn -0.5885 -0.0279 0.8080
vn -0.8080 -0.0279 0.5885
vn -0.7068 -0.0279 0.7068
vn -0.8898 -0.0279 0.4554
vn -0.9502 -0.0279 0.3102
vn -0.9872 -0.0278 0.1568
vn -0.9996 -0.0278 -0.0000
vn -0.9872 -0.0278 -0.1568
vn -0.9502 -0.0279 -0.3102
vn -0.8898 -0.0279 -0.4554
vn -0.8080 -0.0279 -0.5885
vn -0.5885 -0.0279 -0.8080
vn -0.7068 -0.0279 -0.7068
vn -0.4554 -0.0279 -0.8898
vn -0.3102 -0.0279 -0.9502
vn -0.1568 -0.0278 -0.9872
vn -0.0000 -0.0278 -0.9996
vn 0.1568 -0.0278 -0.9872
vn 0.3102 -0.0279 -0.9502
vn 0.4554 -0.0279 -0.8898
vn 0.5885 -0.0279 -0.8080
vn 0.8080 -0.0279 -0.5885
vn 0.7068 -0.0279 -0.7068
vn 0.8898 -0.0279 -0.4554
vn 0.9502 -0.0279 -0.3102
vn 0.9872 -0.0278 -0.1568
vn 0.9996 -0.0278 -0.0000
vn 0.9872 -0.0278 0.1568
vn 0.9502 -0.0279 0.3102
vn 0.8898 -0.0279 0.4554
vn 0.8080 -0.0279 0.5885
vn 0.5885 -0.0279 0.8080
vn 0.7068 -0.0279 0.7068
vn 0.4554 -0.0279 0.8898
vn 0.3102 -0.0279 0.9502
vn 0.1568 -0.0278 0.9872
vn -0.0000 -0.0278 0.9996
vn -0.1532 -0.2122 0.9651
vn -0.0000 -0.2119 0.9773
vn -0.3032 -0.2124 0.9289
vn -0.4451 -0.2126 0.8699
vn -0.5753 -0.2127 0.7898
vn -0.6909 -0.2128 0.6909
vn -0.7893 -0.2116 0.5764
vn -0.8696 -0.2115 0.4462
vn -0.9288 -0.2112 0.3045
vn -0.9652 -0.2110 0.1545
vn -0.9652 -0.2121 -0.1532
vn -0.9775 -0.2108 0.0012
vn -0.9289 -0.2124 -0.3032
vn -0.8699 -0.2124 -0.4452
vn -0.7898 -0.2128 -0.5753
vn -0.6909 -0.2128 -0.6909
vn -0.5764 -0.2116 -0.7893
vn -0.4463 -0.2115 -0.8695
vn -0.3045 -0.2112 -0.9288
vn -0.1545 -0.2110 -0.9652
vn 0.1532 -0.2122 -0.9651
vn -0.0012 -0.2108 -0.9775
vn 0.3032 -0.2124 -0.9289
vn 0.4451 -0.2126 -0.8699
vn 0.5753 -0.2127 -0.7898
vn 0.6909 -0.2128 -0.6909
vn 0.7893 -0.2116 -0.5764
vn 0.8696 -0.2115 -0.4462
vn 0.9288 -0.2112 -0.3045
vn 0.9652 -0.2110 -0.1545
vn 0.9652 -0.2121 0.1532
vn 0.9775 -0.2108 -0.0012
vn 0.9289 -0.2124 0.3032
vn 0.8699 -0.2124 0.4452
vn 0.7898 -0.2128 0.5753
vn 0.6909 -0.2128 0.6909
vn 0.5764 -0.2116 0.7893
vn 0.4463 -0.2115 0.8695
vn 0.3045 -0.2112 0.9288
vn 0.1545 -0.2110 0.9652
vn 0.1439 -0.3978 0.9061
vn -0.1439 -0.3978 0.9061
vn 0.0018 -0.3959 0.9183
vn -0.2847 -0.3982 0.8720
vn -0.4178 -0.3986 0.8164
vn -0.5399 -0.3988 0.7412
vn -0.6484 -0.3990 0.6484
vn -0.7408 -0.3972 0.5418
vn -0.8163 -0.3969 0.4198
vn -0.8722 -0.3965 0.2866
vn -0.9065 -0.3961 0.1458
vn -0.9061 -0.3979 -0.1439
vn -0.9183 -0.3959 0.0018
vn -0.8720 -0.3981 -0.2847
vn -0.8164 -0.3986 -0.4178
vn -0.7412 -0.3988 -0.5399
vn -0.6484 -0.3990 -0.6484
vn -0.5418 -0.3972 -0.7408
vn -0.4198 -0.3969 -0.8163
vn -0.2867 -0.3965 -0.8721
vn -0.1458 -0.3961 -0.9066
vn 0.1439 -0.3978 -0.9061
vn -0.0018 -0.3959 -0.9183
vn 0.2847 -0.3982 -0.8720
vn 0.4178 -0.3986 -0.8164
vn 0.5399 -0.3988 -0.7412
vn 0.6484 -0.3990 -0.6484
vn 0.7408 -0.3972 -0.5418
vn 0.8163 -0.3969 -0.4198
vn 0.8722 -0.3965 -0.2866
vn 0.9065 -0.3961 -0.1458
vn 0.9061 -0.3979 0.1439
vn 0.9183 -0.3959 -0.0018
vn 0.8720 -0.3981 0.2847
vn 0.8164 -0.3986 0.4178
vn 0.7412 -0.3988 0.5399
vn 0.6484 -0.3990 0.6484
vn 0.5418 -0.3972 0.7408
vn 0.4198 -0.3969 0.8163
vn 0.2867 -0.3965 0.8721
vn 0.2608 -0.5419 0.7990
vn 0.1340 -0.5397 0.8312
vn -0.1318 -0.5414 0.8304
vn 0.0019 -0.5394 0.8420
vn -0.2608 -0.5418 0.7990
vn -0.3827 -0.5423 0.7479
vn -0.4946 -0.5426 0.6790
vn -0.5939 -0.5427 0.5939
vn -0.6787 -0.5409 0.4968
vn -0.7480 -0.5406 0.3850
vn -0.7994 -0.5401 0.2630
vn -0.8312 -0.5397 0.1340
vn -0.8304 -0.5414 -0.1318
vn -0.8420 -0.5394 0.0020
vn -0.7990 -0.5419 -0.2608
vn -0.7479 -0.5423 -0.3827
vn -0.6790 -0.5426 -0.4946
vn -0.5939 -0.5427 -0.5939
vn -0.4968 -0.5409 -0.6787
vn -0.3850 -0.5406 -0.7480
vn -0.2631 -0.5401 -0.7994
vn -0.1340 -0.5397 -0.8312
vn 0.1318 -0.5414 -0.8304
vn -0.0019 -0.5394 -0.8420
vn 0.2608 -0.5418 -0.7990
vn 0.3827 -0.5423 -0.7479
vn 0.4946 -0.5426 -0.6790
vn 0.5939 -0.5427 -0.5939
vn 0.6787 -0.5409 -0.4968
vn 0.7480 -0.5406 -0.3850
vn 0.7994 -0.5401 -0.2630
vn 0.8312 -0.5397 -0.1340
vn 0.8304 -0.5414 0.1318
vn 0.8420 -0.5394 -0.0020
vn 0.7990 -0.5419 0.2608
vn 0.7479 -0.5423 0.3827
vn 0.6790 -0.5426 0.4946
vn 0.5939 -0.5427 0.5939
vn 0.4968 -0.5409 0.6787
vn 0.3850 -0.5406 0.7480
vn 0.3483 -0.6446 0.6806
vn 0.2394 -0.6428 0.7277
vn 0.1219 -0.6423 0.7567
vn -0.1200 -0.6437 0.7558
vn 0.0017 -0.6421 0.7666
vn -0.2373 -0.6442 0.7271
vn -0.3483 -0.6446 0.6806
vn -0.4499 -0.6449 0.6178
vn -0.5403 -0.6450 0.5403
vn -0.6177 -0.6435 0.4520
vn -0.6808 -0.6432 0.3503
vn -0.7277 -0.6428 0.2394
vn -0.7567 -0.6423 0.1219
vn -0.7558 -0.6437 -0.1200
vn -0.7666 -0.6421 0.0017
vn -0.7271 -0.6443 -0.2373
vn -0.6805 -0.6447 -0.3482
vn -0.6178 -0.6449 -0.4500
vn -0.5404 -0.6450 -0.5404
vn -0.4521 -0.6435 -0.6177
vn -0.3503 -0.6432 -0.6808
vn -0.2394 -0.6428 -0.7277
vn -0.1219 -0.6423 -0.7567
vn 0.1200 -0.6437 -0.7558
vn -0.0017 -0.6421 -0.7666
vn 0.2373 -0.6442 -0.7271
vn 0.3483 -0.6446 -0.6806
vn 0.4499 -0.6449 -0.6178
vn 0.5403 -0.6450 -0.5403
vn 0.6177 -0.6435 -0.4520
vn 0.6808 -0.6432 -0.3503
vn 0.7277 -0.6428 -0.2394
vn 0.7567 -0.6423 -0.1219
vn 0.7558 -0.6437 0.1200
vn 0.7666 -0.6421 -0.0017
vn 0.7271 -0.6443 0.2373
vn 0.6805 -0.6447 0.3482
vn 0.6178 -0.6449 0.4500
vn 0.5404 -0.6450 0.5404
vn 0.4520 -0.6435 0.6177
vn 0.4126 -0.7133 0.5666
vn 0.3211 -0.7120 0.6244
vn 0.2193 -0.7116 0.6675
vn 0.1116 -0.7112 0.6941
vn -0.1101 -0.7122 0.6933
vn 0.0014 -0.7110 0.7032
vn -0.2177 -0.7126 0.6669
vn -0.3194 -0.7131 0.6241
vn -0.4126 -0.7133 0.5666
vn -0.4955 -0.7133 0.4955
vn -0.5666 -0.7123 0.4143
vn -0.6244 -0.7120 0.3211
vn -0.6675 -0.7116 0.2192
vn -0.6941 -0.7112 0.1115
vn -0.6933 -0.7122 -0.1100
vn -0.7032 -0.7110 0.0015
vn -0.6670 -0.7126 -0.2177
vn -0.6241 -0.7131 -0.3194
vn -0.5666 -0.7133 -0.4126
vn -0.4955 -0.7133 -0.4955
vn -0.4143 -0.7123 -0.5666
vn -0.3211 -0.7120 -0.6244
vn -0.2193 -0.7116 -0.6675
vn -0.1116 -0.7112 -0.6941
vn 0.1101 -0.7122 -0.6933
vn -0.0014 -0.7110 -0.7032
vn 0.2177 -0.7126 -0.6669
vn 0.3194 -0.7131 -0.6241
vn 0.4126 -0.7133 -0.5666
vn 0.4955 -0.7133 -0.4955
vn 0.5666 -0.7123 -0.4143
vn 0.6244 -0.7120 -0.3211
vn 0.6675 -0.7116 -0.2192
vn 0.6941 -0.7112 -0.1115
vn 0.6933 -0.7122 0.1100
vn 0.7032 -0.7110 -0.0015
vn 0.6670 -0.7126 0.2177
vn 0.6241 -0.7131 0.3194
vn 0.5666 -0.7133 0.4126
vn 0.4955 -0.7133 0.4955
vn 0.4640 -0.7545 0.4640
vn 0.3874 -0.7539 0.5307
vn 0.3002 -0.7536 0.5848
vn 0.2049 -0.7533 0.6250
vn 0.1040 -0.7528 0.6499
vn -0.1031 -0.7534 0.6494
vn 0.0008 -0.7526 0.6584
vn -0.2039 -0.7539 0.6246
vn -0.2991 -0.7542 0.5845
vn -0.3865 -0.7544 0.5306
vn -0.4640 -0.7545 0.4640
vn -0.5306 -0.7539 0.3874
vn -0.5848 -0.7536 0.3002
vn -0.6250 -0.7533 0.2049
vn -0.6499 -0.7528 0.1041
vn -0.6493 -0.7535 -0.1031
vn -0.6584 -0.7526 0.0008
vn -0.6247 -0.7538 -0.2039
vn -0.5845 -0.7542 -0.2991
vn -0.5306 -0.7544 -0.3864
vn -0.4640 -0.7545 -0.4640
vn -0.3874 -0.7539 -0.5307
vn -0.3002 -0.7536 -0.5848
vn -0.2049 -0.7533 -0.6250
vn -0.1040 -0.7528 -0.6499
vn 0.1031 -0.7534 -0.6494
vn -0.0008 -0.7526 -0.6584
vn 0.2039 -0.7539 -0.6246
vn 0.2991 -0.7542 -0.5845
vn 0.3865 -0.7544 -0.5306
vn 0.4640 -0.7545 -0.4640
vn 0.5306 -0.7539 -0.3874
vn 0.5848 -0.7536 -0.3002
vn 0.6250 -0.7533 -0.2049
vn 0.6499 -0.7528 -0.1041
vn 0.6493 -0.7535 0.1031
vn 0.6584 -0.7526 -0.0008
vn 0.6247 -0.7538 0.2039
vn 0.5845 -0.7542 0.2991
vn 0.5306 -0.7544 0.3864
vn 0.4512 -0.7700 0.4512
vn 0.5159 -0.7699 0.3757
vn 0.3757 -0.7699 0.5159
vn 0.2908 -0.7697 0.5684
vn 0.1983 -0.7693 0.6074
vn 0.1002 -0.7689 0.6315
vn -0.1002 -0.7689 0.6315
vn -0.0000 -0.7687 0.6396
vn -0.1983 -0.7693 0.6074
vn -0.2908 -0.7697 0.5684
vn -0.3757 -0.7699 0.5159
vn -0.4512 -0.7700 0.4512
vn -0.5159 -0.7699 0.3757
vn -0.5684 -0.7697 0.2908
vn -0.6074 -0.7693 0.1983
vn -0.6315 -0.7689 0.1002
vn -0.6315 -0.7689 -0.1002
vn -0.6396 -0.7687 -0.0000
vn -0.6074 -0.7693 -0.1983
vn -0.5684 -0.7697 -0.2908
vn -0.5159 -0.7699 -0.3757
vn -0.4512 -0.7700 -0.4512
vn -0.3757 -0.7699 -0.5159
vn -0.2908 -0.7697 -0.5684
vn -0.1983 -0.7693 -0.6074
vn -0.1002 -0.7689 -0.6315
vn 0.1002 -0.7689 -0.6315
vn -0.0000 -0.7687 -0.6396
vn 0.1983 -0.7693 -0.6074
vn 0.2908 -0.7697 -0.5684
vn 0.3757 -0.7699 -0.5159
vn 0.4512 -0.7700 -0.4512
vn 0.5159 -0.7699 -0.3757
vn 0.5684 -0.7697 -0.2908
vn 0.6074 -0.7693 -0.1983
vn 0.6315 -0.7689 -0.1002
vn 0.6315 -0.7689 0.1002
vn 0.6396 -0.7687 -0.0000
vn 0.6074 -0.7693 0.1983
vn 0.5684 -0.7697 0.2908
vn 0.5372 -0.7472 0.3913
vn 0.5918 -0.7470 0.3029
vn 0.4699 -0.7473 0.4699
vn 0.3895 -0.7481 0.5372
vn 0.3013 -0.7479 0.5916
vn 0.2048 -0.7475 0.6319
vn 0.1028 -0.7471 0.6567
vn -0.1044 -0.7461 0.6576
vn -0.0014 -0.7469 0.6650
vn -0.2065 -0.7465 0.6326
vn -0.3029 -0.7469 0.5919
vn -0.3913 -0.7472 0.5372
vn -0.4699 -0.7473 0.4699
vn -0.5371 -0.7481 0.3896
vn -0.5916 -0.7479 0.3013
vn -0.6319 -0.7475 0.2049
vn -0.6567 -0.7471 0.1029
vn -0.6575 -0.7462 -0.1044
vn -0.6650 -0.7469 -0.0014
vn -0.6325 -0.7465 -0.2065
vn -0.5919 -0.7469 -0.3029
vn -0.5372 -0.7472 -0.3913
vn -0.4699 -0.7473 -0.4699
vn -0.3895 -0.7481 -0.5372
vn -0.3013 -0.7479 -0.5916
vn -0.2048 -0.7475 -0.6319
vn -0.1028 -0.7471 -0.6567
vn 0.1044 -0.7461 -0.6576
vn 0.0014 -0.7469 -0.6650
vn 0.2065 -0.7465 -0.6326
vn 0.3029 -0.7469 -0.5919
vn 0.3913 -0.7472 -0.5372
vn 0.4699 -0.7473 -0.4699
vn 0.5371 -0.7481 -0.3896
vn 0.5916 -0.7479 -0.3013
vn 0.6319 -0.7475 -0.2049
vn 0.6567 -0.7471 -0.1029
vn 0.6575 -0.7462 0.1044
vn 0.6650 -0.7469 0.0014
vn 0.6325 -0.7465 0.2065
vn 0.7127 -0.5992 0.3647
vn 0.7613 -0.5989 0.2485
vn 0.6469 -0.5995 0.4712
vn 0.5659 -0.5996 0.5659
vn 0.4654 -0.6036 0.6473
vn 0.3589 -0.6034 0.7122
vn 0.2428 -0.6030 0.7599
vn 0.1202 -0.6025 0.7890
vn -0.1256 -0.5984 0.7913
vn -0.0049 -0.6023 0.7983
vn -0.2485 -0.5988 0.7613
vn -0.3647 -0.5992 0.7127
vn -0.4712 -0.5995 0.6469
vn -0.5659 -0.5996 0.5659
vn -0.6473 -0.6036 0.4654
vn -0.7122 -0.6034 0.3589
vn -0.7599 -0.6030 0.2428
vn -0.7890 -0.6025 0.1202
vn -0.7913 -0.5984 -0.1256
vn -0.7983 -0.6023 -0.0049
vn -0.7613 -0.5989 -0.2485
vn -0.7127 -0.5992 -0.3647
vn -0.6469 -0.5995 -0.4712
vn -0.5659 -0.5996 -0.5659
vn -0.4654 -0.6036 -0.6473
vn -0.3589 -0.6034 -0.7122
vn -0.2428 -0.6030 -0.7599
vn -0.1202 -0.6025 -0.7890
vn 0.1256 -0.5984 -0.7913
vn 0.0049 -0.6023 -0.7983
vn 0.2485 -0.5988 -0.7613
vn 0.3647 -0.5992 -0.7127
vn 0.4712 -0.5995 -0.6469
vn 0.5659 -0.5996 -0.5659
vn 0.6473 -0.6036 -0.4654
vn 0.7122 -0.6034 -0.3589
vn 0.7599 -0.6030 -0.2428
vn 0.7890 -0.6025 -0.1202
vn 0.7913 -0.5984 0.1256
vn 0.7983 -0.6023 0.0049
vn 0.9032 -0.3119 0.2949
vn 0.9385 -0.3115 0.1490
vn 0.8457 -0.3122 0.4328
vn 0.7679 -0.3123 0.5593
vn 0.6717 -0.3124 0.6717
vn 0.5568 -0.3147 0.7687
vn 0.4301 -0.3146 0.8462
vn 0.2921 -0.3143 0.9033
vn 0.1463 -0.3139 0.9381
vn -0.1490 -0.3115 0.9385
vn -0.0026 -0.3138 0.9495
vn -0.2949 -0.3118 0.9032
vn -0.4328 -0.3122 0.8457
vn -0.5593 -0.3123 0.7679
vn -0.6717 -0.3124 0.6717
vn -0.7687 -0.3147 0.5568
vn -0.8462 -0.3146 0.4301
vn -0.9033 -0.3143 0.2921
vn -0.9381 -0.3139 0.1463
vn -0.9385 -0.3115 -0.1490
vn -0.9495 -0.3138 -0.0025
vn -0.9032 -0.3119 -0.2949
vn -0.8457 -0.3122 -0.4328
vn -0.7679 -0.3123 -0.5593
vn -0.6717 -0.3124 -0.6717
vn -0.5568 -0.3147 -0.7687
vn -0.4301 -0.3146 -0.8462
vn -0.2921 -0.3143 -0.9033
vn -0.1463 -0.3139 -0.9381
vn 0.1490 -0.3115 -0.9385
vn 0.0026 -0.3138 -0.9495
vn 0.2949 -0.3118 -0.9032
vn 0.4328 -0.3122 -0.8457
vn 0.5593 -0.3123 -0.7679
vn 0.6717 -0.3124 -0.6717
vn 0.7687 -0.3147 -0.5568
vn 0.8462 -0.3146 -0.4301
vn 0.9033 -0.3143 -0.2921
vn 0.9381 -0.3139 -0.1463
vn 0.9495 -0.3138 0.0025
vn 0.9143 -0.3783 0.1448
vn 0.6685 -0.7362 0.1053
vn 0.9274 -0.3741 -0.0043
vn 0.4026 -0.9132 0.0630
vn 0.6828 -0.7306 -0.0076
vn 0.2371 -0.9708 0.0368
vn 0.4128 -0.9108 -0.0052
vn 0.1438 -0.9894 0.0221
vn 0.2431 -0.9700 -0.0030
vn 0.0884 -0.9960 0.0135
vn 0.1472 -0.9891 -0.0017
vn 0.0532 -0.9985 0.0080
vn 0.0904 -0.9959 -0.0011
vn 0.0296 -0.9996 0.0044
vn 0.0543 -0.9985 -0.0006
vn 0.0128 -0.9999 0.0017
vn 0.0301 -0.9995 -0.0005
vn -0.0000 -1.0000 -0.0000
vn 0.0130 -0.9999 -0.0000
vn 0.0125 -0.9999 -0.0020
vn 0.0124 -0.9999 -0.0040
vn 0.0116 -0.9999 -0.0059
vn 0.0102 -0.9999 -0.0074
vn 0.0088 -0.9999 -0.0088
vn 0.0074 -0.9999 -0.0102
vn 0.0059 -0.9999 -0.0116
vn 0.0040 -0.9999 -0.0124
vn 0.0020 -0.9999 -0.0129
vn -0.0000 -0.9999 -0.0130
vn -0.0020 -0.9999 -0.0129
vn -0.0040 -0.9999 -0.0124
vn -0.0059 -0.9999 -0.0116
vn -0.0074 -0.9999 -0.0102
vn -0.0088 -0.9999 -0.0088
vn -0.0102 -0.9999 -0.0074
vn -0.0116 -0.9999 -0.0059
vn -0.0124 -0.9999 -0.0040
vn -0.0125 -0.9999 -0.0020
vn -0.0130 -0.9999 -0.0000
vn -0.0125 -0.9999 0.0020
vn -0.0124 -0.9999 0.0040
vn -0.0116 -0.9999 0.0059
vn -0.0102 -0.9999 0.0074
vn -0.0088 -0.9999 0.0088
vn -0.0074 -0.9999 0.0102
vn -0.0059 -0.9999 0.0116
vn -0.0040 -0.9999 0.0124
vn -0.0020 -0.9999 0.0129
vn -0.0000 -0.9999 0.0130
vn 0.0020 -0.9999 0.0129
vn 0.0040 -0.9999 0.0124
vn 0.0059 -0.9999 0.0116
vn 0.0074 -0.9999 0.0102
vn 0.0088 -0.9999 0.0088
vn 0.0102 -0.9999 0.0074
vn 0.0116 -0.9999 0.0059
vn 0.0124 -0.9999 0.0040
vn 0.0280 -0.9996 0.0091
vn 0.0508 -0.9986 0.0166
vn 0.0847 -0.9960 0.0276
vn 0.1380 -0.9894 0.0450
vn 0.2277 -0.9709 0.0743
vn 0.3870 -0.9134 0.1263
vn 0.6429 -0.7367 0.2098
vn 0.8798 -0.3788 0.2872
vn 0.8240 -0.3790 0.4212
vn 0.6022 -0.7369 0.3072
vn 0.3625 -0.9136 0.1844
vn 0.2135 -0.9709 0.1083
vn 0.1295 -0.9894 0.0654
vn 0.0797 -0.9960 0.0401
vn 0.0481 -0.9986 0.0242
vn 0.0267 -0.9996 0.0131
vn 0.0238 -0.9996 0.0173
vn 0.0431 -0.9986 0.0314
vn 0.0719 -0.9960 0.0523
vn 0.1171 -0.9895 0.0853
vn 0.1933 -0.9710 0.1408
vn 0.3285 -0.9137 0.2392
vn 0.5461 -0.7373 0.3977
vn 0.7479 -0.3793 0.5448
vn 0.6546 -0.3793 0.6540
vn 0.4783 -0.7373 0.4771
vn 0.2880 -0.9137 0.2867
vn 0.1697 -0.9710 0.1685
vn 0.1030 -0.9894 0.1020
vn 0.0634 -0.9960 0.0626
vn 0.0383 -0.9986 0.0376
vn 0.0214 -0.9996 0.0206
vn 0.0173 -0.9996 0.0237
vn 0.0314 -0.9986 0.0431
vn 0.0523 -0.9960 0.0719
vn 0.0853 -0.9895 0.1171
vn 0.1408 -0.9710 0.1933
vn 0.2393 -0.9137 0.3286
vn 0.3977 -0.7373 0.5461
vn 0.5448 -0.3793 0.7479
vn 0.4216 -0.3790 0.8238
vn 0.3079 -0.7369 0.6018
vn 0.1852 -0.9136 0.3620
vn 0.1090 -0.9710 0.2130
vn 0.0660 -0.9894 0.1290
vn 0.0405 -0.9960 0.0791
vn 0.0244 -0.9986 0.0476
vn 0.0135 -0.9996 0.0264
vn 0.0091 -0.9996 0.0280
vn 0.0166 -0.9986 0.0509
vn 0.0276 -0.9960 0.0847
vn 0.0450 -0.9894 0.1380
vn 0.0743 -0.9709 0.2278
vn 0.1263 -0.9134 0.3870
vn 0.2098 -0.7367 0.6429
vn 0.2872 -0.3788 0.8798
vn 0.1452 -0.3783 0.9142
vn 0.1061 -0.7362 0.6684
vn 0.0639 -0.9132 0.4024
vn 0.0376 -0.9708 0.2369
vn 0.0228 -0.9894 0.1435
vn 0.0140 -0.9960 0.0882
vn 0.0084 -0.9986 0.0529
vn 0.0047 -0.9996 0.0293
vn -0.0000 -0.9996 0.0297
vn -0.0000 -0.9986 0.0537
vn -0.0000 -0.9960 0.0892
vn -0.0000 -0.9894 0.1454
vn -0.0000 -0.9708 0.2399
vn -0.0000 -0.9131 0.4077
vn -0.0000 -0.7360 0.6769
vn -0.0000 -0.3782 0.9257
vn -0.1448 -0.3783 0.9143
vn -0.1053 -0.7362 0.6685
vn -0.0630 -0.9132 0.4026
vn -0.0368 -0.9708 0.2371
vn -0.0221 -0.9894 0.1438
vn -0.0135 -0.9960 0.0884
vn -0.0079 -0.9986 0.0532
vn -0.0043 -0.9996 0.0295
vn -0.0091 -0.9996 0.0280
vn -0.0166 -0.9986 0.0508
vn -0.0276 -0.9960 0.0847
vn -0.0450 -0.9894 0.1380
vn -0.0743 -0.9709 0.2277
vn -0.1263 -0.9134 0.3870
vn -0.2098 -0.7367 0.6429
vn -0.2872 -0.3788 0.8798
vn -0.4212 -0.3790 0.8240
vn -0.3072 -0.7369 0.6022
vn -0.1844 -0.9135 0.3625
vn -0.1083 -0.9709 0.2135
vn -0.0654 -0.9894 0.1295
vn -0.0400 -0.9960 0.0796
vn -0.0242 -0.9986 0.0481
vn -0.0133 -0.9996 0.0267
vn -0.0173 -0.9996 0.0237
vn -0.0314 -0.9986 0.0431
vn -0.0523 -0.9960 0.0719
vn -0.0853 -0.9895 0.1171
vn -0.1408 -0.9710 0.1933
vn -0.2393 -0.9137 0.3286
vn -0.3977 -0.7373 0.5461
vn -0.5448 -0.3793 0.7479
vn -0.6540 -0.3793 0.6546
vn -0.4771 -0.7373 0.4783
vn -0.2867 -0.9137 0.2880
vn -0.1685 -0.9710 0.1697
vn -0.1020 -0.9894 0.1030
vn -0.0626 -0.9960 0.0634
vn -0.0376 -0.9986 0.0383
vn -0.0207 -0.9996 0.0213
vn -0.0238 -0.9996 0.0173
vn -0.0431 -0.9986 0.0314
vn -0.0719 -0.9960 0.0523
vn -0.1171 -0.9895 0.0853
vn -0.1933 -0.9710 0.1408
vn -0.3286 -0.9137 0.2393
vn -0.5461 -0.7373 0.3977
vn -0.7479 -0.3793 0.5448
vn -0.8238 -0.3790 0.4216
vn -0.6018 -0.7369 0.3079
vn -0.3620 -0.9136 0.1852
vn -0.2130 -0.9710 0.1090
vn -0.1290 -0.9894 0.0660
vn -0.0793 -0.9960 0.0406
vn -0.0476 -0.9986 0.0244
vn -0.0262 -0.9996 0.0134
vn -0.0280 -0.9996 0.0091
vn -0.0508 -0.9986 0.0166
vn -0.0847 -0.9960 0.0276
vn -0.1380 -0.9894 0.0450
vn -0.2277 -0.9709 0.0743
vn -0.3870 -0.9134 0.1263
vn -0.6429 -0.7367 0.2098
vn -0.8798 -0.3788 0.2872
vn -0.9142 -0.3783 0.1452
vn -0.6684 -0.7362 0.1061
vn -0.4024 -0.9132 0.0639
vn -0.2368 -0.9708 0.0376
vn -0.1435 -0.9894 0.0228
vn -0.0882 -0.9960 0.0140
vn -0.0530 -0.9986 0.0084
vn -0.0293 -0.9996 0.0047
vn -0.0296 -0.9996 -0.0000
vn -0.0537 -0.9986 -0.0000
vn -0.0892 -0.9960 -0.0000
vn -0.1454 -0.9894 -0.0000
vn -0.2399 -0.9708 -0.0000
vn -0.4077 -0.9131 -0.0000
vn -0.6769 -0.7360 -0.0000
vn -0.9257 -0.3782 -0.0000
vn -0.9143 -0.3783 -0.1448
vn -0.6685 -0.7362 -0.1053
vn -0.4026 -0.9132 -0.0630
vn -0.2371 -0.9708 -0.0368
vn -0.1438 -0.9894 -0.0221
vn -0.0884 -0.9960 -0.0135
vn -0.0532 -0.9985 -0.0080
vn -0.0296 -0.9996 -0.0044
vn -0.0280 -0.9996 -0.0091
vn -0.0508 -0.9986 -0.0166
vn -0.0847 -0.9960 -0.0276
vn -0.1380 -0.9894 -0.0450
vn -0.2277 -0.9709 -0.0743
vn -0.3870 -0.9134 -0.1263
vn -0.6429 -0.7367 -0.2098
vn -0.8798 -0.3788 -0.2872
vn -0.8240 -0.3790 -0.4212
vn -0.6022 -0.7369 -0.3072
vn -0.3625 -0.9136 -0.1844
vn -0.2135 -0.9709 -0.1083
vn -0.1295 -0.9894 -0.0654
vn -0.0797 -0.9960 -0.0401
vn -0.0481 -0.9986 -0.0242
vn -0.0267 -0.9996 -0.0131
vn -0.0238 -0.9996 -0.0173
vn -0.0431 -0.9986 -0.0314
vn -0.0719 -0.9960 -0.0523
vn -0.1171 -0.9895 -0.0853
vn -0.1933 -0.9710 -0.1408
vn -0.3285 -0.9137 -0.2392
vn -0.5461 -0.7373 -0.3977
vn -0.7479 -0.3793 -0.5448
vn -0.6546 -0.3793 -0.6540
vn -0.4783 -0.7373 -0.4771
vn -0.2880 -0.9137 -0.2867
vn -0.1697 -0.9710 -0.1685
vn -0.1030 -0.9894 -0.1020
vn -0.0634 -0.9960 -0.0626
vn -0.0383 -0.9986 -0.0376
vn -0.0214 -0.9996 -0.0206
vn -0.0173 -0.9996 -0.0237
vn -0.0314 -0.9986 -0.0431
vn -0.0523 -0.9960 -0.0719
vn -0.0853 -0.9895 -0.1171
vn -0.1408 -0.9710 -0.1933
vn -0.2393 -0.9137 -0.3286
vn -0.3977 -0.7373 -0.5461
vn -0.5448 -0.3793 -0.7479
vn -0.4216 -0.3790 -0.8238
vn -0.3079 -0.7369 -0.6018
vn -0.1852 -0.9136 -0.3620
vn -0.1090 -0.9710 -0.2130
vn -0.0660 -0.9894 -0.1290
vn -0.0405 -0.9960 -0.0791
vn -0.0244 -0.9986 -0.0476
vn -0.0135 -0.9996 -0.0264
vn -0.0091 -0.9996 -0.0280
vn -0.0166 -0.9986 -0.0509
vn -0.0276 -0.9960 -0.0847
vn -0.0450 -0.9894 -0.1380
vn -0.0743 -0.9709 -0.2278
vn -0.1263 -0.9134 -0.3870
vn -0.2098 -0.7367 -0.6429
vn -0.2872 -0.3788 -0.8798
vn -0.1452 -0.3783 -0.9142
vn -0.1061 -0.7362 -0.6684
vn -0.0639 -0.9132 -0.4024
vn -0.0376 -0.9708 -0.2369
vn -0.0228 -0.9894 -0.1435
vn -0.0140 -0.9960 -0.0882
vn -0.0084 -0.9986 -0.0529
vn -0.0047 -0.9996 -0.0293
vn -0.0000 -0.9996 -0.0297
vn -0.0000 -0.9986 -0.0537
vn -0.0000 -0.9960 -0.0892
vn -0.0000 -0.9894 -0.1454
vn -0.0000 -0.9708 -0.2399
vn -0.0000 -0.9131 -0.4077
vn -0.0000 -0.7360 -0.6769
vn -0.0000 -0.3782 -0.9257
vn 0.1448 -0.3783 -0.9143
vn 0.1053 -0.7362 -0.6685
vn 0.0630 -0.9132 -0.4026
vn 0.0368 -0.9708 -0.2371
vn 0.0221 -0.9894 -0.1438
vn 0.0135 -0.9960 -0.0884
vn 0.0079 -0.9986 -0.0532
vn 0.0043 -0.9996 -0.0295
vn 0.0091 -0.9996 -0.0280
vn 0.0166 -0.9986 -0.0508
vn 0.0276 -0.9960 -0.0847
vn 0.0450 -0.9894 -0.1380
vn 0.0743 -0.9709 -0.2277
vn 0.1263 -0.9134 -0.3870
vn 0.2098 -0.7367 -0.6429
vn 0.2872 -0.3788 -0.8798
vn 0.4212 -0.3790 -0.8240
vn 0.3072 -0.7369 -0.6022
vn 0.1844 -0.9135 -0.3625
vn 0.1083 -0.9709 -0.2135
vn 0.0654 -0.9894 -0.1295
vn 0.0400 -0.9960 -0.0796
vn 0.0242 -0.9986 -0.0481
vn 0.0133 -0.9996 -0.0267
vn 0.0173 -0.9996 -0.0237
vn 0.0314 -0.9986 -0.0431
vn 0.0523 -0.9960 -0.0719
vn 0.0853 -0.9895 -0.1171
vn 0.1408 -0.9710 -0.1933
vn 0.2393 -0.9137 -0.3286
vn 0.3977 -0.7373 -0.5461
vn 0.5448 -0.3793 -0.7479
vn 0.6540 -0.3793 -0.6546
vn 0.4771 -0.7373 -0.4783
vn 0.2867 -0.9137 -0.2880
vn 0.1685 -0.9710 -0.1697
vn 0.1020 -0.9894 -0.1030
vn 0.0626 -0.9960 -0.0634
vn 0.0376 -0.9986 -0.0383
vn 0.0207 -0.9996 -0.0213
vn 0.0238 -0.9996 -0.0173
vn 0.0431 -0.9986 -0.0314
vn 0.0719 -0.9960 -0.0523
vn 0.1171 -0.9895 -0.0853
vn 0.1933 -0.9710 -0.1408
vn 0.3286 -0.9137 -0.2393
vn 0.5461 -0.7373 -0.3977
vn 0.7479 -0.3793 -0.5448
vn 0.8238 -0.3790 -0.4216
vn 0.6018 -0.7369 -0.3079
vn 0.3620 -0.9136 -0.1852
vn 0.2130 -0.9710 -0.1090
vn 0.1290 -0.9894 -0.0660
vn 0.0793 -0.9960 -0.0406
vn 0.0476 -0.9986 -0.0244
vn 0.0262 -0.9996 -0.0134
vn 0.0280 -0.9996 -0.0091
vn 0.0508 -0.9986 -0.0166
vn 0.0847 -0.9960 -0.0276
vn 0.1380 -0.9894 -0.0450
vn 0.2277 -0.9709 -0.0743
vn 0.3870 -0.9134 -0.1263
vn 0.6429 -0.7367 -0.2098
vn 0.8798 -0.3788 -0.2872
vn 0.9142 -0.3783 -0.1452
vn 0.6684 -0.7362 -0.1061
vn 0.4024 -0.9132 -0.0639
vn 0.2368 -0.9708 -0.0376
vn 0.1435 -0.9894 -0.0228
vn 0.0882 -0.9960 -0.0140
vn 0.0530 -0.9986 -0.0084
vn 0.0293 -0.9996 -0.0047
vn -0.0000 1.0000 -0.0000
vn 0.0194 0.9922 -0.1230
vn -0.0000 0.9922 -0.1245
vn 0.0384 0.9923 -0.1182
vn 0.0564 0.9923 -0.1106
vn 0.0729 0.9923 -0.1002
vn 0.0876 0.9923 -0.0876
vn 0.1003 0.9923 -0.0729
vn 0.1106 0.9923 -0.0564
vn 0.1182 0.9922 -0.0384
vn 0.1230 0.9922 -0.0194
vn 0.1245 0.9922 -0.0000
vn 0.1230 0.9922 0.0194
vn 0.1182 0.9922 0.0384
vn 0.1106 0.9923 0.0564
vn 0.1002 0.9923 0.0729
vn 0.0876 0.9923 0.0876
vn 0.0729 0.9923 0.1002
vn 0.0564 0.9923 0.1106
vn 0.0384 0.9923 0.1182
vn 0.0194 0.9922 0.1230
vn -0.0000 0.9922 0.1245
vn -0.0194 0.9922 0.1230
vn -0.0384 0.9923 0.1182
vn -0.0564 0.9923 0.1106
vn -0.0729 0.9923 0.1002
vn -0.0876 0.9923 0.0876
vn -0.1003 0.9923 0.0729
vn -0.1106 0.9923 0.0564
vn -0.1182 0.9922 0.0384
vn -0.1230 0.9922 0.0194
vn -0.1245 0.9922 -0.0000
vn -0.1230 0.9922 -0.0194
vn -0.1182 0.9922 -0.0384
vn -0.1106 0.9923 -0.0564
vn -0.1002 0.9923 -0.0729
vn -0.0876 0.9923 -0.0876
vn -0.0729 0.9923 -0.1002
vn -0.0564 0.9923 -0.1106
vn -0.0384 0.9923 -0.1182
vn -0.0194 0.9922 -0.1230
vn -0.0000 0.9129 -0.4082
vn -0.0635 0.9130 -0.4030
vn 0.0745 0.9091 -0.4098
vn 0.1377 0.9094 -0.3925
vn 0.1974 0.9096 -0.3656
vn 0.2520 0.9097 -0.3300
vn 0.3290 0.9135 -0.2392
vn 0.3003 0.9098 -0.2865
vn 0.3626 0.9134 -0.1849
vn 0.3876 0.9132 -0.1258
vn 0.4030 0.9130 -0.0635
vn 0.4082 0.9129 -0.0000
vn 0.4098 0.9091 0.0745
vn 0.3925 0.9094 0.1377
vn 0.3656 0.9096 0.1974
vn 0.3299 0.9097 0.2520
vn 0.2392 0.9135 0.3290
vn 0.2865 0.9098 0.3003
vn 0.1849 0.9134 0.3626
vn 0.1258 0.9132 0.3876
vn 0.0635 0.9130 0.4030
vn -0.0000 0.9129 0.4082
vn -0.0745 0.9091 0.4098
vn -0.1377 0.9094 0.3925
vn -0.1974 0.9096 0.3656
vn -0.2520 0.9097 0.3300
vn -0.3290 0.9135 0.2392
vn -0.3003 0.9098 0.2865
vn -0.3626 0.9134 0.1849
vn -0.3876 0.9132 0.1258
vn -0.4030 0.9130 0.0635
vn -0.4082 0.9129 -0.0000
vn -0.4098 0.9091 -0.0745
vn -0.3925 0.9094 -0.1377
vn -0.3656 0.9096 -0.1974
vn -0.3299 0.9097 -0.2520
vn -0.2392 0.9135 -0.3290
vn -0.2865 0.9098 -0.3003
vn -0.1849 0.9134 -0.3626
vn -0.1258 0.9132 -0.3876
vn -0.1388 0.4534 -0.8804
vn -0.2752 0.4537 -0.8476
vn -0.0000 0.4533 -0.8914
vn 0.1500 0.4444 -0.8832
vn 0.2868 0.4448 -0.8485
vn 0.4163 0.4450 -0.7929
vn 0.5351 0.4452 -0.7180
vn 0.7206 0.4542 -0.5239
vn 0.6405 0.4452 -0.6258
vn 0.7938 0.4540 -0.4047
vn 0.8476 0.4537 -0.2752
vn 0.8804 0.4534 -0.1388
vn 0.8914 0.4533 -0.0000
vn 0.8832 0.4444 0.1500
vn 0.8485 0.4448 0.2868
vn 0.7929 0.4450 0.4163
vn 0.7180 0.4452 0.5351
vn 0.5239 0.4542 0.7206
vn 0.6258 0.4452 0.6405
vn 0.4047 0.4540 0.7938
vn 0.2752 0.4537 0.8476
vn 0.1388 0.4534 0.8804
vn -0.0000 0.4533 0.8914
vn -0.1500 0.4444 0.8832
vn -0.2868 0.4448 0.8485
vn -0.4163 0.4450 0.7929
vn -0.5351 0.4452 0.7180
vn -0.7206 0.4542 0.5239
vn -0.6405 0.4452 0.6258
vn -0.7938 0.4540 0.4047
vn -0.8476 0.4537 0.2752
vn -0.8804 0.4534 0.1388
vn -0.8914 0.4533 -0.0000
vn -0.8832 0.4444 -0.1500
vn -0.8485 0.4448 -0.2868
vn -0.7929 0.4450 -0.4163
vn -0.7180 0.4452 -0.5351
vn -0.5239 0.4542 -0.7206
vn -0.6258 0.4452 -0.6405
vn -0.4047 0.4540 -0.7938
vn -0.4368 -0.2743 -0.8567
vn -0.3012 -0.2702 -0.9145
vn -0.1539 -0.2698 -0.9505
vn 0.1498 -0.2735 -0.9501
vn -0.0038 -0.2696 -0.9630
vn 0.2970 -0.2740 -0.9147
vn 0.4368 -0.2743 -0.8567
vn 0.5655 -0.2746 -0.7777
vn 0.6799 -0.2746 -0.6799
vn 0.7762 -0.2708 -0.5693
vn 0.8558 -0.2706 -0.4409
vn 0.9145 -0.2702 -0.3012
vn 0.9505 -0.2698 -0.1539
vn 0.9501 -0.2735 0.1498
vn 0.9630 -0.2696 -0.0038
vn 0.9147 -0.2739 0.2970
vn 0.8567 -0.2743 0.4368
vn 0.7777 -0.2746 0.5654
vn 0.6799 -0.2746 0.6799
vn 0.5693 -0.2708 0.7762
vn 0.4409 -0.2706 0.8558
vn 0.3012 -0.2702 0.9145
vn 0.1539 -0.2698 0.9505
vn -0.1498 -0.2735 0.9501
vn 0.0038 -0.2696 0.9630
vn -0.2970 -0.2739 0.9147
vn -0.4368 -0.2743 0.8567
vn -0.5655 -0.2746 0.7777
vn -0.6799 -0.2746 0.6799
vn -0.7762 -0.2708 0.5693
vn -0.8558 -0.2706 0.4409
vn -0.9145 -0.2702 0.3012
vn -0.9505 -0.2698 0.1539
vn -0.9501 -0.2735 -0.1498
vn -0.9630 -0.2696 0.0038
vn -0.9147 -0.2739 -0.2970
vn -0.8567 -0.2743 -0.4368
vn -0.7777 -0.2746 -0.5654
vn -0.6799 -0.2746 -0.6799
vn -0.5693 -0.2708 -0.7762
vn -0.4704 -0.6002 -0.6469
vn -0.3664 -0.5977 -0.7131
vn -0.2502 -0.5971 -0.7622
vn -0.1275 -0.5964 -0.7925
vn 0.1248 -0.5985 -0.7913
vn -0.0025 -0.5961 -0.8029
vn 0.2473 -0.5992 -0.7615
vn 0.3635 -0.5998 -0.7128
vn 0.4704 -0.6002 -0.6469
vn 0.5654 -0.6004 -0.5654
vn 0.6467 -0.5981 -0.4733
vn 0.7131 -0.5977 -0.3664
vn 0.7622 -0.5971 -0.2502
vn 0.7925 -0.5964 -0.1275
vn 0.7914 -0.5985 0.1248
vn 0.8029 -0.5961 -0.0025
vn 0.7615 -0.5992 0.2473
vn 0.7128 -0.5998 0.3635
vn 0.6469 -0.6002 0.4704
vn 0.5655 -0.6004 0.5655
vn 0.4733 -0.5981 0.6467
vn 0.3664 -0.5977 0.7131
vn 0.2502 -0.5971 0.7622
vn 0.1275 -0.5964 0.7925
vn -0.1248 -0.5985 0.7913
vn 0.0025 -0.5961 0.8029
vn -0.2473 -0.5992 0.7615
vn -0.3635 -0.5998 0.7128
vn -0.4704 -0.6002 0.6469
vn -0.5654 -0.6004 0.5654
vn -0.6467 -0.5981 0.4733
vn -0.7131 -0.5977 0.3664
vn -0.7622 -0.5971 0.2502
vn -0.7925 -0.5964 0.1275
vn -0.7914 -0.5985 -0.1248
vn -0.8029 -0.5961 0.0025
vn -0.7615 -0.5992 -0.2473
vn -0.7128 -0.5998 -0.3635
vn -0.6469 -0.6002 -0.4704
vn -0.5655 -0.6004 -0.5655
vn -0.5263 -0.6678 -0.5263
vn -0.4378 -0.6677 -0.6021
vn -0.3385 -0.6672 -0.6635
vn -0.2303 -0.6666 -0.7089
vn -0.1163 -0.6660 -0.7369
vn 0.1163 -0.6660 -0.7369
vn -0.0000 -0.6656 -0.7463
vn 0.2303 -0.6666 -0.7089
vn 0.3385 -0.6672 -0.6635
vn 0.4378 -0.6677 -0.6021
vn 0.5263 -0.6678 -0.5263
vn 0.6021 -0.6677 -0.4378
vn 0.6635 -0.6672 -0.3385
vn 0.7089 -0.6666 -0.2303
vn 0.7369 -0.6660 -0.1163
vn 0.7369 -0.6660 0.1163
vn 0.7463 -0.6656 -0.0000
vn 0.7089 -0.6666 0.2303
vn 0.6635 -0.6672 0.3385
vn 0.6021 -0.6677 0.4378
vn 0.5263 -0.6678 0.5263
vn 0.4378 -0.6677 0.6021
vn 0.3385 -0.6672 0.6635
vn 0.2303 -0.6666 0.7089
vn 0.1163 -0.6660 0.7369
vn -0.1163 -0.6660 0.7369
vn -0.0000 -0.6656 0.7463
vn -0.2303 -0.6666 0.7089
vn -0.3385 -0.6672 0.6635
vn -0.4378 -0.6677 0.6021
vn -0.5263 -0.6678 0.5263
vn -0.6021 -0.6677 0.4378
vn -0.6635 -0.6672 0.3385
vn -0.7089 -0.6666 0.2303
vn -0.7369 -0.6660 0.1163
vn -0.7369 -0.6660 -0.1163
vn -0.7463 -0.6656 -0.0000
vn -0.7089 -0.6666 -0.2303
vn -0.6635 -0.6672 -0.3385
vn -0.6021 -0.6677 -0.4378
vn -0.5540 -0.6215 -0.5540
vn -0.6336 -0.6214 -0.4609
vn -0.4585 -0.6230 -0.6338
vn -0.3540 -0.6225 -0.6979
vn -0.2403 -0.6218 -0.7454
vn -0.1203 -0.6212 -0.7744
vn 0.1225 -0.6195 -0.7754
vn 0.0019 -0.6208 -0.7840
vn 0.2426 -0.6202 -0.7460
vn 0.3563 -0.6209 -0.6982
vn 0.4609 -0.6214 -0.6336
vn 0.5539 -0.6215 -0.5539
vn 0.6337 -0.6230 -0.4586
vn 0.6979 -0.6225 -0.3540
vn 0.7454 -0.6218 -0.2403
vn 0.7744 -0.6212 -0.1203
vn 0.7754 -0.6195 0.1225
vn 0.7840 -0.6208 0.0019
vn 0.7460 -0.6202 0.2426
vn 0.6982 -0.6210 0.3563
vn 0.6336 -0.6214 0.4609
vn 0.5540 -0.6215 0.5540
vn 0.4585 -0.6230 0.6338
vn 0.3540 -0.6225 0.6979
vn 0.2403 -0.6218 0.7454
vn 0.1203 -0.6212 0.7744
vn -0.1225 -0.6195 0.7754
vn -0.0019 -0.6208 0.7840
vn -0.2426 -0.6202 0.7460
vn -0.3563 -0.6209 0.6982
vn -0.4609 -0.6214 0.6336
vn -0.5539 -0.6215 0.5539
vn -0.6337 -0.6230 0.4586
vn -0.6979 -0.6225 0.3540
vn -0.7454 -0.6218 0.2403
vn -0.7744 -0.6212 0.1203
vn -0.7754 -0.6195 -0.1225
vn -0.7840 -0.6208 -0.0019
vn -0.7460 -0.6202 -0.2426
vn -0.6982 -0.6210 -0.3563
vn -0.7418 -0.3978 -0.5399
vn -0.8172 -0.3973 -0.4175
vn -0.6487 -0.3980 -0.6487
vn -0.5359 -0.4013 -0.7428
vn -0.4134 -0.4008 -0.8176
vn -0.2801 -0.4001 -0.8726
vn -0.1396 -0.3995 -0.9061
vn 0.1436 -0.3960 -0.9070
vn 0.0037 -0.3992 -0.9169
vn 0.2842 -0.3967 -0.8728
vn 0.4175 -0.3973 -0.8172
vn 0.5399 -0.3978 -0.7418
vn 0.6487 -0.3980 -0.6487
vn 0.7428 -0.4013 -0.5359
vn 0.8176 -0.4008 -0.4134
vn 0.8726 -0.4001 -0.2802
vn 0.9061 -0.3995 -0.1396
vn 0.9070 -0.3960 0.1436
vn 0.9169 -0.3992 0.0037
vn 0.8728 -0.3967 0.2842
vn 0.8172 -0.3973 0.4175
vn 0.7418 -0.3978 0.5399
vn 0.6487 -0.3980 0.6487
vn 0.5359 -0.4013 0.7428
vn 0.4134 -0.4008 0.8176
vn 0.2801 -0.4001 0.8726
vn 0.1396 -0.3995 0.9061
vn -0.1436 -0.3960 0.9070
vn -0.0037 -0.3992 0.9169
vn -0.2842 -0.3967 0.8728
vn -0.4175 -0.3973 0.8172
vn -0.5399 -0.3978 0.7418
vn -0.6487 -0.3980 0.6487
vn -0.7428 -0.4013 0.5359
vn -0.8176 -0.4008 0.4134
vn -0.8726 -0.4001 0.2802
vn -0.9061 -0.3995 0.1396
vn -0.9070 -0.3960 -0.1436
vn -0.9169 -0.3992 -0.0037
vn -0.8728 -0.3967 -0.2842
vn -0.8746 0.1873 -0.4473
vn -0.9339 0.1874 -0.3046
vn -0.7941 0.1873 -0.5782
vn -0.6946 0.1872 -0.6946
vn -0.5805 0.1906 -0.7916
vn -0.4499 0.1908 -0.8725
vn -0.3075 0.1909 -0.9322
vn -0.1570 0.1909 -0.9690
vn 0.1539 0.1875 -0.9701
vn -0.0035 0.1908 -0.9816
vn 0.3046 0.1875 -0.9339
vn 0.4473 0.1873 -0.8746
vn 0.5782 0.1873 -0.7941
vn 0.6946 0.1872 -0.6946
vn 0.7916 0.1906 -0.5806
vn 0.8725 0.1908 -0.4499
vn 0.9322 0.1909 -0.3075
vn 0.9690 0.1909 -0.1570
vn 0.9701 0.1875 0.1539
vn 0.9816 0.1908 -0.0035
vn 0.9339 0.1874 0.3046
vn 0.8746 0.1873 0.4473
vn 0.7941 0.1873 0.5782
vn 0.6946 0.1872 0.6946
vn 0.5805 0.1906 0.7916
vn 0.4499 0.1908 0.8725
vn 0.3075 0.1909 0.9322
vn 0.1570 0.1909 0.9690
vn -0.1539 0.1875 0.9701
vn 0.0035 0.1908 0.9816
vn -0.3046 0.1875 0.9339
vn -0.4473 0.1873 0.8746
vn -0.5782 0.1873 0.7941
vn -0.6946 0.1872 0.6946
vn -0.7916 0.1906 0.5806
vn -0.8725 0.1908 0.4499
vn -0.9322 0.1909 0.3075
vn -0.9690 0.1909 0.1570
vn -0.9701 0.1875 -0.1539
vn -0.9816 0.1908 0.0035
vn -0.6577 0.7460 -0.1044
vn -0.6295 0.7519 -0.1959
vn -0.5907 0.7522 -0.2920
vn -0.5377 0.7524 -0.3805
vn -0.3915 0.7468 -0.5376
vn -0.4721 0.7525 -0.4593
vn -0.3031 0.7466 -0.5922
vn -0.2065 0.7463 -0.6327
vn -0.1044 0.7460 -0.6577
vn -0.0000 0.7458 -0.6661
vn 0.0944 0.7516 -0.6528
vn 0.1959 0.7519 -0.6295
vn 0.2920 0.7522 -0.5907
vn 0.3805 0.7524 -0.5377
vn 0.5376 0.7468 -0.3915
vn 0.4593 0.7525 -0.4721
vn 0.5922 0.7466 -0.3030
vn 0.6327 0.7463 -0.2065
vn 0.6577 0.7460 -0.1044
vn 0.6661 0.7458 -0.0000
vn 0.6528 0.7516 0.0944
vn 0.6295 0.7519 0.1959
vn 0.5907 0.7522 0.2920
vn 0.5377 0.7524 0.3805
vn 0.3915 0.7468 0.5376
vn 0.4721 0.7525 0.4593
vn 0.3031 0.7466 0.5922
vn 0.2065 0.7463 0.6327
vn 0.1044 0.7460 0.6577
vn -0.0000 0.7458 0.6661
vn -0.0944 0.7516 0.6528
vn -0.1959 0.7519 0.6295
vn -0.2920 0.7522 0.5907
vn -0.3805 0.7524 0.5377
vn -0.5376 0.7468 0.3915
vn -0.4593 0.7525 0.4721
vn -0.5922 0.7466 0.3030
vn -0.6327 0.7463 0.2065
vn -0.6577 0.7460 0.1044
vn -0.6661 0.7458 -0.0000
vn -0.3739 0.9275 -0.0000
vn -0.3662 0.9290 -0.0539
vn -0.3528 0.9291 -0.1108
vn -0.3307 0.9293 -0.1646
vn -0.3008 0.9294 -0.2140
vn -0.2194 0.9279 -0.3013
vn -0.2639 0.9294 -0.2581
vn -0.1699 0.9278 -0.3320
vn -0.1158 0.9277 -0.3549
vn -0.0586 0.9275 -0.3691
vn -0.0000 0.9275 -0.3739
vn 0.0539 0.9290 -0.3662
vn 0.1108 0.9291 -0.3528
vn 0.1646 0.9293 -0.3307
vn 0.2140 0.9294 -0.3008
vn 0.3013 0.9279 -0.2194
vn 0.2581 0.9294 -0.2639
vn 0.3320 0.9278 -0.1699
vn 0.3549 0.9277 -0.1158
vn 0.3691 0.9275 -0.0586
vn 0.3739 0.9275 -0.0000
vn 0.3662 0.9290 0.0539
vn 0.3528 0.9291 0.1108
vn 0.3307 0.9293 0.1646
vn 0.3008 0.9294 0.2140
vn 0.2194 0.9279 0.3013
vn 0.2639 0.9294 0.2581
vn 0.1699 0.9278 0.3320
vn 0.1158 0.9277 0.3549
vn 0.0586 0.9275 0.3691
vn -0.0000 0.9275 0.3739
vn -0.0539 0.9290 0.3662
vn -0.1108 0.9291 0.3528
vn -0.1646 0.9293 0.3307
vn -0.2140 0.9294 0.3008
vn -0.3013 0.9279 0.2194
vn -0.2581 0.9294 0.2639
vn -0.3320 0.9278 0.1699
vn -0.3549 0.9277 0.1158
vn -0.3691 0.9275 0.0586
vn -0.2466 0.9691 -0.0000
vn -0.2435 0.9691 0.0386
vn -0.2419 0.9696 -0.0363
vn -0.2329 0.9697 -0.0739
vn -0.2183 0.9697 -0.1094
vn -0.1984 0.9698 -0.1420
vn -0.1447 0.9693 -0.1986
vn -0.1739 0.9698 -0.1710
vn -0.1120 0.9693 -0.2189
vn -0.0764 0.9692 -0.2340
vn -0.0386 0.9692 -0.2434
vn -0.0000 0.9691 -0.2466
vn 0.0364 0.9696 -0.2419
vn 0.0739 0.9697 -0.2329
vn 0.1094 0.9697 -0.2182
vn 0.1420 0.9698 -0.1984
vn 0.1987 0.9693 -0.1447
vn 0.1710 0.9698 -0.1739
vn 0.2190 0.9693 -0.1121
vn 0.2341 0.9692 -0.0764
vn 0.2435 0.9691 -0.0386
vn 0.2466 0.9691 -0.0000
vn 0.2419 0.9696 0.0363
vn 0.2329 0.9697 0.0739
vn 0.2183 0.9697 0.1094
vn 0.1984 0.9698 0.1420
vn 0.1447 0.9693 0.1986
vn 0.1739 0.9698 0.1710
vn 0.1120 0.9693 0.2189
vn 0.0764 0.9692 0.2340
vn 0.0386 0.9692 0.2434
vn -0.0000 0.9691 0.2466
vn -0.0364 0.9696 0.2419
vn -0.0739 0.9697 0.2329
vn -0.1094 0.9697 0.2182
vn -0.1420 0.9698 0.1984
vn -0.1987 0.9693 0.1447
vn -0.1710 0.9698 0.1739
vn -0.2190 0.9693 0.1121
vn -0.2341 0.9692 0.0764
vn -0.1822 0.9828 0.0289
vn -0.1752 0.9829 0.0572
vn -0.1846 0.9828 -0.0000
vn -0.1815 0.9830 -0.0279
vn -0.1746 0.9830 -0.0560
vn -0.1636 0.9831 -0.0825
vn -0.1485 0.9831 -0.1070
vn -0.1082 0.9830 -0.1486
vn -0.1301 0.9831 -0.1287
vn -0.0839 0.9829 -0.1639
vn -0.0572 0.9829 -0.1751
vn -0.0289 0.9828 -0.1822
vn -0.0000 0.9828 -0.1847
vn 0.0278 0.9830 -0.1815
vn 0.0560 0.9830 -0.1746
vn 0.0826 0.9831 -0.1635
vn 0.1070 0.9831 -0.1485
vn 0.1487 0.9829 -0.1083
vn 0.1287 0.9831 -0.1302
vn 0.1639 0.9829 -0.0839
vn 0.1752 0.9829 -0.0572
vn 0.1822 0.9828 -0.0289
vn 0.1846 0.9828 -0.0000
vn 0.1815 0.9830 0.0279
vn 0.1746 0.9830 0.0560
vn 0.1636 0.9831 0.0825
vn 0.1485 0.9831 0.1070
vn 0.1082 0.9830 0.1486
vn 0.1301 0.9831 0.1287
vn 0.0839 0.9829 0.1639
vn 0.0572 0.9829 0.1751
vn 0.0289 0.9828 0.1822
vn -0.0000 0.9828 0.1847
vn -0.0278 0.9830 0.1815
vn -0.0560 0.9830 0.1746
vn -0.0826 0.9831 0.1635
vn -0.1070 0.9831 0.1485
vn -0.1487 0.9829 0.1083
vn -0.1287 0.9831 0.1302
vn -0.1639 0.9829 0.0839
vn -0.1482 0.9878 0.0484
vn -0.1386 0.9878 0.0709
vn -0.1541 0.9877 0.0245
vn -0.1562 0.9877 -0.0000
vn -0.1541 0.9877 -0.0245
vn -0.1483 0.9878 -0.0481
vn -0.1386 0.9878 -0.0709
vn -0.1258 0.9878 -0.0916
vn -0.0916 0.9878 -0.1258
vn -0.1100 0.9878 -0.1100
vn -0.0709 0.9878 -0.1386
vn -0.0485 0.9877 -0.1485
vn -0.0245 0.9877 -0.1545
vn -0.0000 0.9877 -0.1562
vn 0.0241 0.9877 -0.1542
vn 0.0479 0.9878 -0.1484
vn 0.0709 0.9878 -0.1386
vn 0.0914 0.9878 -0.1260
vn 0.1260 0.9878 -0.0918
vn 0.1098 0.9878 -0.1103
vn 0.1386 0.9878 -0.0709
vn 0.1482 0.9878 -0.0484
vn 0.1541 0.9877 -0.0245
vn 0.1562 0.9877 -0.0000
vn 0.1541 0.9877 0.0245
vn 0.1483 0.9878 0.0481
vn 0.1386 0.9878 0.0709
vn 0.1258 0.9878 0.0916
vn 0.0916 0.9878 0.1258
vn 0.1100 0.9878 0.1100
vn 0.0709 0.9878 0.1386
vn 0.0485 0.9877 0.1485
vn 0.0245 0.9877 0.1545
vn -0.0000 0.9877 0.1562
vn -0.0241 0.9877 0.1542
vn -0.0479 0.9878 0.1484
vn -0.0709 0.9878 0.1386
vn -0.0914 0.9878 0.1260
vn -0.1260 0.9878 0.0918
vn -0.1098 0.9878 0.1103
vn -0.1350 0.9884 0.0691
vn -0.1225 0.9885 0.0892
vn -0.1443 0.9884 0.0471
vn -0.1501 0.9884 0.0238
vn -0.1521 0.9884 -0.0000
vn -0.1501 0.9884 -0.0238
vn -0.1443 0.9884 -0.0471
vn -0.1350 0.9884 -0.0691
vn -0.1222 0.9885 -0.0894
vn -0.0892 0.9885 -0.1225
vn -0.1071 0.9885 -0.1071
vn -0.0691 0.9884 -0.1350
vn -0.0471 0.9884 -0.1443
vn -0.0238 0.9884 -0.1501
vn -0.0000 0.9884 -0.1521
vn 0.0238 0.9884 -0.1501
vn 0.0471 0.9884 -0.1443
vn 0.0691 0.9884 -0.1350
vn 0.0892 0.9885 -0.1225
vn 0.1225 0.9885 -0.0892
vn 0.1071 0.9885 -0.1071
vn 0.1350 0.9884 -0.0691
vn 0.1443 0.9884 -0.0471
vn 0.1501 0.9884 -0.0238
vn 0.1521 0.9884 -0.0000
vn 0.1501 0.9884 0.0238
vn 0.1443 0.9884 0.0471
vn 0.1350 0.9884 0.0691
vn 0.1222 0.9885 0.0894
vn 0.0892 0.9885 0.1225
vn 0.1071 0.9885 0.1071
vn 0.0691 0.9884 0.1350
vn 0.0471 0.9884 0.1443
vn 0.0238 0.9884 0.1501
vn -0.0000 0.9884 0.1521
vn -0.0238 0.9884 0.1501
vn -0.0471 0.9884 0.1443
vn -0.0691 0.9884 0.1350
vn -0.0892 0.9885 0.1225
vn -0.1071 0.9885 0.1071
vn -0.1374 0.9855 0.1001
vn -0.1201 0.9855 0.1201
vn -0.1515 0.9854 0.0775
vn -0.1619 0.9854 0.0528
vn -0.1683 0.9854 0.0267
vn -0.1706 0.9853 -0.0000
vn -0.1689 0.9852 -0.0276
vn -0.1623 0.9853 -0.0538
vn -0.1517 0.9853 -0.0785
vn -0.1375 0.9853 -0.1011
vn -0.1001 0.9855 -0.1374
vn -0.1202 0.9853 -0.1211
vn -0.0776 0.9854 -0.1516
vn -0.0529 0.9854 -0.1620
vn -0.0267 0.9854 -0.1684
vn -0.0000 0.9853 -0.1707
vn 0.0276 0.9852 -0.1690
vn 0.0538 0.9853 -0.1623
vn 0.0783 0.9853 -0.1518
vn 0.1010 0.9853 -0.1376
vn 0.1374 0.9855 -0.1001
vn 0.1212 0.9853 -0.1201
vn 0.1515 0.9854 -0.0775
vn 0.1619 0.9854 -0.0528
vn 0.1683 0.9854 -0.0267
vn 0.1706 0.9853 -0.0000
vn 0.1689 0.9852 0.0276
vn 0.1623 0.9853 0.0538
vn 0.1517 0.9853 0.0785
vn 0.1375 0.9853 0.1011
vn 0.1001 0.9855 0.1374
vn 0.1202 0.9853 0.1211
vn 0.0776 0.9854 0.1516
vn 0.0529 0.9854 0.1620
vn 0.0267 0.9854 0.1684
vn -0.0000 0.9853 0.1707
vn -0.0276 0.9852 0.1690
vn -0.0538 0.9853 0.1623
vn -0.0783 0.9853 0.1518
vn -0.1010 0.9853 0.1376
vn -0.1311 0.9749 0.1800
vn -0.1800 0.9749 0.1311
vn -0.1598 0.9745 0.1573
vn -0.1984 0.9749 0.1015
vn -0.2120 0.9748 0.0692
vn -0.2205 0.9748 0.0350
vn -0.2235 0.9747 -0.0000
vn -0.2219 0.9744 -0.0371
vn -0.2130 0.9744 -0.0715
vn -0.1990 0.9745 -0.1038
vn -0.1802 0.9745 -0.1335
vn -0.1311 0.9749 -0.1800
vn -0.1573 0.9745 -0.1598
vn -0.1015 0.9749 -0.1983
vn -0.0692 0.9748 -0.2120
vn -0.0350 0.9748 -0.2205
vn -0.0000 0.9747 -0.2235
vn 0.0370 0.9744 -0.2219
vn 0.0715 0.9744 -0.2130
vn 0.1038 0.9745 -0.1990
vn 0.1335 0.9745 -0.1802
vn 0.1800 0.9749 -0.1311
vn 0.1598 0.9745 -0.1573
vn 0.1984 0.9749 -0.1015
vn 0.2120 0.9748 -0.0692
vn 0.2205 0.9748 -0.0350
vn 0.2235 0.9747 -0.0000
vn 0.2219 0.9744 0.0371
vn 0.2130 0.9744 0.0715
vn 0.1990 0.9745 0.1038
vn 0.1802 0.9745 0.1335
vn 0.1311 0.9749 0.1800
vn 0.1573 0.9745 0.1598
vn 0.1015 0.9749 0.1983
vn 0.0692 0.9748 0.2120
vn 0.0350 0.9748 0.2205
vn -0.0000 0.9747 0.2234
vn -0.0370 0.9744 0.2219
vn -0.0715 0.9744 0.2130
vn -0.1038 0.9745 0.1990
vn -0.1583 0.9377 0.3094
vn -0.2101 0.9363 0.2813
vn -0.2808 0.9377 0.2045
vn -0.2512 0.9364 0.2452
vn -0.3094 0.9376 0.1583
vn -0.3307 0.9375 0.1080
vn -0.3440 0.9374 0.0546
vn -0.3485 0.9373 -0.0000
vn -0.3471 0.9360 -0.0594
vn -0.3330 0.9361 -0.1133
vn -0.3108 0.9362 -0.1638
vn -0.2813 0.9363 -0.2101
vn -0.2045 0.9377 -0.2808
vn -0.2452 0.9364 -0.2512
vn -0.1583 0.9377 -0.3094
vn -0.1080 0.9375 -0.3307
vn -0.0546 0.9374 -0.3440
vn -0.0000 0.9373 -0.3485
vn 0.0594 0.9360 -0.3471
vn 0.1133 0.9361 -0.3330
vn 0.1639 0.9362 -0.3108
vn 0.2101 0.9363 -0.2813
vn 0.2808 0.9377 -0.2045
vn 0.2512 0.9364 -0.2452
vn 0.3094 0.9376 -0.1583
vn 0.3307 0.9375 -0.1080
vn 0.3440 0.9374 -0.0546
vn 0.3485 0.9373 -0.0000
vn 0.3471 0.9360 0.0594
vn 0.3330 0.9361 0.1133
vn 0.3108 0.9362 0.1638
vn 0.2813 0.9363 0.2101
vn 0.2045 0.9377 0.2808
vn 0.2452 0.9364 0.2512
vn 0.1583 0.9377 0.3094
vn 0.1080 0.9375 0.3307
vn 0.0546 0.9374 0.3440
vn -0.0000 0.9373 0.3485
vn -0.0594 0.9360 0.3471
vn -0.1133 0.9361 0.3330
vn -0.2069 0.7450 0.6342
vn -0.3162 0.7387 0.5953
vn -0.4050 0.7389 0.5385
vn -0.5388 0.7455 0.3924
vn -0.4836 0.7390 0.4691
vn -0.5936 0.7453 0.3037
vn -0.6342 0.7450 0.2070
vn -0.6592 0.7446 0.1047
vn -0.6677 0.7444 -0.0000
vn -0.6647 0.7380 -0.1161
vn -0.6378 0.7384 -0.2191
vn -0.5953 0.7387 -0.3162
vn -0.5385 0.7389 -0.4050
vn -0.3924 0.7455 -0.5388
vn -0.4691 0.7390 -0.4836
vn -0.3037 0.7453 -0.5936
vn -0.2070 0.7450 -0.6342
vn -0.1047 0.7446 -0.6592
vn -0.0000 0.7444 -0.6677
vn 0.1161 0.7380 -0.6647
vn 0.2191 0.7384 -0.6378
vn 0.3162 0.7387 -0.5953
vn 0.4050 0.7389 -0.5385
vn 0.5388 0.7455 -0.3924
vn 0.4836 0.7390 -0.4691
vn 0.5936 0.7453 -0.3037
vn 0.6342 0.7450 -0.2070
vn 0.6592 0.7446 -0.1047
vn 0.6677 0.7444 -0.0000
vn 0.6647 0.7380 0.1161
vn 0.6378 0.7384 0.2191
vn 0.5953 0.7387 0.3162
vn 0.5385 0.7389 0.4050
vn 0.3924 0.7455 0.5388
vn 0.4691 0.7390 0.4836
vn 0.3037 0.7453 0.5936
vn 0.2070 0.7450 0.6342
vn 0.1047 0.7446 0.6592
vn -0.0000 0.7444 0.6677
vn -0.1161 0.7380 0.6647
vn -0.1332 0.5289 0.8382
vn -0.2632 0.5292 0.8067
vn -0.3866 0.5296 0.7550
vn -0.4994 0.5299 0.6855
vn -0.6855 0.5299 0.4994
vn -0.5996 0.5301 0.5996
vn -0.7550 0.5296 0.3866
vn -0.8067 0.5291 0.2631
vn -0.8382 0.5289 0.1332
vn -0.8489 0.5285 -0.0000
vn -0.8382 0.5289 -0.1332
vn -0.8067 0.5291 -0.2631
vn -0.7550 0.5296 -0.3866
vn -0.6855 0.5299 -0.4994
vn -0.4994 0.5299 -0.6855
vn -0.5996 0.5301 -0.5996
vn -0.3866 0.5296 -0.7550
vn -0.2631 0.5291 -0.8067
vn -0.1332 0.5288 -0.8382
vn -0.0000 0.5285 -0.8489
vn 0.1332 0.5288 -0.8382
vn 0.2632 0.5292 -0.8067
vn 0.3866 0.5296 -0.7550
vn 0.4994 0.5299 -0.6855
vn 0.6855 0.5299 -0.4994
vn 0.5996 0.5301 -0.5996
vn 0.7550 0.5296 -0.3866
vn 0.8067 0.5291 -0.2631
vn 0.8382 0.5289 -0.1332
vn 0.8489 0.5285 -0.0000
vn 0.8382 0.5289 0.1332
vn 0.8067 0.5291 0.2631
vn 0.7550 0.5296 0.3866
vn 0.6855 0.5299 0.4994
vn 0.4994 0.5299 0.6855
vn 0.5996 0.5301 0.5996
vn 0.3866 0.5296 0.7550
vn 0.2631 0.5291 0.8067
vn 0.1332 0.5289 0.8382
vn -0.0000 0.5285 0.8489
vn -0.0000 -1.0000 -0.0011
vn 0.1703 -0.9854 -0.0049
vn -0.0000 -1.0000 -0.0049
vn 0.1704 -0.9854 -0.0011
vn 0.3775 -0.9260 -0.0047
vn 0.3780 -0.9258 -0.0011
vn 0.6278 -0.7783 -0.0042
vn 0.6282 -0.7781 -0.0010
vn 0.8804 -0.4742 -0.0027
vn 0.8810 -0.4731 -0.0006
vn 1.0000 -0.0000 -0.0000
vn 1.0000 0.0014 -0.0000
vn 0.8804 0.4742 0.0030
vn 0.8801 0.4748 0.0007
vn 0.6277 0.7785 0.0051
vn 0.6276 0.7785 0.0012
vn 0.3775 0.9260 0.0062
vn 0.3778 0.9259 0.0014
vn 0.1702 0.9854 0.0068
vn 0.1704 0.9854 0.0015
vn -0.0000 1.0000 0.0069
vn -0.1704 0.9854 0.0015
vn -0.1702 0.9854 0.0068
vn -0.1703 0.9851 0.0248
vn -0.1714 0.9833 0.0606
vn -0.0000 0.9997 0.0252
vn -0.1749 0.9769 0.1226
vn -0.0003 0.9981 0.0619
vn -0.1826 0.9575 0.2233
vn -0.0012 0.9921 0.1254
vn -0.1956 0.9051 0.3776
vn -0.0024 0.9734 0.2291
vn -0.2010 0.7614 0.6163
vn -0.0035 0.9215 0.3883
vn -0.2230 0.5554 0.8011
vn -0.0041 0.7972 0.6036
vn -0.2246 0.2661 0.9374
vn -0.0028 0.5674 0.8234
vn -0.2228 0.0201 0.9746
vn -0.0008 0.2732 0.9620
vn -0.2238 -0.1546 0.9623
vn -0.0000 0.0217 0.9998
vn -0.2236 -0.3027 0.9265
vn -0.0000 -0.1577 0.9875
vn -0.2203 -0.4378 0.8717
vn -0.0000 -0.3104 0.9506
vn -0.2122 -0.5747 0.7904
vn -0.0000 -0.4495 0.8933
vn -0.2023 -0.6679 0.7163
vn -0.0000 -0.5689 0.8224
vn -0.1908 -0.7424 0.6422
vn -0.0000 -0.6666 0.7454
vn -0.1804 -0.8009 0.5710
vn -0.0005 -0.7439 0.6683
vn -0.1741 -0.8361 0.5202
vn -0.0005 -0.8039 0.5948
vn -0.1724 -0.8716 0.4589
vn -0.0007 -0.8500 0.5269
vn -0.1715 -0.8861 0.4307
vn -0.0011 -0.8852 0.4652
vn 0.1715 -0.8861 0.4307
vn 0.1714 -0.8712 0.4601
vn 0.1955 -0.8276 0.5262
vn 0.2054 -0.7796 0.5916
vn 0.2176 -0.7172 0.6620
vn 0.2298 -0.6380 0.7349
vn 0.2149 -0.5546 0.8039
vn 0.2208 -0.4367 0.8721
vn 0.2241 -0.3014 0.9268
vn 0.2242 -0.1533 0.9624
vn 0.2235 0.0216 0.9745
vn 0.2250 0.2686 0.9366
vn 0.2459 0.5838 0.7737
vn 0.2103 0.7832 0.5852
vn 0.1926 0.9067 0.3753
vn 0.1805 0.9583 0.2215
vn 0.1738 0.9773 0.1215
vn 0.1709 0.9835 0.0599
vn 0.1702 0.9851 0.0244
vn 0.3774 0.9258 0.0226
vn 0.3789 0.9238 0.0552
vn 0.3843 0.9164 0.1116
vn 0.3969 0.8953 0.2024
vn 0.4208 0.8402 0.3421
vn 0.4485 0.7196 0.5301
vn 0.4976 0.5295 0.6871
vn 0.5056 0.2691 0.8197
vn 0.4748 0.0204 0.8798
vn 0.4758 -0.1378 0.8687
vn 0.4759 -0.2700 0.8371
vn 0.4715 -0.3923 0.7898
vn 0.4593 -0.5010 0.7335
vn 0.4417 -0.5919 0.6742
vn 0.4211 -0.6685 0.6130
vn 0.4011 -0.7311 0.5519
vn 0.4113 -0.7662 0.4937
vn 0.4040 -0.8043 0.4357
vn 0.3798 -0.8315 0.4054
vn 0.6290 -0.6982 0.3420
vn 0.6558 -0.6615 0.3637
vn 0.6346 -0.6505 0.4172
vn 0.6510 -0.6013 0.4632
vn 0.6726 -0.5401 0.5058
vn 0.6939 -0.4696 0.5458
vn 0.6833 -0.4142 0.6013
vn 0.6964 -0.3254 0.6396
vn 0.7283 -0.2080 0.6529
vn 0.7282 -0.1068 0.6770
vn 0.7273 0.0171 0.6861
vn 0.7290 0.2000 0.6547
vn 0.7228 0.4065 0.5588
vn 0.6997 0.5808 0.4161
vn 0.6465 0.7027 0.2973
vn 0.6477 0.7443 0.1628
vn 0.6345 0.7676 0.0905
vn 0.6287 0.7763 0.0450
vn 0.6273 0.7786 0.0184
vn 0.8803 0.4743 0.0109
vn 0.8808 0.4727 0.0265
vn 0.8833 0.4658 0.0530
vn 0.8891 0.4478 0.0944
vn 0.8799 0.4397 0.1801
vn 0.8945 0.3608 0.2641
vn 0.9215 0.2395 0.3058
vn 0.9254 0.1136 0.3617
vn 0.9242 0.0104 0.3817
vn 0.9245 -0.0590 0.3765
vn 0.9246 -0.1141 0.3634
vn 0.9228 -0.1654 0.3479
vn 0.8993 -0.2449 0.3624
vn 0.8896 -0.2970 0.3470
vn 0.8780 -0.3482 0.3285
vn 0.8662 -0.3949 0.3061
vn 0.8578 -0.4324 0.2777
vn 0.8798 -0.4168 0.2284
vn 0.8800 -0.4260 0.2099
vn 1.0000 -0.0026 0.0005
vn 1.0000 -0.0013 -0.0008
vn 1.0000 -0.0016 -0.0015
vn 1.0000 -0.0014 -0.0021
vn 1.0000 -0.0011 -0.0023
vn 1.0000 -0.0009 -0.0021
vn 1.0000 -0.0008 -0.0016
vn 1.0000 -0.0006 -0.0010
vn 1.0000 -0.0003 -0.0004
vn 1.0000 -0.0001 -0.0000
vn 1.0000 -0.0004 -0.0001
vn 1.0000 -0.0016 -0.0003
vn 1.0000 -0.0030 0.0004
vn 1.0000 -0.0029 0.0015
vn 1.0000 -0.0016 0.0019
vn 1.0000 -0.0005 0.0015
vn 1.0000 0.0001 0.0009
vn 1.0000 0.0001 0.0004
vn 1.0000 -0.0000 0.0002
vn 0.8801 -0.4746 -0.0096
vn 0.8802 -0.4740 -0.0234
vn 0.8818 -0.4694 -0.0468
vn 0.8869 -0.4540 -0.0857
vn 0.8735 -0.4655 -0.1424
vn 0.8878 -0.4045 -0.2196
vn 0.9024 -0.3016 -0.3078
vn 0.9093 -0.1638 -0.3826
vn 0.9242 -0.0141 -0.3816
vn 0.9245 0.0580 -0.3768
vn 0.9243 0.1093 -0.3657
vn 0.9227 0.1572 -0.3520
vn 0.9030 0.2131 -0.3732
vn 0.8949 0.2631 -0.3604
vn 0.8838 0.3147 -0.3463
vn 0.8709 0.3665 -0.3275
vn 0.8597 0.4133 -0.3003
vn 0.8555 0.4462 -0.2627
vn 0.8802 0.4236 -0.2141
vn 0.6245 0.6958 -0.3548
vn 0.5945 0.6896 -0.4134
vn 0.6242 0.6303 -0.4616
vn 0.6421 0.5682 -0.5147
vn 0.6666 0.4971 -0.5554
vn 0.6904 0.4228 -0.5870
vn 0.7093 0.3479 -0.6131
vn 0.7438 0.2730 -0.6102
vn 0.7276 0.1929 -0.6584
vn 0.7280 0.1036 -0.6777
vn 0.7275 -0.0287 -0.6855
vn 0.7023 -0.2912 -0.6497
vn 0.7109 -0.4859 -0.5085
vn 0.6804 -0.6418 -0.3538
vn 0.6531 -0.7234 -0.2240
vn 0.6630 -0.7355 -0.1394
vn 0.6288 -0.7741 -0.0736
vn 0.6266 -0.7785 -0.0366
vn 0.6269 -0.7790 -0.0150
vn 0.3772 -0.9260 -0.0169
vn 0.3764 -0.9255 -0.0414
vn 0.3777 -0.9222 -0.0832
vn 0.4053 -0.9000 -0.1601
vn 0.4203 -0.8653 -0.2731
vn 0.4216 -0.8019 -0.4233
vn 0.4536 -0.6281 -0.6322
vn 0.4463 -0.3797 -0.8103
vn 0.4754 -0.0415 -0.8788
vn 0.4755 0.1321 -0.8697
vn 0.4751 0.2431 -0.8457
vn 0.4919 0.3467 -0.7986
vn 0.4537 0.4294 -0.7809
vn 0.4337 0.5146 -0.7397
vn 0.4100 0.5965 -0.6900
vn 0.3871 0.6736 -0.6297
vn 0.3716 0.7425 -0.5573
vn 0.3478 0.8009 -0.4875
vn 0.3736 0.8245 -0.4249
vn 0.1679 0.8747 -0.4547
vn 0.1649 0.8465 -0.5062
vn 0.1815 0.7884 -0.5878
vn 0.1895 0.7173 -0.6705
vn 0.2027 0.6393 -0.7417
vn 0.2175 0.5564 -0.8019
vn 0.2307 0.4693 -0.8523
vn 0.2412 0.3777 -0.8940
vn 0.2239 0.2657 -0.9377
vn 0.2241 0.1458 -0.9636
vn 0.2243 -0.0508 -0.9732
vn 0.2210 -0.3831 -0.8969
vn 0.2313 -0.6700 -0.7054
vn 0.2112 -0.8599 -0.4648
vn 0.1980 -0.9384 -0.2832
vn 0.1727 -0.9727 -0.1551
vn 0.1701 -0.9817 -0.0852
vn 0.1696 -0.9846 -0.0423
vn 0.1699 -0.9853 -0.0174
vn -0.0000 -0.9998 -0.0174
vn -0.0000 -0.9991 -0.0422
vn -0.0000 -0.9964 -0.0848
vn -0.0000 -0.9879 -0.1548
vn -0.0000 -0.9635 -0.2679
vn -0.0000 -0.8950 -0.4460
vn -0.0000 -0.7219 -0.6919
vn -0.0000 -0.3963 -0.9181
vn -0.0000 -0.0548 -0.9985
vn -0.0000 0.1492 -0.9888
vn -0.0000 0.2713 -0.9625
vn -0.0000 0.3750 -0.9270
vn -0.0000 0.4688 -0.8833
vn -0.0000 0.5568 -0.8307
vn -0.0000 0.6404 -0.7681
vn -0.0000 0.7195 -0.6945
vn -0.0000 0.7927 -0.6096
vn -0.0000 0.8579 -0.5139
vn -0.0000 0.8865 -0.4627
vn -0.1851 0.8385 -0.5124
vn -0.1679 0.8747 -0.4547
vn -0.3947 0.7872 -0.4738
vn -0.3736 0.8245 -0.4249
vn -0.6491 0.6552 -0.3864
vn -0.6245 0.6958 -0.3548
vn -0.8775 0.4170 -0.2368
vn -0.8802 0.4236 -0.2141
vn -1.0000 -0.0013 -0.0008
vn -1.0000 -0.0026 0.0005
vn -0.8588 -0.4474 0.2495
vn -0.8800 -0.4260 0.2099
vn -0.6036 -0.6993 0.3829
vn -0.6290 -0.6982 0.3420
vn -0.3791 -0.8172 0.4342
vn -0.3797 -0.8316 0.4054
vn -0.3840 -0.7806 0.4931
vn -0.3976 -0.7317 0.5536
vn -0.4176 -0.6686 0.6153
vn -0.4386 -0.5909 0.6771
vn -0.4803 -0.5008 0.7201
vn -0.4941 -0.3958 0.7741
vn -0.4758 -0.2700 0.8371
vn -0.4758 -0.1378 0.8687
vn -0.4748 0.0204 0.8798
vn -0.4776 0.2466 0.8433
vn -0.4727 0.5154 0.7148
vn -0.4754 0.6970 0.5368
vn -0.4449 0.8238 0.3514
vn -0.3969 0.8953 0.2024
vn -0.3843 0.9164 0.1115
vn -0.3789 0.9238 0.0552
vn -0.3770 0.9259 0.0227
vn -0.3775 0.9260 0.0062
vn -0.3778 0.9259 0.0014
vn -0.6276 0.7785 0.0012
vn -0.6277 0.7785 0.0051
vn -0.6267 0.7790 0.0192
vn -0.6277 0.7770 0.0467
vn -0.6328 0.7687 0.0932
vn -0.6449 0.7458 0.1673
vn -0.6569 0.6855 0.3140
vn -0.6996 0.5878 0.4062
vn -0.6979 0.4480 0.5587
vn -0.7063 0.2295 0.6697
vn -0.7236 0.0093 0.6901
vn -0.7253 -0.1131 0.6791
vn -0.7255 -0.2143 0.6540
vn -0.7209 -0.3077 0.6211
vn -0.7108 -0.3869 0.5874
vn -0.6936 -0.4661 0.5492
vn -0.6721 -0.5379 0.5089
vn -0.6503 -0.6002 0.4658
vn -0.6340 -0.6499 0.4190
vn -0.8633 -0.4188 0.2818
vn -0.8732 -0.3779 0.3077
vn -0.8848 -0.3301 0.3288
vn -0.8952 -0.2793 0.3472
vn -0.9184 -0.2147 0.3324
vn -0.9228 -0.1654 0.3479
vn -0.9246 -0.1141 0.3634
vn -0.9245 -0.0590 0.3765
vn -0.9242 0.0104 0.3817
vn -0.9254 0.1136 0.3617
vn -0.9059 0.2743 0.3228
vn -0.8931 0.3822 0.2371
vn -0.8994 0.4092 0.1533
vn -0.8891 0.4479 0.0944
vn -0.8833 0.4658 0.0530
vn -0.8808 0.4727 0.0265
vn -0.8802 0.4744 0.0109
vn -0.8803 0.4743 0.0030
vn -0.8801 0.4748 0.0007
vn -1.0000 0.0014 -0.0000
vn -1.0000 -0.0000 -0.0000
vn -1.0000 0.0023 0.0015
vn -1.0000 0.0059 0.0021
vn -0.9999 0.0115 0.0035
vn -0.9998 0.0189 0.0075
vn -0.9996 0.0251 0.0163
vn -0.9993 0.0218 0.0296
vn -0.9994 0.0032 0.0354
vn -0.9996 -0.0139 0.0247
vn -0.9999 -0.0132 0.0108
vn -0.9999 -0.0099 0.0058
vn -0.9999 -0.0100 0.0039
vn -0.9999 -0.0102 0.0021
vn -0.9999 -0.0103 0.0005
vn -0.9999 -0.0103 -0.0006
vn -0.9999 -0.0105 -0.0005
vn -0.9999 -0.0109 0.0008
vn -0.9999 -0.0120 0.0033
vn -0.8540 0.4292 -0.2942
vn -0.8633 0.3856 -0.3257
vn -0.8763 0.3339 -0.3471
vn -0.8889 0.2806 -0.3621
vn -0.8987 0.2286 -0.3742
vn -0.9051 0.1782 -0.3861
vn -0.9243 0.1093 -0.3657
vn -0.9245 0.0580 -0.3768
vn -0.9242 -0.0141 -0.3816
vn -0.9242 -0.1295 -0.3593
vn -0.9030 -0.2685 -0.3354
vn -0.8888 -0.3865 -0.2464
vn -0.8736 -0.4587 -0.1624
vn -0.8635 -0.4946 -0.0986
vn -0.8818 -0.4694 -0.0468
vn -0.8803 -0.4739 -0.0234
vn -0.8801 -0.4747 -0.0096
vn -0.8804 -0.4743 -0.0027
vn -0.8810 -0.4731 -0.0006
vn -0.6282 -0.7781 -0.0010
vn -0.6278 -0.7783 -0.0042
vn -0.6273 -0.7786 -0.0144
vn -0.6275 -0.7779 -0.0351
vn -0.6300 -0.7733 -0.0713
vn -0.6369 -0.7650 -0.0949
vn -0.6525 -0.7226 -0.2281
vn -0.6799 -0.6379 -0.3616
vn -0.7112 -0.4738 -0.5194
vn -0.7510 -0.2553 -0.6089
vn -0.7314 -0.0372 -0.6809
vn -0.7303 0.0981 -0.6760
vn -0.7297 0.1879 -0.6574
vn -0.7097 0.2428 -0.6614
vn -0.7092 0.3510 -0.6114
vn -0.6907 0.4257 -0.5846
vn -0.6674 0.4998 -0.5521
vn -0.6435 0.5705 -0.5104
vn -0.6257 0.6324 -0.4566
vn -0.3751 0.7432 -0.5540
vn -0.3917 0.6739 -0.6265
vn -0.4145 0.5967 -0.6871
vn -0.4375 0.5149 -0.7373
vn -0.4563 0.4298 -0.7791
vn -0.4412 0.3544 -0.8245
vn -0.4751 0.2431 -0.8457
vn -0.4756 0.1321 -0.8697
vn -0.4754 -0.0415 -0.8788
vn -0.5001 -0.3546 -0.7901
vn -0.4534 -0.6223 -0.6381
vn -0.4208 -0.8010 -0.4257
vn -0.3960 -0.8804 -0.2609
vn -0.3836 -0.9111 -0.1512
vn -0.3777 -0.9222 -0.0832
vn -0.3764 -0.9255 -0.0414
vn -0.3772 -0.9260 -0.0169
vn -0.3775 -0.9260 -0.0047
vn -0.3780 -0.9258 -0.0011
vn -0.1704 -0.9854 -0.0011
vn -0.1703 -0.9854 -0.0049
vn -0.1699 -0.9853 -0.0174
vn -0.1693 -0.9847 -0.0418
vn -0.1693 -0.9820 -0.0840
vn -0.1710 -0.9733 -0.1535
vn -0.1767 -0.9477 -0.2658
vn -0.2108 -0.8817 -0.4221
vn -0.2305 -0.7196 -0.6550
vn -0.2466 -0.4139 -0.8763
vn -0.2247 -0.0526 -0.9730
vn -0.2243 0.1448 -0.9637
vn -0.2241 0.2648 -0.9379
vn -0.2207 0.3675 -0.9035
vn -0.2374 0.4508 -0.8604
vn -0.2262 0.5387 -0.8115
vn -0.2123 0.6225 -0.7533
vn -0.1984 0.7017 -0.6843
vn -0.1879 0.7746 -0.6039
vn 0.0403 0.9957 0.0833
vn 0.3120 0.9463 0.0850
vn 0.2572 0.9493 0.1807
vn 0.5314 0.8330 0.1539
vn 0.5889 0.8042 0.0797
vn 0.7765 0.6218 0.1017
vn 0.8203 0.5689 0.0583
vn 0.9418 0.3353 0.0242
vn 0.9627 0.2699 0.0175
vn 0.9974 0.0118 -0.0704
vn 0.9996 -0.0003 -0.0294
vn 0.9363 -0.3103 -0.1645
vn 0.9223 -0.3716 -0.1060
vn 0.7917 -0.5657 -0.2305
vn 0.7442 -0.6459 -0.1705
vn 0.5539 -0.7776 -0.2973
vn 0.4924 -0.8420 -0.2205
vn 0.2834 -0.8981 -0.3362
vn 0.2648 -0.9326 -0.2454
vn -0.0000 -0.9281 -0.3723
vn -0.3072 -0.9207 -0.2407
vn -0.2523 -0.8972 -0.3623
vn 0.0020 -0.7951 -0.6064
vn -0.2338 -0.7694 -0.5945
vn 0.0026 -0.6000 -0.8000
vn -0.2316 -0.5530 -0.8003
vn 0.0018 -0.4144 -0.9101
vn -0.2162 -0.3771 -0.9006
vn -0.0127 -0.2869 -0.9579
vn -0.2194 -0.2744 -0.9363
vn -0.2196 -0.2671 -0.9383
vn -0.0047 -0.2880 -0.9576
vn -0.2577 -0.3465 -0.9020
vn -0.0065 -0.3748 -0.9271
vn -0.2903 -0.5159 -0.8060
vn -0.0056 -0.5532 -0.8330
vn -0.2791 -0.7291 -0.6249
vn -0.0002 -0.7655 -0.6435
vn -0.2213 -0.8575 -0.4644
vn 0.0222 -0.8811 -0.4724
vn -0.2510 -0.8725 -0.4192
vn -0.3043 -0.8207 -0.4835
vn -0.0041 -0.9020 -0.4317
vn -0.4462 -0.5829 -0.6791
vn -0.0075 -0.8654 -0.5010
vn -0.5151 0.2427 -0.8221
vn -0.0202 -0.7501 -0.6610
vn -0.1383 0.9693 -0.2032
vn 0.0115 0.0925 -0.9956
vn 0.0150 0.9887 0.1490
vn 0.0838 0.9841 0.1567
vn 0.0066 0.9628 0.2701
vn 0.1603 0.9512 0.2638
vn 0.0037 0.9432 0.3321
vn 0.2027 0.9247 0.3224
vn 0.0023 0.9269 0.3754
vn 0.2296 0.9022 0.3651
vn -0.0000 0.9184 0.3957
vn 0.2375 0.8915 0.3858
vn -0.2235 0.9030 0.3668
vn -0.2375 0.8915 0.3857
vn -0.1952 0.9251 0.3258
vn -0.1516 0.9511 0.2691
vn -0.0735 0.9836 0.1645
vn 0.1620 0.9677 -0.1932
vn 0.5838 0.1078 -0.8047
vn 0.3936 -0.6610 -0.6389
vn 0.2952 -0.8201 -0.4902
vn 0.2447 -0.8723 -0.4234
vn 0.2742 -0.8438 -0.4613
vn 0.2791 -0.7299 -0.6240
vn 0.2793 -0.5199 -0.8073
vn 0.2444 -0.3499 -0.9043
vn 0.2096 -0.2690 -0.9401
vn 0.1921 -0.2855 -0.9389
vn 0.1937 -0.4231 -0.8851
vn 0.2148 -0.5809 -0.7851
vn 0.2367 -0.7708 -0.5915
vn 0.4890 -0.6789 -0.5477
vn 0.4490 -0.5047 -0.7373
vn 0.4145 -0.3369 -0.8454
vn 0.4113 -0.2304 -0.8819
vn 0.4474 -0.2065 -0.8701
vn 0.5130 -0.2678 -0.8155
vn 0.5743 -0.4090 -0.7092
vn 0.5739 -0.6080 -0.5486
vn 0.5561 -0.7212 -0.4131
vn 0.5309 -0.7515 -0.3916
vn 0.6264 -0.6361 -0.4505
vn 0.7733 -0.3249 -0.5445
vn 0.7644 0.4521 -0.4596
vn 0.1753 0.9808 -0.0856
vn -0.1688 0.9758 0.1389
vn -0.3254 0.9169 0.2311
vn -0.4178 0.8629 0.2845
vn -0.4784 0.8160 0.3243
vn -0.4996 0.7944 0.3453
vn -0.7014 0.6637 0.2601
vn -0.7469 0.6109 0.2625
vn -0.6107 0.7565 0.2340
vn -0.4727 0.8600 0.1921
vn -0.2457 0.9619 0.1203
vn 0.1456 0.9893 -0.0113
vn 0.6633 0.7194 -0.2061
vn 0.9277 0.1506 -0.3417
vn 0.8894 -0.2967 -0.3479
vn 0.8106 -0.4989 -0.3066
vn 0.8142 -0.4921 -0.3081
vn 0.8237 -0.3976 -0.4043
vn 0.8176 -0.2303 -0.5276
vn 0.7561 -0.1331 -0.6408
vn 0.6847 -0.0992 -0.7220
vn 0.6416 -0.1307 -0.7558
vn 0.6449 -0.2261 -0.7301
vn 0.6855 -0.3662 -0.6293
vn 0.7060 -0.5135 -0.4877
vn 0.9143 -0.2523 -0.3169
vn 0.8792 -0.1592 -0.4490
vn 0.8485 -0.0598 -0.5258
vn 0.8464 0.0128 -0.5323
vn 0.8773 0.0427 -0.4781
vn 0.9217 0.0290 -0.3867
vn 0.9568 -0.0272 -0.2896
vn 0.9671 -0.1416 -0.2115
vn 0.9693 -0.1915 -0.1539
vn 0.9756 -0.1464 -0.1637
vn 0.9804 0.1190 -0.1572
vn 0.8704 0.4755 -0.1274
vn 0.5528 0.8310 -0.0615
vn 0.0981 0.9950 0.0187
vn -0.3137 0.9464 0.0767
vn -0.6055 0.7883 0.1095
vn -0.7856 0.6057 0.1267
vn -0.8883 0.4384 0.1371
vn -0.9221 0.3600 0.1421
vn -0.9805 0.1964 0.0123
vn -0.9962 0.0876 0.0009
vn -0.9009 0.4335 0.0207
vn -0.7095 0.7040 0.0301
vn -0.3742 0.9266 0.0365
vn 0.0540 0.9979 0.0355
vn 0.4572 0.8890 0.0238
vn 0.7461 0.6658 0.0116
vn 0.9089 0.4170 0.0028
vn 0.9817 0.1902 -0.0010
vn 0.9946 0.1021 0.0181
vn 0.9969 0.0744 -0.0240
vn 0.9889 0.1386 -0.0534
vn 0.9795 0.1842 -0.0816
vn 0.9705 0.1930 -0.1444
vn 0.9629 0.1818 -0.1995
vn 0.9638 0.1476 -0.2219
vn 0.9751 0.0972 -0.1994
vn 0.9889 0.0469 -0.1412
vn 0.9353 0.3510 0.0454
vn 0.9301 0.3572 0.0860
vn 0.9378 0.3285 0.1125
vn 0.9352 0.3156 0.1607
vn 0.9338 0.3009 0.1938
vn 0.9111 0.3120 0.2692
vn 0.9162 0.3112 0.2524
vn 0.9342 0.2958 0.1994
vn 0.9220 0.3398 0.1857
vn 0.8838 0.4437 0.1482
vn 0.7828 0.6084 0.1309
vn 0.6222 0.7751 0.1100
vn 0.3745 0.9237 0.0807
vn 0.0132 0.9993 0.0363
vn -0.4235 0.9055 -0.0259
vn -0.7874 0.6098 -0.0902
vn -0.9609 0.2447 -0.1293
vn -0.9882 -0.0489 -0.1452
vn -0.9744 -0.1686 -0.1486
vn -0.9085 -0.2795 -0.3108
vn -0.8404 -0.4271 -0.3337
vn -0.9517 0.0355 -0.3051
vn -0.8348 0.4926 -0.2458
vn -0.4608 0.8803 -0.1128
vn -0.0202 0.9994 0.0277
vn 0.2952 0.9471 0.1260
vn 0.4975 0.8463 0.1906
vn 0.6337 0.7356 0.2393
vn 0.7189 0.6272 0.2996
vn 0.7780 0.5224 0.3489
vn 0.8034 0.4419 0.3991
vn 0.7878 0.3928 0.4745
vn 0.7609 0.3654 0.5362
vn 0.7366 0.3699 0.5662
vn 0.7400 0.3737 0.5593
vn 0.7471 0.4750 0.4651
vn 0.7566 0.5325 0.3795
vn 0.7627 0.6110 0.2123
vn 0.5137 0.7905 0.3336
vn 0.4934 0.6861 0.5346
vn 0.4959 0.5318 0.6865
vn 0.4626 0.4305 0.7750
vn 0.4812 0.3704 0.7945
vn 0.5234 0.3776 0.7639
vn 0.5715 0.4407 0.6922
vn 0.5991 0.5438 0.5876
vn 0.5866 0.6548 0.4767
vn 0.5306 0.7485 0.3978
vn 0.4542 0.8252 0.3357
vn 0.3555 0.8971 0.2624
vn 0.2078 0.9642 0.1649
vn -0.0399 0.9992 0.0086
vn -0.4447 0.8586 -0.2550
vn -0.7921 0.3552 -0.4964
vn -0.8222 -0.1948 -0.5348
vn -0.7346 -0.4946 -0.4645
vn -0.6647 -0.5842 -0.4657
vn -0.3918 -0.6544 -0.6467
vn -0.3585 -0.7219 -0.5919
vn -0.4894 -0.4081 -0.7707
vn -0.5431 0.2043 -0.8144
vn -0.3104 0.8445 -0.4363
vn -0.0332 0.9993 -0.0171
vn 0.1071 0.9750 0.1946
vn 0.1847 0.9299 0.3182
vn 0.2356 0.8814 0.4093
vn 0.2726 0.8293 0.4877
vn 0.2837 0.7370 0.6134
vn 0.3204 0.6028 0.7307
vn 0.2972 0.4527 0.8407
vn 0.2582 0.3613 0.8960
vn 0.2524 0.3462 0.9036
vn 0.2356 0.4070 0.8825
vn 0.2392 0.5449 0.8036
vn 0.2324 0.7388 0.6325
vn 0.2475 0.8798 0.4058
vn -0.0336 0.9805 0.1935
vn -0.0000 0.9071 0.4210
vn -0.2220 0.9716 0.0817
vn -0.2899 0.9430 0.1637
vn -0.2869 0.8710 0.3987
vn -0.2350 0.7418 0.6281
vn -0.0000 0.7539 0.6570
vn -0.2184 0.5609 0.7986
vn -0.0000 0.5621 0.8270
vn -0.2359 0.4051 0.8833
vn -0.0000 0.4078 0.9131
vn -0.2191 0.3448 0.9128
vn 0.0233 0.3297 0.9438
vn 0.0067 0.3499 0.9368
vn -0.2463 0.3617 0.8992
vn 0.0084 0.4522 0.8919
vn -0.2837 0.4569 0.8431
vn 0.0063 0.6223 0.7827
vn -0.3102 0.6105 0.7288
vn -0.0282 0.7614 0.6476
vn -0.3405 0.7306 0.5918
vn -0.0034 0.8531 0.5218
vn -0.0036 0.8987 0.4384
vn -0.2826 0.8270 0.4860
vn -0.0042 0.9401 0.3409
vn -0.2475 0.8793 0.4068
vn -0.0056 0.9783 0.2073
vn -0.2003 0.9278 0.3147
vn -0.0088 0.9995 -0.0288
vn -0.1300 0.9732 0.1898
vn -0.0114 0.8432 -0.5375
vn -0.0065 0.9998 -0.0202
vn 0.5347 0.2557 -0.8055
vn -0.0000 0.1364 -0.9906
vn 0.4993 -0.4253 -0.7549
vn -0.0000 -0.4970 -0.8678
vn 0.4017 -0.6670 -0.6275
vn -0.0000 -0.7128 -0.7013
vn 0.3585 -0.7219 -0.5919
vn -0.0000 -0.7669 -0.6417
vn 0.7069 -0.5587 -0.4337
vn 0.8878 -0.3240 -0.3267
vn 0.7265 -0.4900 -0.4817
vn 0.8589 -0.4085 -0.3090
vn 0.9744 -0.1686 -0.1486
vn 0.9962 0.0876 0.0009
vn 0.9881 -0.0482 -0.1464
vn 0.9221 0.3600 0.1421
vn 0.9807 0.1957 0.0007
vn 0.7469 0.6109 0.2625
vn 0.8879 0.4406 0.1324
vn 0.4996 0.7944 0.3453
vn 0.7123 0.6589 0.2419
vn 0.4787 0.8178 0.3194
vn 0.4178 0.8629 0.2845
vn 0.3254 0.9169 0.2311
vn 0.1688 0.9758 0.1389
vn -0.1754 0.9808 -0.0856
vn -0.7666 0.3218 -0.5557
vn -0.8254 -0.1945 -0.5300
vn -0.6836 -0.5745 -0.4502
vn -0.5309 -0.7515 -0.3916
vn -0.4967 -0.7564 -0.4257
vn -0.5731 -0.6047 -0.5530
vn -0.5799 -0.4015 -0.7089
vn -0.5215 -0.2618 -0.8121
vn -0.4555 -0.2033 -0.8667
vn -0.4159 -0.2296 -0.8799
vn -0.4151 -0.3384 -0.8445
vn -0.4679 -0.4772 -0.7439
vn -0.5112 -0.6501 -0.5622
vn -0.4983 -0.8107 -0.3072
vn -0.5826 -0.7868 -0.2039
vn -0.7486 -0.6164 -0.2440
vn -0.7511 -0.4728 -0.4608
vn -0.6854 -0.3721 -0.6259
vn -0.6458 -0.2298 -0.7281
vn -0.6442 -0.1312 -0.7535
vn -0.6874 -0.0967 -0.7198
vn -0.7564 -0.1280 -0.6415
vn -0.8158 -0.2236 -0.5333
vn -0.8220 -0.3916 -0.4136
vn -0.7643 -0.5506 -0.3357
vn -0.8163 -0.4968 -0.2947
vn -0.9038 -0.2760 -0.3270
vn -0.9351 0.0339 -0.3527
vn -0.7412 0.6179 -0.2622
vn -0.1426 0.9896 -0.0181
vn 0.2464 0.9627 0.1116
vn 0.4773 0.8604 0.1786
vn 0.6202 0.7534 0.2184
vn 0.7856 0.6057 0.1267
vn 0.6055 0.7883 0.1095
vn 0.3137 0.9464 0.0767
vn -0.0981 0.9950 0.0187
vn -0.5529 0.8310 -0.0614
vn -0.8704 0.4755 -0.1274
vn -0.9804 0.1190 -0.1572
vn -0.9756 -0.1463 -0.1637
vn -0.9466 -0.2588 -0.1925
vn -0.9651 -0.1353 -0.2242
vn -0.9527 -0.0241 -0.3030
vn -0.9173 0.0302 -0.3969
vn -0.8747 0.0418 -0.4829
vn -0.8464 0.0090 -0.5325
vn -0.8502 -0.0667 -0.5223
vn -0.8817 -0.1672 -0.4413
vn -0.9260 -0.2197 -0.3070
vn -0.9379 -0.3081 -0.1594
vn -0.8154 -0.5597 -0.1477
vn -0.9441 -0.3164 -0.0928
vn -0.9981 0.0577 -0.0199
vn -0.9972 0.0480 -0.0565
vn -0.9912 0.0420 -0.1257
vn -0.9786 0.0877 -0.1863
vn -0.9666 0.1371 -0.2163
vn -0.9634 0.1737 -0.2042
vn -0.9692 0.1884 -0.1585
vn -0.9760 0.1686 -0.1375
vn -0.9867 0.1427 -0.0782
vn -0.9943 0.1051 -0.0184
vn -0.9987 0.0450 -0.0226
vn -0.9816 0.1907 -0.0045
vn -0.9085 0.4178 -0.0019
vn -0.7452 0.6668 0.0068
vn -0.4561 0.8897 0.0201
vn -0.0535 0.9981 0.0316
vn 0.3729 0.9273 0.0328
vn 0.7086 0.7052 0.0229
vn 0.9010 0.4336 0.0117
vn 0.9609 0.2447 -0.1293
vn 0.7874 0.6098 -0.0902
vn 0.4235 0.9055 -0.0259
vn -0.0132 0.9993 0.0363
vn -0.3745 0.9237 0.0807
vn -0.6222 0.7751 0.1100
vn -0.7828 0.6084 0.1309
vn -0.8838 0.4437 0.1482
vn -0.9428 0.2992 0.1469
vn -0.9269 0.3146 0.2048
vn -0.9211 0.3105 0.2350
vn -0.9280 0.3005 0.2205
vn -0.9266 0.3071 0.2171
vn -0.9385 0.3129 0.1459
vn -0.9411 0.3224 0.1021
vn -0.9442 0.3231 0.0639
vn -0.9364 0.3454 0.0628
vn -0.9413 0.3354 0.0386
vn -0.9256 0.3773 0.0306
vn -0.7765 0.6196 0.1149
vn -0.7635 0.6043 0.2277
vn -0.7746 0.5446 0.3215
vn -0.7091 0.4821 0.5145
vn -0.7047 0.4075 0.5808
vn -0.7192 0.3678 0.5894
vn -0.7662 0.3671 0.5274
vn -0.7921 0.3971 0.4636
vn -0.8048 0.4487 0.3885
vn -0.7916 0.5191 0.3223
vn -0.7309 0.6247 0.2748
vn -0.6345 0.7364 0.2349
vn -0.4978 0.8470 0.1865
vn -0.2951 0.9476 0.1224
vn 0.0199 0.9995 0.0250
vn 0.4557 0.8823 -0.1180
vn 0.8317 0.4950 -0.2516
vn 0.9507 0.0361 -0.3081
vn 0.8222 -0.1949 -0.5348
vn 0.7921 0.3552 -0.4964
vn 0.4447 0.8586 -0.2549
vn 0.0399 0.9992 0.0086
vn -0.2078 0.9642 0.1649
vn -0.3555 0.8971 0.2624
vn -0.4542 0.8252 0.3357
vn -0.5563 0.7331 0.3913
vn -0.6135 0.6373 0.4663
vn -0.5962 0.5536 0.5815
vn -0.5688 0.4470 0.6904
vn -0.5199 0.3795 0.7653
vn -0.4785 0.3688 0.7969
vn -0.4622 0.4260 0.7777
vn -0.4421 0.5330 0.7214
vn -0.5238 0.6869 0.5039
vn -0.5444 0.7783 0.3130
vn -0.5337 0.8297 0.1637
vn -0.7508 0.6575 0.0630
vn -0.5002 0.8624 0.0780
vn 0.3368 0.8664 -0.3688
vn -0.0000 1.0000 0.0016
vn -0.0000 -0.8995 0.4368
vn -0.0000 -0.9671 -0.2546
vn -0.0000 0.9613 -0.2754
vt -0.109561 1.717610
vt 0.119643 1.755720
vt -0.108459 1.755720
vt -0.100591 1.716160
vt 0.121337 1.754280
vt -0.099579 1.754280
vt -0.098725 1.714450
vt 0.118327 1.752580
vt -0.097732 1.752580
vt -0.100672 1.713110
vt 0.113432 1.751240
vt -0.099660 1.751240
vt -0.104516 1.712400
vt 0.108228 1.750530
vt -0.103465 1.750530
vt 0.104516 1.712400
vt -0.108228 1.750530
vt -0.109327 1.712400
vt 0.100672 1.713110
vt -0.113432 1.751240
vt -0.114584 1.713110
vt 0.098725 1.714450
vt -0.118327 1.752580
vt -0.119529 1.714450
vt 0.100591 1.716160
vt -0.121337 1.754280
vt -0.122569 1.716160
vt 0.109561 1.717610
vt -0.119643 1.755720
vt -0.120858 1.717610
vt 0.108459 2.117460
vt -0.119166 2.145570
vt -0.119643 2.117460
vt -0.108459 2.117460
vt 0.119166 2.145570
vt -0.108027 2.145570
vt -0.099579 2.116740
vt 0.120853 2.144850
vt -0.099182 2.144850
vt -0.097732 2.115900
vt 0.117855 2.144010
vt -0.097343 2.144010
vt -0.099660 2.115230
vt 0.112980 2.143350
vt -0.099263 2.143350
vt -0.103465 2.114880
vt 0.107797 2.142990
vt -0.103053 2.142990
vt 0.103465 2.114880
vt -0.107797 2.142990
vt -0.108228 2.114880
vt 0.099660 2.115230
vt -0.112980 2.143350
vt -0.113432 2.115230
vt 0.097732 2.115900
vt -0.117855 2.144010
vt -0.118327 2.115900
vt 0.099579 2.116740
vt -0.120853 2.144850
vt -0.121337 2.116740
vt -0.120853 2.579450
vt 0.099313 2.599230
vt -0.121013 2.599230
vt -0.119166 2.579190
vt 0.108170 2.598960
vt -0.119324 2.598960
vt 0.119166 2.579190
vt -0.108170 2.598960
vt -0.108027 2.579190
vt 0.120853 2.579450
vt -0.099313 2.599230
vt -0.099182 2.579450
vt 0.117855 2.579770
vt -0.097471 2.599540
vt -0.097343 2.579770
vt 0.112980 2.580010
vt -0.099394 2.599790
vt -0.099263 2.580010
vt 0.107797 2.580140
vt -0.103189 2.599920
vt -0.103053 2.580140
vt -0.107797 2.580140
vt 0.103189 2.599920
vt -0.107939 2.599920
vt -0.112980 2.580010
vt 0.099394 2.599790
vt -0.113129 2.599790
vt -0.117855 2.579770
vt 0.097471 2.599540
vt -0.118011 2.599540
vt -0.118011 2.830690
vt 0.098034 2.844940
vt -0.118692 2.844940
vt -0.121013 2.829800
vt 0.099886 2.844050
vt -0.121711 2.844050
vt -0.119324 2.829040
vt 0.108794 2.843280
vt -0.120012 2.843280
vt 0.119324 2.829040
vt -0.108794 2.843280
vt -0.108170 2.829040
vt 0.121013 2.829800
vt -0.099886 2.844050
vt -0.099313 2.829800
vt 0.118011 2.830690
vt -0.098034 2.844940
vt -0.097471 2.830690
vt 0.113129 2.831390
vt -0.099967 2.845640
vt -0.099394 2.831390
vt 0.107939 2.831760
vt -0.103784 2.846020
vt -0.103189 2.831760
vt -0.107939 2.831760
vt 0.103784 2.846020
vt -0.108562 2.846020
vt -0.113129 2.831390
vt 0.099967 2.845640
vt -0.113782 2.845640
vt -0.113782 2.057180
vt 0.100897 2.070700
vt -0.114840 2.070700
vt -0.118692 2.056360
vt 0.098945 2.069860
vt -0.119796 2.069860
vt -0.121711 2.055310
vt 0.100815 2.068800
vt -0.122843 2.068800
vt -0.120012 2.054420
vt 0.109805 2.067900
vt -0.121128 2.067900
vt 0.120012 2.054420
vt -0.109805 2.067900
vt -0.108794 2.054420
vt 0.121711 2.055310
vt -0.100815 2.068800
vt -0.099886 2.055310
vt 0.118692 2.056360
vt -0.098945 2.069860
vt -0.098034 2.056360
vt 0.113782 2.057180
vt -0.100897 2.070700
vt -0.099967 2.057180
vt 0.108562 2.057620
vt -0.104749 2.071150
vt -0.103784 2.057620
vt -0.108562 2.057620
vt 0.104749 2.071150
vt -0.109571 2.071150
vt 0.109571 -0.793481
vt -0.105994 -0.810631
vt 0.110873 -0.810631
vt 0.114840 -0.792367
vt -0.102096 -0.809508
vt 0.116205 -0.809508
vt 0.119796 -0.790268
vt -0.100121 -0.807392
vt 0.121219 -0.807392
vt 0.122843 -0.787595
vt -0.102013 -0.804698
vt 0.124303 -0.804698
vt 0.121128 -0.785318
vt -0.111110 -0.802402
vt 0.122567 -0.802402
vt -0.121128 -0.785318
vt 0.111110 -0.802402
vt 0.109805 -0.785318
vt -0.122843 -0.787595
vt 0.102013 -0.804698
vt 0.100815 -0.787595
vt -0.119796 -0.790268
vt 0.100121 -0.807392
vt 0.098945 -0.790268
vt -0.114840 -0.792367
vt 0.102096 -0.809508
vt 0.100897 -0.792367
vt -0.109571 -0.793481
vt 0.105994 -0.810631
vt 0.104749 -0.793481
vt -0.110873 0.093585
vt 0.107429 0.071003
vt 0.105994 0.093585
vt 0.110873 0.093585
vt -0.107429 0.071003
vt 0.112375 0.071003
vt 0.116205 0.094984
vt -0.103478 0.072412
vt 0.117778 0.072412
vt 0.121219 0.097621
vt -0.101477 0.075066
vt 0.122861 0.075066
vt 0.124303 0.100978
vt -0.103395 0.078445
vt 0.125986 0.078445
vt 0.122567 0.103838
vt -0.112615 0.081324
vt 0.124227 0.081324
vt -0.122567 0.103838
vt 0.112615 0.081324
vt 0.111110 0.103838
vt -0.124303 0.100978
vt 0.103395 0.078445
vt 0.102013 0.100978
vt -0.121219 0.097621
vt 0.101477 0.075066
vt 0.100121 0.097621
vt -0.116205 0.094984
vt 0.103478 0.072412
vt 0.102096 0.094984
vt -0.117778 0.675503
vt 0.104958 0.647019
vt 0.103478 0.675503
vt -0.112375 0.674135
vt 0.108965 0.645643
vt 0.107429 0.674135
vt 0.112375 0.674135
vt -0.108965 0.645643
vt 0.113981 0.645643
vt 0.117778 0.675503
vt -0.104958 0.647019
vt 0.119462 0.647019
vt 0.122861 0.678080
vt -0.102928 0.649612
vt 0.124617 0.649612
vt 0.125986 0.681359
vt -0.104873 0.652911
vt 0.127787 0.652911
vt 0.124227 0.684152
vt -0.114225 0.655721
vt 0.126003 0.655721
vt -0.124227 0.684152
vt 0.114225 0.655721
vt 0.112615 0.684152
vt -0.125986 0.681359
vt 0.104873 0.652911
vt 0.103395 0.681359
vt -0.122861 0.678080
vt 0.102928 0.649612
vt 0.101477 0.678080
vt -0.124617 1.092610
vt 0.104389 1.058130
vt 0.102928 1.092610
vt -0.119462 1.090330
vt 0.106448 1.055840
vt 0.104958 1.090330
vt -0.113981 1.089120
vt 0.110513 1.054620
vt 0.108965 1.089120
vt 0.113981 1.089120
vt -0.110513 1.054620
vt 0.115600 1.054620
vt 0.119462 1.090330
vt -0.106448 1.055840
vt 0.121158 1.055840
vt 0.124617 1.092610
vt -0.104389 1.058130
vt 0.126387 1.058130
vt 0.127787 1.095500
vt -0.106362 1.061040
vt 0.129602 1.061040
vt 0.126003 1.097970
vt -0.115847 1.063520
vt 0.127792 1.063520
vt -0.126003 1.097970
vt 0.115847 1.063520
vt 0.114225 1.097970
vt -0.127787 1.095500
vt 0.106362 1.061040
vt 0.104873 1.095500
vt -0.129602 1.414110
vt 0.107776 1.373590
vt 0.106362 1.414110
vt -0.126387 1.411720
vt 0.105777 1.371200
vt 0.104389 1.411720
vt -0.121158 1.409850
vt 0.107863 1.369310
vt 0.106448 1.409850
vt -0.115600 1.408850
vt 0.111981 1.368310
vt 0.110513 1.408850
vt 0.115600 1.408850
vt -0.111981 1.368310
vt 0.117136 1.368310
vt 0.121158 1.409850
vt -0.107863 1.369310
vt 0.122769 1.369310
vt 0.126387 1.411720
vt -0.105777 1.371200
vt 0.128067 1.371200
vt 0.129602 1.414110
vt -0.107776 1.373590
vt 0.131324 1.373590
vt 0.127792 1.416140
vt -0.117386 1.375630
vt 0.129491 1.375630
vt -0.127792 1.416140
vt 0.117386 1.375630
vt 0.115847 1.416140
vt -0.129491 1.529420
vt 0.123236 1.355240
vt 0.117386 1.529420
vt -0.131324 1.527620
vt 0.113147 1.353410
vt 0.107776 1.527620
vt -0.128067 1.525510
vt 0.111048 1.351260
vt 0.105777 1.525510
vt -0.122769 1.523850
vt 0.113238 1.349560
vt 0.107863 1.523850
vt -0.117136 1.522970
vt 0.117562 1.348660
vt 0.111981 1.522970
vt 0.117136 1.522970
vt -0.117562 1.348660
vt 0.122974 1.348660
vt 0.122769 1.523850
vt -0.113238 1.349560
vt 0.128887 1.349560
vt 0.128067 1.525510
vt -0.111048 1.351260
vt 0.134449 1.351260
vt 0.131324 1.527620
vt -0.113147 1.353410
vt 0.137869 1.353410
vt 0.129491 1.529420
vt -0.123236 1.355240
vt 0.135944 1.355240
vt 0.135944 1.371140
vt -0.128968 1.198010
vt 0.142267 1.198010
vt -0.135944 1.371140
vt 0.128968 1.198010
vt 0.123236 1.371140
vt -0.137869 1.369330
vt 0.118410 1.196160
vt 0.113147 1.369330
vt -0.134449 1.367210
vt 0.116213 1.194000
vt 0.111048 1.367210
vt -0.128887 1.365540
vt 0.118505 1.192300
vt 0.113238 1.365540
vt -0.122974 1.364650
vt 0.123030 1.191390
vt 0.117562 1.364650
vt 0.122974 1.364650
vt -0.123030 1.191390
vt 0.128694 1.191390
vt 0.128887 1.365540
vt -0.118505 1.192300
vt 0.134882 1.192300
vt 0.134449 1.367210
vt -0.116213 1.194000
vt 0.140702 1.194000
vt 0.137869 1.369330
vt -0.118410 1.196160
vt 0.144282 1.196160
vt 0.144282 1.228410
vt -0.123457 1.057310
vt 0.150432 1.057310
vt 0.142267 1.230200
vt -0.134466 1.059130
vt 0.148332 1.059130
vt -0.142267 1.230200
vt 0.134466 1.059130
vt 0.128968 1.230200
vt -0.144282 1.228410
vt 0.123457 1.057310
vt 0.118410 1.228410
vt -0.140702 1.226310
vt 0.121167 1.055170
vt 0.116213 1.226310
vt -0.134882 1.224660
vt 0.123557 1.053490
vt 0.118505 1.224660
vt -0.128694 1.223780
vt 0.128275 1.052590
vt 0.123030 1.223780
vt 0.128694 1.223780
vt -0.128275 1.052590
vt 0.134180 1.052590
vt 0.134882 1.224660
vt -0.123557 1.053490
vt 0.140632 1.053490
vt 0.140702 1.226310
vt -0.121167 1.055170
vt 0.146700 1.055170
vt 0.146700 1.104690
vt -0.125804 0.936591
vt 0.152314 0.936591
vt 0.150432 1.106730
vt -0.128181 0.938663
vt 0.156188 0.938663
vt 0.148332 1.108460
vt -0.139611 0.940426
vt 0.154008 0.940426
vt -0.148332 1.108460
vt 0.139611 0.940426
vt 0.134466 1.108460
vt -0.150432 1.106730
vt 0.128181 0.938663
vt 0.123457 1.106730
vt -0.146700 1.104690
vt 0.125804 0.936591
vt 0.121167 1.104690
vt -0.140632 1.103090
vt 0.128285 0.934961
vt 0.123557 1.103090
vt -0.134180 1.102240
vt 0.133183 0.934096
vt 0.128275 1.102240
vt 0.134180 1.102240
vt -0.133183 0.934096
vt 0.139314 0.934096
vt 0.140632 1.103090
vt -0.128285 0.934961
vt 0.146013 0.934961
vt 0.146013 1.003160
vt -0.132581 0.838970
vt 0.150903 0.838970
vt 0.152314 1.004680
vt -0.130017 0.840509
vt 0.157415 0.840509
vt 0.156188 1.006610
vt -0.132474 0.842466
vt 0.161420 0.842466
vt 0.154008 1.008250
vt -0.144287 0.844131
vt 0.159166 0.844131
vt -0.154008 1.008250
vt 0.144287 0.844131
vt 0.139611 1.008250
vt -0.156188 1.006610
vt 0.132474 0.842466
vt 0.128181 1.006610
vt -0.152314 1.004680
vt 0.130017 0.840509
vt 0.125804 1.004680
vt -0.146013 1.003160
vt 0.132581 0.838970
vt 0.128285 1.003160
vt -0.139314 1.002360
vt 0.137644 0.838152
vt 0.133183 1.002360
vt 0.139314 1.002360
vt -0.137644 0.838152
vt 0.143980 0.838152
vt 0.143980 0.926909
vt -0.141545 0.767413
vt 0.148060 0.767413
vt 0.150903 0.927645
vt -0.136339 0.768159
vt 0.155180 0.768159
vt 0.157415 0.929030
vt -0.133702 0.769562
vt 0.161876 0.769562
vt 0.161420 0.930791
vt -0.136228 0.771346
vt 0.165994 0.771346
vt 0.159166 0.932289
vt -0.148376 0.772864
vt 0.163676 0.772864
vt -0.159166 0.932289
vt 0.148376 0.772864
vt 0.144287 0.932289
vt -0.161420 0.930791
vt 0.136228 0.771346
vt 0.132474 0.930791
vt -0.157415 0.929030
vt 0.133702 0.769562
vt 0.130017 0.929030
vt -0.150903 0.927645
vt 0.136339 0.768159
vt 0.132581 0.927645
vt -0.143980 0.926909
vt 0.141545 0.767413
vt 0.137644 0.926909
vt -0.148060 0.879022
vt 0.144773 0.724843
vt 0.141545 0.879022
vt 0.148060 0.879022
vt -0.144773 0.724843
vt 0.151438 0.724843
vt 0.155180 0.879659
vt -0.139449 0.725487
vt 0.158720 0.725487
vt 0.161876 0.880859
vt -0.136751 0.726700
vt 0.165569 0.726700
vt 0.165994 0.882385
vt -0.139336 0.728242
vt 0.169781 0.728242
vt 0.163676 0.883683
vt -0.151761 0.729554
vt 0.167410 0.729554
vt -0.163676 0.883683
vt 0.151761 0.729554
vt 0.148376 0.883683
vt -0.165994 0.882385
vt 0.139336 0.728242
vt 0.136228 0.882385
vt -0.161876 0.880859
vt 0.136751 0.726700
vt 0.133702 0.880859
vt -0.155180 0.879659
vt 0.139449 0.725487
vt 0.136339 0.879659
vt -0.158720 0.862467
vt 0.141804 0.713981
vt 0.139449 0.862467
vt -0.151438 0.861962
vt 0.147218 0.713472
vt 0.144773 0.861962
vt 0.151438 0.861962
vt -0.147218 0.713472
vt 0.153995 0.713472
vt 0.158720 0.862467
vt -0.141804 0.713981
vt 0.161400 0.713981
vt 0.165569 0.863417
vt -0.139061 0.714939
vt 0.168365 0.714939
vt 0.169781 0.864625
vt -0.141689 0.716157
vt 0.172648 0.716157
vt 0.167410 0.865653
vt -0.154324 0.717193
vt 0.170237 0.717193
vt -0.167410 0.865653
vt 0.154324 0.717193
vt 0.151761 0.865653
vt -0.169781 0.864625
vt 0.141689 0.716157
vt 0.139336 0.864625
vt -0.165569 0.863417
vt 0.139061 0.714939
vt 0.136751 0.863417
vt -0.168365 0.879555
vt 0.140524 0.736816
vt 0.139061 0.879555
vt -0.161400 0.878928
vt 0.143296 0.736185
vt 0.141804 0.878928
vt -0.153995 0.878595
vt 0.148767 0.735851
vt 0.147218 0.878595
vt 0.153995 0.878595
vt -0.148767 0.735851
vt 0.155616 0.735851
vt 0.161400 0.878928
vt -0.143296 0.736185
vt 0.163098 0.736185
vt 0.168365 0.879555
vt -0.140524 0.736816
vt 0.170136 0.736816
vt 0.172648 0.880352
vt -0.143180 0.737616
vt 0.174464 0.737616
vt 0.170237 0.881030
vt -0.155948 0.738298
vt 0.172029 0.738298
vt -0.170237 0.881030
vt 0.155948 0.738298
vt 0.154324 0.881030
vt -0.172648 0.880352
vt 0.143180 0.737616
vt 0.141689 0.880352
vt -0.174464 0.930963
vt 0.143701 0.793598
vt 0.143180 0.930963
vt -0.170136 0.930677
vt 0.141035 0.793310
vt 0.140524 0.930677
vt -0.163098 0.930451
vt 0.143817 0.793084
vt 0.143296 0.930451
vt -0.155616 0.930331
vt 0.149309 0.792964
vt 0.148767 0.930331
vt 0.155616 0.930331
vt -0.149309 0.792964
vt 0.156182 0.792964
vt 0.163098 0.930451
vt -0.143817 0.793084
vt 0.163692 0.793084
vt 0.170136 0.930677
vt -0.141035 0.793310
vt 0.170755 0.793310
vt 0.174464 0.930963
vt -0.143701 0.793598
vt 0.175099 0.793598
vt 0.172029 0.931207
vt -0.156515 0.793842
vt 0.172654 0.793842
vt -0.172029 0.931207
vt 0.156515 0.793842
vt 0.155948 0.931207
vt 0.156515 1.110310
vt -0.171446 0.981230
vt 0.155420 0.981230
vt 0.143701 1.110790
vt -0.173873 0.981710
vt 0.142695 0.981710
vt 0.141035 1.111360
vt -0.169560 0.982274
vt 0.140048 0.982274
vt 0.143817 1.111810
vt -0.162546 0.982718
vt 0.142810 0.982718
vt 0.149309 1.112040
vt -0.155088 0.982954
vt 0.148263 0.982954
vt -0.149309 1.112040
vt 0.155088 0.982954
vt 0.156182 1.112040
vt -0.143817 1.111810
vt 0.162546 0.982718
vt 0.163692 1.111810
vt -0.141035 1.111360
vt 0.169560 0.982274
vt 0.170755 1.111360
vt -0.143701 1.110790
vt 0.173873 0.981710
vt 0.175099 1.110790
vt -0.156515 1.110310
vt 0.171446 0.981230
vt 0.172654 1.110310
vt -0.155420 1.351250
vt 0.168165 1.229910
vt 0.171446 1.351250
vt 0.155420 1.351250
vt -0.168165 1.229910
vt 0.152446 1.229910
vt 0.142695 1.352520
vt -0.170547 1.231160
vt 0.139965 1.231160
vt 0.140048 1.354010
vt -0.166316 1.232640
vt 0.137368 1.232640
vt 0.142810 1.355190
vt -0.159436 1.233810
vt 0.140078 1.233810
vt 0.148263 1.355820
vt -0.152121 1.234430
vt 0.145427 1.234430
vt -0.148263 1.355820
vt 0.152121 1.234430
vt 0.155088 1.355820
vt -0.142810 1.355190
vt 0.159436 1.233810
vt 0.162546 1.355190
vt -0.140048 1.354010
vt 0.166316 1.232640
vt 0.169560 1.354010
vt -0.142695 1.352520
vt 0.170547 1.231160
vt 0.173873 1.352520
vt -0.139965 1.506090
vt 0.165644 1.389190
vt 0.170547 1.506090
vt -0.152446 1.504350
vt 0.163331 1.387480
vt 0.168165 1.504350
vt 0.152446 1.504350
vt -0.163331 1.387480
vt 0.148063 1.387480
vt 0.139965 1.506090
vt -0.165644 1.389190
vt 0.135941 1.389190
vt 0.137368 1.508140
vt -0.161535 1.391200
vt 0.133419 1.391200
vt 0.140078 1.509750
vt -0.154852 1.392780
vt 0.136051 1.392780
vt 0.145427 1.510600
vt -0.147748 1.393620
vt 0.141246 1.393620
vt -0.145427 1.510600
vt 0.147748 1.393620
vt 0.152121 1.510600
vt -0.140078 1.509750
vt 0.154852 1.392780
vt 0.159436 1.509750
vt -0.137368 1.508140
vt 0.161535 1.391200
vt 0.166316 1.508140
vt -0.133419 1.578090
vt 0.155729 1.464900
vt 0.161535 1.578090
vt -0.135941 1.575800
vt 0.159690 1.462660
vt 0.165644 1.575800
vt -0.148063 1.573850
vt 0.157461 1.460750
vt 0.163331 1.573850
vt 0.148063 1.573850
vt -0.157461 1.460750
vt 0.142742 1.460750
vt 0.135941 1.575800
vt -0.159690 1.462660
vt 0.131055 1.462660
vt 0.133419 1.578090
vt -0.155729 1.464900
vt 0.128624 1.464900
vt 0.136051 1.579900
vt -0.149287 1.466660
vt 0.131161 1.466660
vt 0.141246 1.580860
vt -0.142438 1.467590
vt 0.136169 1.467590
vt -0.141246 1.580860
vt 0.142438 1.467590
vt 0.147748 1.580860
vt -0.136051 1.579900
vt 0.149287 1.466660
vt 0.154852 1.579900
vt -0.131161 1.586980
vt 0.143230 1.478840
vt 0.149287 1.586980
vt -0.128624 1.585120
vt 0.149411 1.477030
vt 0.155729 1.585120
vt -0.131055 1.582760
vt 0.153212 1.474740
vt 0.159690 1.582760
vt -0.142742 1.580750
vt 0.151073 1.472790
vt 0.157461 1.580750
vt 0.142742 1.580750
vt -0.151073 1.472790
vt 0.136951 1.472790
vt 0.131055 1.582760
vt -0.153212 1.474740
vt 0.125738 1.474740
vt 0.128624 1.585120
vt -0.149411 1.477030
vt 0.123406 1.477030
vt 0.131161 1.586980
vt -0.143230 1.478840
vt 0.125840 1.478840
vt 0.136169 1.587970
vt -0.136659 1.479800
vt 0.130645 1.479800
vt -0.136169 1.587970
vt 0.136659 1.479800
vt 0.142438 1.587970
vt -0.130645 1.553280
vt 0.130880 1.453010
vt 0.136659 1.553280
vt -0.125840 1.552310
vt 0.137174 1.452070
vt 0.143230 1.552310
vt -0.123406 1.550460
vt 0.143093 1.450280
vt 0.149411 1.550460
vt -0.125738 1.548120
vt 0.146733 1.448010
vt 0.153212 1.548120
vt -0.136951 1.546130
vt 0.144684 1.446080
vt 0.151073 1.546130
vt 0.136951 1.546130
vt -0.144684 1.446080
vt 0.131160 1.446080
vt 0.125738 1.548120
vt -0.146733 1.448010
vt 0.120421 1.448010
vt 0.123406 1.550460
vt -0.143093 1.450280
vt 0.118188 1.450280
vt 0.125840 1.552310
vt -0.137174 1.452070
vt 0.120519 1.452070
vt 0.130645 1.553280
vt -0.130880 1.453010
vt 0.125121 1.453010
vt 0.125121 1.491350
vt -0.125570 1.402710
vt 0.120044 1.402710
vt -0.125121 1.491350
vt 0.125570 1.402710
vt 0.130880 1.491350
vt -0.120519 1.490400
vt 0.131608 1.401790
vt 0.137174 1.490400
vt -0.118188 1.488600
vt 0.137287 1.400050
vt 0.143093 1.488600
vt -0.120421 1.486320
vt 0.140780 1.397830
vt 0.146733 1.486320
vt -0.131160 1.484370
vt 0.138814 1.395950
vt 0.144684 1.484370
vt 0.131160 1.484370
vt -0.138814 1.395950
vt 0.125838 1.395950
vt 0.120421 1.486320
vt -0.140780 1.397830
vt 0.115536 1.397830
vt 0.118188 1.488600
vt -0.137287 1.400050
vt 0.113392 1.400050
vt 0.120519 1.490400
vt -0.131608 1.401790
vt 0.115629 1.401790
vt 0.115629 1.404680
vt -0.127025 1.331920
vt 0.111602 1.331920
vt 0.120044 1.405600
vt -0.121197 1.332820
vt 0.115863 1.332820
vt -0.120044 1.405600
vt 0.121197 1.332820
vt 0.125570 1.405600
vt -0.115629 1.404680
vt 0.127025 1.331920
vt 0.131608 1.404680
vt -0.113392 1.402940
vt 0.132506 1.330220
vt 0.137287 1.402940
vt -0.115536 1.400720
vt 0.135877 1.328060
vt 0.140780 1.400720
vt -0.125838 1.398840
vt 0.133980 1.326230
vt 0.138814 1.398840
vt 0.125838 1.398840
vt -0.133980 1.326230
vt 0.121456 1.326230
vt 0.115536 1.400720
vt -0.135877 1.328060
vt 0.111512 1.328060
vt 0.113392 1.402940
vt -0.132506 1.330220
vt 0.109443 1.330220
vt 0.109443 1.266050
vt -0.129262 1.213360
vt 0.106764 1.213360
vt 0.111602 1.267720
vt -0.123915 1.215000
vt 0.108870 1.215000
vt 0.115863 1.268610
vt -0.118230 1.215870
vt 0.113027 1.215870
vt -0.115863 1.268610
vt 0.118230 1.215870
vt 0.121197 1.268610
vt -0.111602 1.267720
vt 0.123915 1.215000
vt 0.127025 1.267720
vt -0.109443 1.266050
vt 0.129262 1.213360
vt 0.132506 1.266050
vt -0.111512 1.263920
vt 0.132550 1.211270
vt 0.135877 1.263920
vt -0.121456 1.262110
vt 0.130699 1.209480
vt 0.133980 1.262110
vt 0.121456 1.262110
vt -0.130699 1.209480
vt 0.118482 1.209480
vt 0.111512 1.263920
vt -0.132550 1.211270
vt 0.108782 1.211270
vt 0.108782 0.850366
vt -0.131324 0.819898
vt 0.107776 0.819898
vt 0.106764 0.851997
vt -0.128067 0.821520
vt 0.105777 0.821520
vt 0.108870 0.853280
vt -0.122769 0.822796
vt 0.107863 0.822796
vt 0.113027 0.853961
vt -0.117136 0.823474
vt 0.111981 0.823474
vt -0.113027 0.853961
vt 0.117136 0.823474
vt 0.118230 0.853961
vt -0.108870 0.853280
vt 0.122769 0.822796
vt 0.123915 0.853280
vt -0.106764 0.851997
vt 0.128067 0.821520
vt 0.129262 0.851997
vt -0.108782 0.850366
vt 0.131324 0.819898
vt 0.132550 0.850366
vt -0.118482 0.848979
vt 0.129491 0.818518
vt 0.130699 0.848979
vt 0.118482 0.848979
vt -0.129491 0.818518
vt 0.117386 0.818518
vt -0.129186 0.357009
vt 0.117386 0.379708
vt -0.129491 0.379708
vt -0.127833 0.941595
vt 0.117110 0.968560
vt -0.129186 0.968560
vt -0.124771 1.281050
vt 0.115884 1.322220
vt -0.127833 1.322220
vt -0.119339 1.334140
vt 0.113108 1.399900
vt -0.124771 1.399900
vt -0.110876 1.267880
vt 0.108183 1.367240
vt -0.119339 1.367240
vt -0.098724 1.136510
vt 0.100512 1.277730
vt -0.110876 1.277730
vt -0.082220 0.948549
vt 0.089495 1.139580
vt -0.098724 1.139580
vt -0.060705 0.700828
vt 0.074534 0.949483
vt -0.082220 0.949483
vt -0.033519 0.387051
vt 0.055031 0.701072
vt -0.060705 0.701072
vt 0.000000 0.000000
vt 0.030385 0.387090
vt -0.033519 0.387090
vt 0.033519 0.387090
vt -0.030385 0.387090
vt 0.033993 0.387536
vt -0.027898 0.387536
vt 0.033150 0.388059
vt -0.027380 0.388059
vt 0.031779 0.388471
vt -0.027920 0.388471
vt 0.030321 0.388689
vt -0.028986 0.388689
vt 0.028986 0.388689
vt -0.030321 0.388689
vt 0.027920 0.388471
vt -0.031779 0.388471
vt 0.027380 0.388059
vt -0.033150 0.388059
vt 0.027898 0.387536
vt -0.033993 0.387536
vt -0.033993 0.387497
vt 0.050525 0.701879
vt -0.061565 0.701879
vt -0.061565 0.701635
vt 0.068432 0.950576
vt -0.083384 0.950576
vt -0.083384 0.949644
vt 0.082168 1.140890
vt -0.100122 1.140890
vt -0.100122 1.137830
vt 0.092283 1.279200
vt -0.112446 1.279200
vt -0.112446 1.269370
vt 0.099326 1.368840
vt -0.121029 1.368840
vt -0.121029 1.335770
vt 0.103847 1.401600
vt -0.126538 1.401600
vt -0.126538 1.282810
vt 0.106396 1.324020
vt -0.129643 1.324020
vt -0.129643 0.943202
vt 0.107522 0.970177
vt -0.131016 0.970177
vt -0.131016 0.357531
vt 0.107776 0.380231
vt -0.131324 0.380231
vt -0.127766 0.358145
vt 0.105777 0.380846
vt -0.128067 0.380846
vt -0.126427 0.945089
vt 0.105528 0.972076
vt -0.127766 0.972076
vt -0.123399 1.284880
vt 0.104423 1.326130
vt -0.126427 1.326130
vt -0.118026 1.337680
vt 0.101921 1.403590
vt -0.123399 1.403590
vt -0.109657 1.271120
vt 0.097484 1.370710
vt -0.118026 1.370710
vt -0.097638 1.139370
vt 0.090571 1.280940
vt -0.109657 1.280940
vt -0.081316 0.950928
vt 0.080644 1.142430
vt -0.097638 1.142430
vt -0.060038 0.702583
vt 0.067163 0.951860
vt -0.081316 0.951860
vt -0.033150 0.388020
vt 0.049588 0.702827
vt -0.060038 0.702827
vt -0.031779 0.388432
vt 0.050566 0.703572
vt -0.057554 0.703572
vt -0.057554 0.703328
vt 0.068488 0.952869
vt -0.077952 0.952869
vt -0.077952 0.951938
vt 0.082235 1.143650
vt -0.093599 1.143650
vt -0.093599 1.140590
vt 0.092358 1.282300
vt -0.105121 1.282300
vt -0.105121 1.272490
vt 0.099407 1.372190
vt -0.113144 1.372190
vt -0.113144 1.339180
vt 0.103931 1.405160
vt -0.118294 1.405160
vt -0.118294 1.286510
vt 0.106482 1.327790
vt -0.121197 1.327790
vt -0.121197 0.946573
vt 0.107609 0.973570
vt -0.122480 0.973570
vt -0.122480 0.358629
vt 0.107863 0.381329
vt -0.122769 0.381329
vt -0.116861 0.358885
vt 0.111981 0.381586
vt -0.117136 0.381586
vt -0.115637 0.947361
vt 0.111718 0.974363
vt -0.116861 0.974363
vt -0.112867 1.287370
vt 0.110548 1.328670
vt -0.115637 1.328670
vt -0.107953 1.339980
vt 0.107900 1.405990
vt -0.112867 1.405990
vt -0.100298 1.273220
vt 0.103202 1.372970
vt -0.107953 1.372970
vt -0.089305 1.141230
vt 0.095884 1.283030
vt -0.100298 1.283030
vt -0.074376 0.952474
vt 0.085375 1.144290
vt -0.089305 1.144290
vt -0.054913 0.703724
vt 0.071103 0.953404
vt -0.074376 0.953404
vt -0.030321 0.388650
vt 0.052497 0.703967
vt -0.054913 0.703967
vt 0.030321 0.388650
vt -0.052497 0.703967
vt -0.028986 0.388650
vt 0.054913 0.703724
vt -0.071103 0.953404
vt -0.052497 0.703724
vt 0.074376 0.952474
vt -0.085375 1.144290
vt -0.071103 0.952474
vt 0.089305 1.141230
vt -0.095884 1.283030
vt -0.085375 1.141230
vt 0.100298 1.273220
vt -0.103202 1.372970
vt -0.095884 1.273220
vt 0.107953 1.339980
vt -0.107900 1.405990
vt -0.103202 1.339980
vt 0.112867 1.287370
vt -0.110548 1.328670
vt -0.107900 1.287370
vt 0.115637 0.947361
vt -0.111718 0.974363
vt -0.110548 0.947361
vt 0.116861 0.358885
vt -0.111981 0.381586
vt -0.111718 0.358885
vt 0.122480 0.358629
vt -0.107863 0.381329
vt -0.107609 0.358629
vt 0.121197 0.946573
vt -0.107609 0.973570
vt -0.106482 0.946573
vt 0.118294 1.286510
vt -0.106482 1.327790
vt -0.103931 1.286510
vt 0.113144 1.339180
vt -0.103931 1.405160
vt -0.099407 1.339180
vt 0.105121 1.272490
vt -0.099407 1.372190
vt -0.092358 1.272490
vt 0.093599 1.140590
vt -0.092358 1.282300
vt -0.082235 1.140590
vt 0.077952 0.951938
vt -0.082235 1.143650
vt -0.068488 0.951938
vt 0.057554 0.703328
vt -0.068488 0.952869
vt -0.050566 0.703328
vt 0.031779 0.388432
vt -0.050566 0.703572
vt -0.027920 0.388432
vt 0.033150 0.388020
vt -0.049588 0.702827
vt -0.027380 0.388020
vt 0.060038 0.702583
vt -0.067163 0.951860
vt -0.049588 0.702583
vt 0.081316 0.950928
vt -0.080644 1.142430
vt -0.067163 0.950928
vt 0.097638 1.139370
vt -0.090571 1.280940
vt -0.080644 1.139370
vt 0.109657 1.271120
vt -0.097484 1.370710
vt -0.090571 1.271120
vt 0.118026 1.337680
vt -0.101921 1.403590
vt -0.097484 1.337680
vt 0.123399 1.284880
vt -0.104423 1.326130
vt -0.101921 1.284880
vt 0.126427 0.945089
vt -0.105528 0.972076
vt -0.104423 0.945089
vt 0.127766 0.358145
vt -0.105777 0.380846
vt -0.105528 0.358145
vt 0.131016 0.357531
vt -0.107776 0.380231
vt -0.107522 0.357531
vt 0.129643 0.943202
vt -0.107522 0.970177
vt -0.106396 0.943202
vt 0.126538 1.282810
vt -0.106396 1.324020
vt -0.103847 1.282810
vt 0.121029 1.335770
vt -0.103847 1.401600
vt -0.099326 1.335770
vt 0.112446 1.269370
vt -0.099326 1.368840
vt -0.092283 1.269370
vt 0.100122 1.137830
vt -0.092283 1.279200
vt -0.082168 1.137830
vt 0.083384 0.949644
vt -0.082168 1.140890
vt -0.068432 0.949644
vt 0.061565 0.701635
vt -0.068432 0.950576
vt -0.050525 0.701635
vt 0.033993 0.387497
vt -0.050525 0.701879
vt -0.027898 0.387497
vt 0.033519 0.387051
vt -0.055031 0.701072
vt -0.030385 0.387051
vt 0.060705 0.700828
vt -0.074534 0.949483
vt -0.055031 0.700828
vt 0.082220 0.948549
vt -0.089495 1.139580
vt -0.074534 0.948549
vt 0.098724 1.136510
vt -0.100512 1.277730
vt -0.089495 1.136510
vt 0.110876 1.267880
vt -0.108183 1.367240
vt -0.100512 1.267880
vt 0.119339 1.334140
vt -0.113108 1.399900
vt -0.108183 1.334140
vt 0.124771 1.281050
vt -0.115884 1.322220
vt -0.113108 1.281050
vt 0.127833 0.941595
vt -0.117110 0.968560
vt -0.115884 0.941595
vt 0.129186 0.357009
vt -0.117386 0.379708
vt -0.117110 0.357009
vt 0.000000 0.138683
vt -0.017051 -0.055519
vt 0.015094 -0.055519
vt -0.000000 0.138487
vt -0.017512 -0.055989
vt 0.013566 -0.055989
vt 0.000000 0.138247
vt -0.017113 -0.056568
vt 0.013233 -0.056568
vt -0.000000 0.138051
vt -0.016285 -0.057040
vt 0.013607 -0.057040
vt 0.000000 0.137945
vt -0.015309 -0.057297
vt 0.014366 -0.057297
vt -0.014366 -0.057297
vt 0.015309 -0.057297
vt -0.013607 -0.057040
vt 0.016285 -0.057040
vt 0.000000 0.138247
vt -0.013233 -0.056568
vt 0.017113 -0.056568
vt 0.000000 0.138487
vt -0.013566 -0.055989
vt 0.017512 -0.055989
vt -0.015094 -0.055519
vt 0.017051 -0.055519
vt 0.000000 0.138683
vt -0.000000 0.138247
vt 0.000000 0.138051
vt 0.000000 0.138487
vt -0.000000 0.138683
vt 0.000000 0.137945
vt 0.000000 0.138051
vt 0.017050 0.454185
vt -0.023953 0.337858
vt 0.027055 0.337858
vt -0.017050 0.454185
vt 0.023953 0.337858
vt 0.015095 0.454185
vt -0.017511 0.453034
vt 0.021530 0.336549
vt 0.013567 0.453034
vt -0.017112 0.451620
vt 0.021001 0.334942
vt 0.013233 0.451620
vt -0.016284 0.450468
vt 0.021594 0.333631
vt 0.013608 0.450468
vt -0.015309 0.449840
vt 0.022798 0.332917
vt 0.014367 0.449840
vt 0.015309 0.449840
vt -0.022798 0.332917
vt 0.024293 0.332917
vt 0.016284 0.450468
vt -0.021594 0.333631
vt 0.025840 0.333631
vt 0.017112 0.451620
vt -0.021001 0.334942
vt 0.027153 0.334942
vt 0.017511 0.453034
vt -0.021530 0.336549
vt 0.027786 0.336549
vt 0.027783 1.605010
vt -0.024980 1.543680
vt 0.032224 1.543680
vt 0.027054 1.607160
vt -0.027786 1.545880
vt 0.031380 1.545880
vt -0.027054 1.607160
vt 0.027786 1.545880
vt 0.023954 1.607160
vt -0.027783 1.605010
vt 0.024980 1.543680
vt 0.021533 1.605010
vt -0.027149 1.602380
vt 0.024367 1.540990
vt 0.021004 1.602380
vt -0.025837 1.600240
vt 0.025054 1.538790
vt 0.021597 1.600240
vt -0.024292 1.599070
vt 0.026447 1.537590
vt 0.022799 1.599070
vt 0.024292 1.599070
vt -0.026447 1.537590
vt 0.028178 1.537590
vt 0.025837 1.600240
vt -0.025054 1.538790
vt 0.029968 1.538790
vt 0.027149 1.602380
vt -0.024367 1.540990
vt 0.031490 1.540990
vt -0.024376 3.079620
vt 0.031492 3.033270
vt 0.031481 3.079620
vt -0.024988 3.079600
vt 0.032228 3.033250
vt 0.032216 3.079600
vt -0.027790 3.079590
vt 0.031389 3.033240
vt 0.031376 3.079590
vt 0.027790 3.079590
vt -0.031389 3.033240
vt 0.027805 3.033240
vt 0.024988 3.079600
vt -0.032228 3.033250
vt 0.025006 3.033250
vt 0.024376 3.079620
vt -0.031492 3.033270
vt 0.024396 3.033270
vt 0.025061 3.079630
vt -0.029974 3.033280
vt 0.025080 3.033280
vt 0.026450 3.079640
vt -0.028190 3.033290
vt 0.026467 3.033290
vt -0.026450 3.079640
vt 0.028190 3.033290
vt 0.028175 3.079640
vt -0.025061 3.079630
vt 0.029974 3.033280
vt 0.029962 3.079630
vt -0.025093 2.763810
vt 0.027161 2.700660
vt 0.029961 2.763810
vt -0.024413 2.764450
vt 0.028530 2.701330
vt 0.031474 2.764450
vt -0.025022 2.765220
vt 0.029198 2.702130
vt 0.032211 2.765220
vt -0.027813 2.765840
vt 0.028449 2.702780
vt 0.031382 2.765840
vt 0.027813 2.765840
vt -0.028449 2.702780
vt 0.025221 2.702780
vt 0.025022 2.765220
vt -0.029198 2.702130
vt 0.022698 2.702130
vt 0.024413 2.764450
vt -0.028530 2.701330
vt 0.022149 2.701330
vt 0.025093 2.763810
vt -0.027161 2.700660
vt 0.022764 2.700660
vt 0.026472 2.763460
vt -0.025557 2.700290
vt 0.024010 2.700290
vt -0.026472 2.763460
vt 0.025557 2.700290
vt 0.028185 2.763460
vt -0.024019 2.445560
vt 0.021506 2.367930
vt 0.025548 2.445560
vt -0.022788 2.446130
vt 0.022834 2.368520
vt 0.027138 2.446130
vt -0.022181 2.447150
vt 0.023973 2.369600
vt 0.028498 2.447160
vt -0.022727 2.448400
vt 0.024536 2.370920
vt 0.029169 2.448400
vt -0.025233 2.449400
vt 0.023926 2.371970
vt 0.028437 2.449400
vt 0.025233 2.449400
vt -0.023926 2.371970
vt 0.021242 2.371970
vt 0.022727 2.448400
vt -0.024536 2.370920
vt 0.019145 2.370920
vt 0.022181 2.447150
vt -0.023973 2.369600
vt 0.018690 2.369610
vt 0.022788 2.446130
vt -0.022834 2.368520
vt 0.019199 2.368530
vt 0.024019 2.445560
vt -0.021506 2.367930
vt 0.020228 2.367930
vt 0.020242 2.354710
vt -0.017262 2.274130
vt 0.016274 2.274130
vt -0.020242 2.354710
vt 0.017262 2.274130
vt 0.021491 2.354710
vt -0.019237 2.355330
vt 0.018295 2.274780
vt 0.022796 2.355330
vt -0.018741 2.356460
vt 0.019189 2.275970
vt 0.023922 2.356460
vt -0.019191 2.357830
vt 0.019645 2.277400
vt 0.024490 2.357830
vt -0.021263 2.358920
vt 0.019185 2.278560
vt 0.023906 2.358930
vt 0.021263 2.358920
vt -0.019185 2.278560
vt 0.017082 2.278560
vt 0.019191 2.357830
vt -0.019645 2.277400
vt 0.015437 2.277410
vt 0.018741 2.356460
vt -0.019189 2.275970
vt 0.015083 2.275970
vt 0.019237 2.355330
vt -0.018295 2.274780
vt 0.015478 2.274780
vt 0.015534 2.481340
vt -0.014844 2.409710
vt 0.012697 2.409710
vt 0.016294 2.480800
vt -0.014052 2.409140
vt 0.013301 2.409140
vt -0.016294 2.480800
vt 0.014052 2.409140
vt 0.017241 2.480800
vt -0.015534 2.481340
vt 0.014844 2.409710
vt 0.018238 2.481340
vt -0.015158 2.482330
vt 0.015545 2.410740
vt 0.019114 2.482340
vt -0.015505 2.483530
vt 0.015920 2.411980
vt 0.019577 2.483530
vt -0.017112 2.484470
vt 0.015589 2.412960
vt 0.019155 2.484470
vt 0.017112 2.484470
vt -0.015589 2.412960
vt 0.013951 2.412960
vt 0.015505 2.483530
vt -0.015920 2.411980
vt 0.012668 2.411980
vt 0.015158 2.482330
vt -0.015545 2.410740
vt 0.012395 2.410740
vt 0.012486 2.779880
vt -0.014394 2.723280
vt 0.011704 2.723280
vt 0.012766 2.779700
vt -0.013775 2.723090
vt 0.011960 2.723090
vt 0.013326 2.779600
vt -0.013098 2.722980
vt 0.012466 2.722980
vt -0.013326 2.779600
vt 0.013098 2.722980
vt 0.014027 2.779600
vt -0.012766 2.779700
vt 0.013775 2.723090
vt 0.014776 2.779700
vt -0.012486 2.779880
vt 0.014394 2.723280
vt 0.015453 2.779880
vt -0.012750 2.780090
vt 0.014751 2.723500
vt 0.015837 2.780090
vt -0.013988 2.780250
vt 0.014498 2.723660
vt 0.015552 2.780250
vt 0.013988 2.780250
vt -0.014498 2.723660
vt 0.013067 2.723660
vt 0.012750 2.780090
vt -0.014751 2.723500
vt 0.011940 2.723500
vt -0.014689 2.198650
vt 0.014353 2.139800
vt 0.012001 2.198650
vt -0.014326 2.197690
vt 0.014085 2.138810
vt 0.011772 2.197690
vt -0.013724 2.196960
vt 0.014368 2.138060
vt 0.012011 2.196960
vt -0.013079 2.196570
vt 0.014926 2.137680
vt 0.012485 2.196580
vt 0.013079 2.196570
vt -0.014926 2.137680
vt 0.015623 2.137680
vt 0.013724 2.196960
vt -0.014368 2.138060
vt 0.016383 2.138070
vt 0.014326 2.197690
vt -0.014085 2.138810
vt 0.017094 2.138810
vt 0.014689 2.198650
vt -0.014353 2.139800
vt 0.017527 2.139800
vt 0.014470 2.199500
vt -0.015644 2.140660
vt 0.017273 2.140660
vt -0.014470 2.199500
vt 0.015644 2.140660
vt 0.013094 2.199500
vt -0.017265 1.059790
vt 0.021865 0.970738
vt 0.015651 1.059790
vt -0.017510 1.058420
vt 0.020075 0.969286
vt 0.014370 1.058420
vt -0.017075 1.056810
vt 0.019703 0.967583
vt 0.014104 1.056810
vt -0.016369 1.055550
vt 0.020091 0.966246
vt 0.014382 1.055550
vt -0.015618 1.054880
vt 0.020858 0.965537
vt 0.014931 1.054880
vt 0.015618 1.054880
vt -0.020858 0.965537
vt 0.021819 0.965537
vt 0.016369 1.055550
vt -0.020091 0.966246
vt 0.022868 0.966246
vt 0.017075 1.056810
vt -0.019703 0.967583
vt 0.023854 0.967583
vt 0.017510 1.058420
vt -0.020075 0.969286
vt 0.024461 0.969286
vt 0.017265 1.059790
vt -0.021865 0.970738
vt 0.024120 0.970738
vt 0.024120 0.500839
vt -0.030614 0.384428
vt 0.033771 0.384428
vt -0.024120 0.500839
vt 0.030614 0.384428
vt 0.021865 0.500839
vt -0.024461 0.499698
vt 0.028108 0.383163
vt 0.020075 0.499698
vt -0.023854 0.498359
vt 0.027586 0.381680
vt 0.019703 0.498359
vt -0.022868 0.497308
vt 0.028131 0.380516
vt 0.020091 0.497308
vt -0.021819 0.496751
vt 0.029205 0.379899
vt 0.020858 0.496751
vt 0.021819 0.496751
vt -0.029205 0.379899
vt 0.030549 0.379899
vt 0.022868 0.497308
vt -0.028131 0.380516
vt 0.032018 0.380516
vt 0.023854 0.498359
vt -0.027586 0.381680
vt 0.033400 0.381680
vt 0.024461 0.499698
vt -0.028108 0.383163
vt 0.034249 0.383163
vt 0.034249 0.157269
vt -0.037779 0.020000
vt 0.046034 0.020000
vt 0.033771 0.158322
vt -0.041148 0.021204
vt 0.045391 0.021204
vt -0.033771 0.158322
vt 0.041148 0.021204
vt 0.030614 0.158322
vt -0.034249 0.157269
vt 0.037779 0.020000
vt 0.028108 0.157269
vt -0.033400 0.156035
vt 0.037078 0.018588
vt 0.027586 0.156035
vt -0.032018 0.155066
vt 0.037809 0.017479
vt 0.028131 0.155066
vt -0.030549 0.154552
vt 0.039253 0.016891
vt 0.029205 0.154552
vt 0.030549 0.154552
vt -0.039253 0.016891
vt 0.041060 0.016891
vt 0.032018 0.155066
vt -0.037809 0.017479
vt 0.043035 0.017479
vt 0.033400 0.156035
vt -0.037078 0.018588
vt 0.044892 0.018588
vt 0.044892 -0.091676
vt -0.047501 -0.241426
vt 0.057510 -0.241426
vt 0.046034 -0.090397
vt -0.048398 -0.239951
vt 0.058973 -0.239951
vt 0.045391 -0.089307
vt -0.052714 -0.238693
vt 0.058150 -0.238693
vt -0.045391 -0.089307
vt 0.052714 -0.238693
vt 0.041148 -0.089307
vt -0.046034 -0.090397
vt 0.048398 -0.239951
vt 0.037779 -0.090397
vt -0.044892 -0.091676
vt 0.047501 -0.241426
vt 0.037078 -0.091676
vt -0.043035 -0.092680
vt 0.048438 -0.242584
vt 0.037809 -0.092680
vt -0.041060 -0.093212
vt 0.050287 -0.243198
vt 0.039253 -0.093212
vt 0.041060 -0.093212
vt -0.050287 -0.243198
vt 0.052602 -0.243198
vt 0.043035 -0.092680
vt -0.048438 -0.242584
vt 0.055131 -0.242584
vt 0.055131 -0.283475
vt -0.059325 -0.436655
vt 0.067523 -0.436655
vt 0.057510 -0.282357
vt -0.058177 -0.435379
vt 0.070437 -0.435379
vt 0.058973 -0.280933
vt -0.059277 -0.433753
vt 0.072228 -0.433753
vt 0.058150 -0.279720
vt -0.064562 -0.432368
vt 0.071220 -0.432368
vt -0.058150 -0.279720
vt 0.064562 -0.432368
vt 0.052714 -0.279720
vt -0.058973 -0.280933
vt 0.059277 -0.433753
vt 0.048398 -0.280933
vt -0.057510 -0.282357
vt 0.058177 -0.435379
vt 0.047501 -0.282357
vt -0.055131 -0.283475
vt 0.059325 -0.436655
vt 0.048438 -0.283475
vt -0.052602 -0.284068
vt 0.061590 -0.437333
vt 0.050287 -0.284068
vt 0.052602 -0.284068
vt -0.061590 -0.437333
vt 0.064425 -0.437333
vt 0.064425 -0.421286
vt -0.072444 -0.568614
vt 0.075779 -0.568614
vt 0.067523 -0.420601
vt -0.069780 -0.567847
vt 0.079423 -0.567847
vt 0.070437 -0.419308
vt -0.068430 -0.566403
vt 0.082851 -0.566403
vt 0.072228 -0.417662
vt -0.069724 -0.564563
vt 0.084958 -0.564563
vt 0.071220 -0.416260
vt -0.075941 -0.562996
vt 0.083772 -0.562996
vt -0.071220 -0.416260
vt 0.075941 -0.562996
vt 0.064562 -0.416260
vt -0.072228 -0.417662
vt 0.069724 -0.564563
vt 0.059277 -0.417662
vt -0.070437 -0.419308
vt 0.068430 -0.566403
vt 0.058177 -0.419308
vt -0.067523 -0.420601
vt 0.069780 -0.567847
vt 0.059325 -0.420601
vt -0.064425 -0.421286
vt 0.072444 -0.568614
vt 0.061590 -0.421286
vt -0.075779 -0.484357
vt 0.082135 -0.616601
vt 0.072444 -0.484357
vt 0.075779 -0.484357
vt -0.082135 -0.616601
vt 0.085916 -0.616601
vt 0.079423 -0.483547
vt -0.079114 -0.615720
vt 0.090047 -0.615720
vt 0.082851 -0.482021
vt -0.077584 -0.614059
vt 0.093933 -0.614059
vt 0.084958 -0.480078
vt -0.079050 -0.611943
vt 0.096322 -0.611943
vt 0.083772 -0.478421
vt -0.086099 -0.610141
vt 0.094977 -0.610141
vt -0.083772 -0.478421
vt 0.086099 -0.610141
vt 0.075941 -0.478421
vt -0.084958 -0.480078
vt 0.079050 -0.611943
vt 0.069724 -0.480078
vt -0.082851 -0.482021
vt 0.077584 -0.614059
vt 0.068430 -0.482021
vt -0.079423 -0.483547
vt 0.079114 -0.615720
vt 0.069780 -0.483547
vt -0.090047 -0.411684
vt 0.086636 -0.520068
vt 0.079114 -0.411684
vt -0.085916 -0.412663
vt 0.089943 -0.521104
vt 0.082135 -0.412663
vt 0.085916 -0.412663
vt -0.089943 -0.521104
vt 0.094084 -0.521104
vt 0.090047 -0.411684
vt -0.086636 -0.520068
vt 0.098608 -0.520068
vt 0.093933 -0.409839
vt -0.084960 -0.518116
vt 0.102863 -0.518116
vt 0.096322 -0.407490
vt -0.086565 -0.515631
vt 0.105480 -0.515631
vt 0.094977 -0.405488
vt -0.094285 -0.513513
vt 0.104007 -0.513513
vt -0.094977 -0.405488
vt 0.094285 -0.513513
vt 0.086099 -0.405488
vt -0.096322 -0.407490
vt 0.086565 -0.515631
vt 0.079050 -0.407490
vt -0.093933 -0.409839
vt 0.084960 -0.518116
vt 0.077584 -0.409839
vt -0.102863 -0.011096
vt 0.089882 -0.088526
vt 0.084960 -0.011096
vt -0.098608 -0.013385
vt 0.091655 -0.090882
vt 0.086636 -0.013385
vt -0.094084 -0.014600
vt 0.095154 -0.092132
vt 0.089943 -0.014600
vt 0.094084 -0.014600
vt -0.095154 -0.092132
vt 0.099535 -0.092132
vt 0.098608 -0.013385
vt -0.091655 -0.090882
vt 0.104321 -0.090882
vt 0.102863 -0.011096
vt -0.089882 -0.088526
vt 0.108822 -0.088526
vt 0.105480 -0.008181
vt -0.091581 -0.085526
vt 0.111591 -0.085526
vt 0.104007 -0.005696
vt -0.099747 -0.082970
vt 0.110033 -0.082970
vt -0.104007 -0.005696
vt 0.099747 -0.082970
vt 0.094285 -0.005696
vt -0.105480 -0.008181
vt 0.091581 -0.085526
vt 0.086565 -0.008181
vt -0.111591 1.401780
vt 0.093406 1.353740
vt 0.091581 1.401780
vt -0.108822 1.399440
vt 0.091673 1.351390
vt 0.089882 1.399440
vt -0.104321 1.397600
vt 0.093481 1.349530
vt 0.091655 1.397600
vt -0.099535 1.396620
vt 0.097051 1.348540
vt 0.095154 1.396620
vt 0.099535 1.396620
vt -0.097051 1.348540
vt 0.101518 1.348540
vt 0.104321 1.397600
vt -0.093481 1.349530
vt 0.106400 1.349530
vt 0.108822 1.399440
vt -0.091673 1.351390
vt 0.110991 1.351390
vt 0.111591 1.401780
vt -0.093406 1.353740
vt 0.113814 1.353740
vt 0.110033 1.403770
vt -0.101735 1.355750
vt 0.112225 1.355750
vt -0.110033 1.403770
vt 0.101735 1.355750
vt 0.099747 1.403770
vt -1.599830 0.133746
vt -1.801440 0.212061
vt -1.800710 0.130819
vt -1.597530 0.603278
vt -1.799850 0.667657
vt -1.800790 0.602377
vt -1.589910 1.122880
vt -1.797870 1.173930
vt -1.799560 1.122360
vt -1.578610 1.678220
vt -1.795550 1.718630
vt -1.797680 1.677850
vt -1.564880 2.087450
vt -1.793030 2.121600
vt -1.795380 2.087140
vt -1.549910 2.004430
vt -1.790510 2.038550
vt -1.792860 2.004080
vt -1.534920 1.482810
vt -1.788190 1.523100
vt -1.790310 1.482310
vt -1.521080 0.906326
vt -1.786250 0.957063
vt -1.787910 0.905495
vt -1.509550 0.435430
vt -1.784950 0.499068
vt -1.785800 0.433787
vt -1.500850 0.062773
vt -1.784630 0.138267
vt -1.783440 0.057031
vt 1.784630 0.138267
vt 1.500850 0.062773
vt 1.783440 0.057031
vt 2.000450 -0.223343
vt 1.762890 -0.103214
vt 1.750620 -0.183528
vt 1.996730 -0.869398
vt 1.833080 -0.698703
vt 1.796110 -0.771060
vt 1.605030 -1.592610
vt 1.535610 -1.396560
vt 1.473810 -1.449390
vt 1.081560 -1.949540
vt 1.084170 -1.768050
vt 1.009360 -1.800010
vt 0.695484 -1.896800
vt 0.737240 -1.744030
vt 0.657829 -1.761940
vt 0.460625 -1.458610
vt 0.521746 -1.331830
vt 0.440907 -1.341710
vt 0.327549 -0.600524
vt 0.398450 -0.489717
vt 0.317185 -0.495312
vt 0.258472 0.505780
vt 0.334767 0.615131
vt 0.253378 0.611822
vt 0.230278 1.422780
vt 0.310154 1.545650
vt 0.228728 1.543930
vt 0.227086 1.895260
vt 0.309597 2.027820
vt 0.228162 2.027820
vt 0.232932 2.183930
vt 0.317699 2.315970
vt 0.236278 2.317700
vt 0.241316 2.404180
vt 0.328564 2.539020
vt 0.247187 2.542220
vt 0.248642 2.540930
vt 0.338630 2.681610
vt 0.257331 2.686170
vt 0.252840 2.593770
vt 0.345821 2.742960
vt 0.264637 2.748860
vt 0.253458 2.571800
vt 0.349696 2.731700
vt 0.268668 2.739040
vt 0.251611 2.487380
vt 0.351465 2.659740
vt 0.270642 2.668710
vt 0.249733 2.352020
vt 0.353837 2.538060
vt 0.273285 2.549040
vt 0.251058 2.174610
vt 0.360590 2.374990
vt 0.280425 2.388540
vt 0.258670 1.961210
vt 0.375768 2.175900
vt 0.296199 2.192860
vt -0.375768 2.175900
vt -0.258670 1.961210
vt -0.296199 2.192860
vt -0.360590 2.374990
vt -0.251058 2.174610
vt -0.280425 2.388540
vt -0.353837 2.538060
vt -0.249733 2.352020
vt -0.273285 2.549040
vt -0.351465 2.659740
vt -0.251611 2.487380
vt -0.270642 2.668710
vt -0.349696 2.731700
vt -0.253458 2.571800
vt -0.268668 2.739040
vt -0.345821 2.742960
vt -0.252840 2.593770
vt -0.264637 2.748860
vt -0.338630 2.681610
vt -0.248642 2.540930
vt -0.257331 2.686170
vt -0.328564 2.539020
vt -0.241316 2.404180
vt -0.247187 2.542220
vt -0.317699 2.315970
vt -0.232932 2.183930
vt -0.236278 2.317700
vt -0.309597 2.027820
vt -0.227086 1.895260
vt -0.228162 2.027820
vt -0.310154 1.545650
vt -0.230278 1.422780
vt -0.228728 1.543930
vt -0.334767 0.615131
vt -0.258472 0.505780
vt -0.253378 0.611822
vt -0.398450 -0.489717
vt -0.327549 -0.600524
vt -0.317185 -0.495312
vt -0.521746 -1.331830
vt -0.460625 -1.458610
vt -0.440907 -1.341710
vt -0.737240 -1.744030
vt -0.695484 -1.896800
vt -0.657829 -1.761940
vt -1.084170 -1.768050
vt -1.081560 -1.949540
vt -1.009360 -1.800010
vt -1.535610 -1.396560
vt -1.605030 -1.592610
vt -1.473810 -1.449390
vt -1.833080 -0.698703
vt -1.996730 -0.869398
vt -1.796110 -0.771060
vt -1.762890 -0.103214
vt -2.000450 -0.223343
vt -1.750620 -0.183528
vt -1.780000 0.430721
vt -2.025560 0.353935
vt -1.778370 0.365455
vt -2.008090 0.243630
vt -2.211690 0.148511
vt -1.995190 0.179530
vt -2.138290 -0.098264
vt -2.292440 -0.216048
vt -2.111170 -0.158197
vt -2.086050 -0.543647
vt -2.182460 -0.678727
vt -2.043350 -0.594333
vt -1.823970 -0.867654
vt -1.862970 -1.004250
vt -1.768520 -0.904789
vt -1.476260 -0.788421
vt -1.471050 -0.913026
vt -1.413620 -0.812377
vt -1.146780 -0.169641
vt -1.212290 -0.154618
vt -1.245800 -0.254890
vt -1.099980 -0.234063
vt -1.197960 -0.320494
vt -1.131730 -0.331808
vt -1.015340 0.748774
vt -0.965105 0.638679
vt -0.948742 0.739857
vt -0.943662 1.576500
vt -0.881773 1.455430
vt -0.876745 1.571860
vt -0.942331 2.005390
vt -0.871898 1.877440
vt -0.875332 2.005390
vt -0.965748 2.249510
vt -0.888220 2.124490
vt -0.898870 2.254170
vt -0.995551 2.431150
vt -0.910464 2.306030
vt -0.929057 2.439760
vt -1.020910 2.540430
vt -0.927756 2.412690
vt -0.955094 2.552580
vt -1.001150 2.590010
vt -1.065880 2.574020
vt -1.026910 2.423450
vt -0.940247 2.598960
vt -0.968248 2.432770
vt -0.904408 2.450760
vt -1.014120 2.564460
vt -1.077450 2.544740
vt -1.027290 2.384480
vt -0.937377 2.582270
vt -0.954205 2.402590
vt -0.891854 2.424160
vt -1.015800 2.484910
vt -1.077330 2.461090
vt -1.014960 2.289760
vt -0.931726 2.509900
vt -0.935924 2.314790
vt -0.875442 2.340580
vt -1.011650 2.358720
vt -1.070880 2.330160
vt -0.994736 2.146930
vt -0.932813 2.386510
vt -0.921776 2.174340
vt -0.863731 2.205340
vt -1.037440 2.168040
vt -0.892938 2.010100
vt -0.980848 2.201620
vt -1.056570 1.943010
vt -0.894953 1.782990
vt -1.004370 1.983890
vt -1.583980 1.558420
vt -1.402810 1.451480
vt -1.558890 1.606610
vt -1.552980 1.851590
vt -1.452900 1.647880
vt -1.424590 1.694250
vt -1.614110 1.802460
vt -1.646680 1.760650
vt -1.508450 1.601590
vt -1.567460 2.030210
vt -1.496100 1.836700
vt -1.460850 1.876280
vt -1.656420 1.967130
vt -1.695100 1.931090
vt -1.578500 1.776160
vt -1.594460 2.154600
vt -1.546560 1.972430
vt -1.505970 2.006310
vt -1.693330 2.092970
vt -1.736900 2.061970
vt -1.639560 1.912440
vt -1.625380 2.231220
vt -1.597720 2.060030
vt -1.552850 2.089110
vt -1.718260 2.182070
vt -1.765810 2.155640
vt -1.686230 2.011640
vt -1.649500 2.265060
vt -1.640120 2.103930
vt -1.591750 2.128800
vt -1.725170 2.233720
vt -1.775900 2.211690
vt -1.713040 2.072780
vt -1.658990 2.257340
vt -1.666510 2.105350
vt -1.615290 2.126240
vt -1.711250 2.243190
vt -1.764420 2.225680
vt -1.717360 2.091130
vt -1.720290 2.191570
vt -1.634860 2.077290
vt -1.665390 2.204030
vt -1.689600 2.097880
vt -1.616060 1.981290
vt -1.633750 2.104710
vt -1.661420 1.952430
vt -1.599520 1.831320
vt -1.605260 1.952430
vt -1.661360 1.654210
vt -1.614030 1.537990
vt -1.605410 1.647370
vt -1.669840 1.025140
vt -1.752810 0.939208
vt -1.696920 0.931897
vt -1.712720 1.084210
vt -1.767850 1.097290
vt -1.796240 0.998807
vt -1.853300 0.394663
vt -1.958370 0.325475
vt -1.903810 0.310156
vt -1.898590 0.496811
vt -1.951570 0.517038
vt -2.004520 0.428958
vt -2.088220 0.091094
vt -2.220010 0.038879
vt -2.169160 0.013764
vt -2.116340 0.193388
vt -2.164590 0.222435
vt -2.248750 0.142782
vt -2.303470 0.236152
vt -2.379120 0.133391
vt -2.263020 0.198194
vt -2.317620 0.467254
vt -2.437710 0.374329
vt -2.287330 0.422219
vt -2.208460 0.691343
vt -2.370750 0.611830
vt -2.188830 0.642176
vt -2.020320 0.843863
vt -2.222210 0.777033
vt -2.011030 0.792833
vt -1.783170 0.926076
vt -2.023240 0.868661
vt -1.783990 0.874489
vt -1.786410 1.510540
vt -2.017690 1.466250
vt -1.788300 1.469740
vt -2.020820 1.478670
vt -2.215360 1.428720
vt -2.012250 1.438220
vt -2.220850 1.421700
vt -2.379250 1.363890
vt -2.202870 1.382300
vt -2.378100 1.338890
vt -2.500520 1.271810
vt -2.351610 1.301680
vt -2.477200 1.248490
vt -2.563580 1.171990
vt -2.443150 1.215000
vt -2.465310 1.215630
vt -2.505570 1.243890
vt -2.600040 1.183830
vt -2.455280 1.135930
vt -2.589850 1.103450
vt -2.546270 1.079250
vt -2.419100 1.312520
vt -2.463820 1.334530
vt -2.528490 1.260290
vt -2.396390 1.230660
vt -2.505430 1.177670
vt -2.458490 1.161100
vt -2.379990 1.528130
vt -2.368410 1.429640
vt -2.332630 1.512840
vt -2.338450 1.773750
vt -2.301510 1.664670
vt -2.289880 1.765450
vt -2.343900 1.876130
vt -2.287480 1.763320
vt -2.294970 1.876130
vt -2.358810 1.887720
vt -2.287500 1.780100
vt -2.310400 1.895950
vt -2.365360 1.870380
vt -2.279470 1.766690
vt -2.318490 1.885170
vt -2.353750 1.829140
vt -2.253620 1.728580
vt -2.309460 1.849220
vt -2.302450 1.779320
vt -2.343010 1.754650
vt -2.264650 1.629110
vt -2.253100 1.811740
vt -2.216970 1.661120
vt -2.180530 1.689030
vt -2.256870 1.701310
vt -2.292750 1.672700
vt -2.195080 1.546550
vt -2.197600 1.750230
vt -2.138390 1.594470
vt -2.107360 1.626020
vt -2.191470 1.608300
vt -2.221650 1.575930
vt -2.103980 1.449530
vt -2.129810 1.668490
vt -2.045700 1.507910
vt -2.021070 1.543380
vt -2.109930 1.497400
vt -2.133330 1.461120
vt -1.994750 1.335190
vt -2.056360 1.557290
vt -1.944810 1.392560
vt -1.927760 1.432490
vt -2.015370 1.364260
vt -2.030780 1.323670
vt -1.870000 1.199610
vt -1.980720 1.408130
vt -1.838230 1.240980
vt -1.830210 1.286050
vt -1.908720 1.169470
vt -1.727440 1.099820
vt -1.902550 1.214830
vt -2.082290 0.884996
vt -1.909520 0.835014
vt -2.085340 0.926102
vt -2.236710 0.994792
vt -2.074950 0.933658
vt -2.229950 1.032270
vt -2.372170 1.102280
vt -2.221850 1.032330
vt -2.356650 1.136700
vt -2.489440 1.207490
vt -2.351030 1.130560
vt -2.466240 1.239100
vt -2.588160 1.311820
vt -2.462210 1.229300
vt -2.558380 1.340540
vt -2.667670 1.416140
vt -2.554790 1.328990
vt -2.632410 1.441530
vt -2.727540 1.520140
vt -2.628410 1.428910
vt -2.687950 1.541360
vt -2.767800 1.622380
vt -2.683130 1.527250
vt -2.725060 1.638220
vt -2.789230 1.720570
vt -2.719780 1.621370
vt -2.744570 1.729460
vt -2.793890 1.812250
vt -2.740420 1.708420
vt -2.748580 1.812250
vt -2.781580 1.877920
vt -2.749910 1.777400
vt -2.736730 1.868900
vt -2.755650 1.905130
vt -2.751740 1.815240
vt -2.712220 1.888820
vt -2.711320 1.921890
vt -2.736320 1.841960
vt -2.670440 1.899770
vt -2.638040 1.944580
vt -2.693140 1.874080
vt -2.600960 1.917950
vt -2.530650 1.972670
vt -2.616880 1.911050
vt -2.498680 1.942720
vt -2.389920 1.998850
vt -2.508220 1.945340
vt -2.364370 1.966660
vt -2.218340 2.018480
vt -2.369710 1.971990
vt -2.200600 1.984940
vt -2.017930 2.030700
vt -2.203490 1.989830
vt -2.009440 1.996480
vt -1.789940 2.036810
vt -2.010920 1.999890
vt -1.792270 2.002340
vt -1.793590 2.120200
vt -2.003800 2.083520
vt -1.795910 2.085730
vt -2.013490 2.114530
vt -2.189890 2.074310
vt -2.005010 2.080310
vt -2.209600 2.102290
vt -2.353330 2.057070
vt -2.191860 2.068750
vt -2.381450 2.081070
vt -2.493550 2.029650
vt -2.355920 2.048880
vt -2.527890 2.049750
vt -2.609270 1.991200
vt -2.495940 2.019780
vt -2.646570 2.010270
vt -2.698080 1.944010
vt -2.609510 1.983610
vt -2.734670 1.968530
vt -2.757230 1.894230
vt -2.693800 1.946400
vt -2.792410 1.928360
vt -2.787100 1.845690
vt -2.748980 1.912050
vt -2.825390 1.880550
vt -2.793270 1.789050
vt -2.780540 1.871530
vt -2.837940 1.805290
vt -2.785120 1.710340
vt -2.792630 1.805290
vt -2.831520 1.709260
vt -2.763970 1.616990
vt -2.786860 1.718150
vt -2.808740 1.605930
vt -2.727210 1.516150
vt -2.766000 1.621770
vt -2.768480 1.497800
vt -2.673670 1.410700
vt -2.728880 1.519010
vt -2.710190 1.386920
vt -2.602790 1.303050
vt -2.674920 1.412290
vt -2.633630 1.274670
vt -2.514280 1.194960
vt -2.603830 1.303380
vt -2.538680 1.161710
vt -2.407940 1.087460
vt -2.515460 1.193310
vt -2.425130 1.048110
vt -2.283510 0.981061
vt -2.409580 1.082510
vt -2.292310 0.934318
vt -2.140210 0.876701
vt -2.285510 0.971791
vt -2.138700 0.823162
vt -1.976520 0.777690
vt -2.141740 0.864269
vt -2.059050 1.058050
vt -1.907120 1.004290
vt -2.052560 1.103370
vt -2.109490 1.320700
vt -1.995650 1.166380
vt -1.986750 1.211280
vt -2.142060 1.270570
vt -2.158040 1.230190
vt -2.024810 1.118820
vt -2.165530 1.481450
vt -2.079910 1.328040
vt -2.061960 1.367580
vt -2.217590 1.414170
vt -2.241560 1.378260
vt -2.127790 1.263170
vt -2.227220 1.594190
vt -2.165510 1.444280
vt -2.140210 1.479270
vt -2.286420 1.529330
vt -2.317030 1.497360
vt -2.220980 1.381000
vt -2.290200 1.675440
vt -2.249620 1.530340
vt -2.218180 1.561490
vt -2.345610 1.624930
vt -2.381770 1.596660
vt -2.302320 1.480620
vt -2.345830 1.739970
vt -2.324640 1.600830
vt -2.287990 1.628460
vt -2.390900 1.707500
vt -2.431610 1.683050
vt -2.368030 1.568630
vt -2.387420 1.794670
vt -2.384260 1.663000
vt -2.343280 1.686980
vt -2.419080 1.778420
vt -2.463360 1.758330
vt -2.415060 1.646770
vt -2.467610 1.821400
vt -2.389730 1.733820
vt -2.420730 1.836140
vt -2.468950 1.856450
vt -2.402430 1.769250
vt -2.420540 1.864670
vt -2.459320 1.859270
vt -2.404500 1.772410
vt -2.410390 1.859270
vt -2.455170 1.755220
vt -2.417120 1.672450
vt -2.406600 1.746910
vt -2.432360 1.468120
vt -2.513040 1.414470
vt -2.464540 1.405760
vt -2.456930 1.533570
vt -2.504220 1.549110
vt -2.537930 1.480410
vt -2.491130 1.277720
vt -2.594030 1.241910
vt -2.547280 1.224830
vt -2.506890 1.374950
vt -2.551390 1.397410
vt -2.610080 1.339960
vt -2.506780 1.275180
vt -2.631650 1.257000
vt -2.588500 1.232040
vt -2.511150 1.356770
vt -2.550970 1.385660
vt -2.636110 1.339130
vt -2.449130 1.379900
vt -2.594120 1.378720
vt -2.556170 1.347420
vt -2.449230 1.429990
vt -2.482750 1.464000
vt -2.594210 1.428840
vt -2.358950 1.546260
vt -2.464040 1.486400
vt -2.332880 1.508750
vt -2.197080 1.627740
vt -2.333540 1.574520
vt -2.179350 1.588220
vt -2.008290 1.679780
vt -2.176250 1.632250
vt -1.999840 1.639300
vt -1.797140 1.707800
vt -1.997060 1.664410
vt -1.799060 1.667000
vt -1.800400 1.148840
vt -1.991260 1.093600
vt -1.801420 1.097250
vt -2.002550 1.083400
vt -2.163200 1.022340
vt -1.993880 1.032260
vt -2.179350 0.959607
vt -2.308740 0.890707
vt -2.161030 0.909935
vt -2.313500 0.762421
vt -2.409680 0.685077
vt -2.285300 0.716053
vt -2.330890 0.500728
vt -2.368940 0.541099
vt -2.471090 0.495515
vt -2.329310 0.432420
vt -2.469500 0.426947
vt -2.427910 0.388975
vt -2.260260 0.331490
vt -2.306830 0.363166
vt -2.380560 0.307456
vt -2.243310 0.208504
vt -2.363330 0.183102
vt -2.314050 0.155046
vt -2.083360 0.430724
vt -2.135640 0.452672
vt -2.182490 0.391377
vt -2.040930 0.275010
vt -2.139350 0.233926
vt -2.085300 0.216904
vt -1.887810 0.923158
vt -1.942820 0.936753
vt -1.967630 0.871120
vt -1.837080 0.809530
vt -1.916300 0.756570
vt -1.860460 0.748887
vt -1.810630 1.568460
vt -1.762060 1.493590
vt -1.754680 1.561610
vt -1.806350 1.933350
vt -1.746260 1.853130
vt -1.750190 1.933350
vt -1.827200 2.052530
vt -1.759150 1.968480
vt -1.771350 2.059350
vt -1.841440 2.109650
vt -1.765390 2.021880
vt -1.786520 2.121980
vt -1.812980 2.138870
vt -1.866270 2.121730
vt -1.833060 2.010180
vt -1.756360 2.151420
vt -1.777750 2.022950
vt -1.726340 2.043370
vt -1.807110 2.127240
vt -1.858170 2.105960
vt -1.814020 1.988350
vt -1.724990 2.157670
vt -1.734480 2.018930
vt -1.685650 2.042900
vt -1.786760 2.091930
vt -1.834960 2.066710
vt -1.779320 1.943930
vt -1.683510 2.143130
vt -1.680300 1.994970
vt -1.634540 2.022640
vt -1.759730 2.030280
vt -1.804380 2.000850
vt -1.736380 1.873760
vt -1.645270 2.099770
vt -1.627900 1.942480
vt -1.585840 1.974510
vt -1.738100 1.931440
vt -1.778270 1.897080
vt -1.696220 1.766850
vt -1.630010 2.009350
vt -1.595250 1.843110
vt -1.557910 1.880720
vt -1.735440 1.777480
vt -1.769660 1.737000
vt -1.670250 1.606020
vt -1.658440 1.844250
vt -1.599710 1.670470
vt -1.569070 1.715330
vt -1.770970 1.514340
vt -1.629960 1.440400
vt -1.744870 1.561990
vt -1.204100 2.006560
vt -1.078520 1.901670
vt -1.150800 2.045990
vt -0.997621 2.261240
vt -1.003110 2.083950
vt -0.946446 2.118380
vt -1.074150 2.229820
vt -1.131920 2.198320
vt -1.074230 2.052440
vt -0.943048 2.378880
vt -0.963068 2.213690
vt -0.903380 2.241390
vt -1.039570 2.348210
vt -1.100110 2.322560
vt -1.054140 2.182450
vt -0.939569 2.438720
vt -0.968882 2.284640
vt -0.907298 2.307680
vt -1.037250 2.415480
vt -1.099660 2.394090
vt -1.062150 2.260620
vt -0.960416 2.457720
vt -0.996856 2.314070
vt -0.933857 2.333670
vt -1.047140 2.444350
vt -1.110990 2.426370
vt -1.080480 2.299940
vt -0.987084 2.444890
vt -1.029860 2.311640
vt -0.965687 2.328420
vt -1.055760 2.441040
vt -1.120740 2.426100
vt -1.096640 2.307200
vt -1.007920 2.402660
vt -1.056710 2.280470
vt -0.991558 2.294620
vt -1.055170 2.405750
vt -1.121040 2.393850
vt -1.103000 2.283170
vt -1.096280 2.320540
vt -1.018200 2.230470
vt -1.029760 2.328980
vt -1.082870 2.196400
vt -1.009360 2.113300
vt -1.015990 2.201050
vt -1.065500 1.988780
vt -0.996379 1.913070
vt -0.998499 1.988780
vt -1.071680 1.408790
vt -1.008900 1.340450
vt -1.004770 1.404130
vt -1.084960 0.266758
vt -1.165310 0.212280
vt -1.098460 0.206739
vt -1.137060 0.362853
vt -1.203530 0.372661
vt -1.218040 0.309308
vt -1.316320 -0.607239
vt -1.410110 -0.658049
vt -1.344350 -0.671840
vt -1.376250 -0.487203
vt -1.441050 -0.469365
vt -1.471100 -0.536017
vt -1.658770 -0.880353
vt -1.771820 -0.923110
vt -1.710040 -0.949590
vt -1.700320 -0.778677
vt -1.760330 -0.748743
vt -1.814190 -0.819180
vt -2.041910 -0.587442
vt -2.074050 -0.695819
vt -1.991430 -0.631089
vt -2.178480 -0.164073
vt -2.255930 -0.270026
vt -2.141820 -0.219294
vt -2.137790 0.223655
vt -2.256430 0.129048
vt -2.115200 0.161876
vt -1.993500 0.480235
vt -2.146860 0.398559
vt -1.982870 0.415719
vt -1.803030 0.616254
vt -1.986390 0.544648
vt -1.802150 0.550974
vt -1.798230 0.037595
vt -1.970780 -0.063622
vt -1.789620 -0.043194
vt -1.904010 -0.399321
vt -2.030580 -0.528700
vt -1.876270 -0.475695
vt -1.760790 -1.034650
vt -1.823270 -1.184520
vt -1.709150 -1.097450
vt -1.371040 -1.550710
vt -1.371560 -1.695280
vt -1.301690 -1.593250
vt -0.968152 -1.739720
vt -0.928298 -1.861590
vt -0.890678 -1.764700
vt -0.678948 -1.591130
vt -0.617758 -1.687720
vt -0.598640 -1.604660
vt -0.500394 -1.036590
vt -0.428623 -1.112360
vt -0.419236 -1.043560
vt -0.402843 0.035521
vt -0.325743 -0.028143
vt -0.321465 0.031953
vt -0.362670 1.325000
vt -0.282490 1.261170
vt -0.281245 1.323280
vt -0.360173 2.013750
vt -0.278109 1.939710
vt -0.278739 2.013750
vt -0.366125 2.260310
vt -0.282728 2.175410
vt -0.284704 2.262030
vt -0.370730 2.413390
vt -0.285899 2.318540
vt -0.289350 2.416510
vt -0.371345 2.508570
vt -0.285019 2.404770
vt -0.290033 2.512880
vt -0.367861 2.562590
vt -0.280009 2.450800
vt -0.286641 2.567970
vt -0.361983 2.582630
vt -0.272567 2.463650
vt -0.280880 2.589080
vt -0.357253 2.570260
vt -0.266120 2.444740
vt -0.276297 2.577950
vt -0.359624 2.523480
vt -0.266298 2.391900
vt -0.278867 2.532830
vt -0.378837 2.437790
vt -0.282106 2.300680
vt -0.298404 2.449650
vt -0.431678 2.306180
vt -0.328717 2.164630
vt -0.351908 2.322170
vt 0.328717 2.164630
vt 0.431678 2.306180
vt 0.351908 2.322170
vt 1.078520 1.901670
vt 1.204100 2.006560
vt 1.150800 2.045990
vt 1.629960 1.440400
vt 1.770970 1.514340
vt 1.744870 1.561990
vt 1.907120 1.004290
vt 2.059050 1.058050
vt 2.052560 1.103370
vt 1.976520 0.777690
vt 2.138700 0.823162
vt 2.141740 0.864269
vt 1.909520 0.835014
vt 2.082290 0.884996
vt 2.085340 0.926102
vt 1.727440 1.099820
vt 1.908720 1.169470
vt 1.902550 1.214830
vt 1.402810 1.451480
vt 1.583980 1.558420
vt 1.558890 1.606610
vt 0.894953 1.782990
vt 1.056570 1.943010
vt 1.004370 1.983890
vt 0.892938 2.010100
vt 1.037440 2.168040
vt 0.980848 2.201620
vt 0.874751 2.205370
vt 0.932667 2.174130
vt 1.004450 2.359110
vt 0.927843 2.179300
vt 1.060580 2.330430
vt 1.001250 2.358770
vt 0.886198 2.343630
vt 0.946590 2.317630
vt 1.005100 2.490310
vt 0.945646 2.313930
vt 1.067350 2.458290
vt 1.005750 2.481920
vt 0.900836 2.430480
vt 0.963133 2.408750
vt 1.010400 2.569890
vt 0.957486 2.400890
vt 1.069230 2.538570
vt 1.005860 2.558150
vt 0.910866 2.459400
vt 0.974679 2.441320
vt 1.011830 2.592350
vt 0.957743 2.433570
vt 1.060130 2.565420
vt 0.995383 2.581320
vt 0.927756 2.412690
vt 1.020910 2.540430
vt 0.955094 2.552580
vt 0.910464 2.306030
vt 0.995551 2.431150
vt 0.929057 2.439760
vt 0.888220 2.124490
vt 0.965748 2.249510
vt 0.898870 2.254170
vt 0.871898 1.877440
vt 0.942331 2.005390
vt 0.875332 2.005390
vt 0.881773 1.455430
vt 0.943662 1.576500
vt 0.876745 1.571860
vt 0.965105 0.638679
vt 1.015340 0.748774
vt 0.948742 0.739857
vt 1.125360 -0.299081
vt 1.191610 -0.287873
vt 1.159460 -0.187158
vt 1.188040 -0.298105
vt 1.220390 -0.185659
vt 1.154910 -0.200819
vt 1.471050 -0.913026
vt 1.476260 -0.788421
vt 1.413620 -0.812377
vt 1.862970 -1.004250
vt 1.823970 -0.867654
vt 1.768520 -0.904789
vt 2.182460 -0.678727
vt 2.086050 -0.543647
vt 2.043350 -0.594333
vt 2.292440 -0.216048
vt 2.138290 -0.098264
vt 2.111170 -0.158197
vt 2.211690 0.148511
vt 2.008090 0.243630
vt 1.995190 0.179530
vt 2.025560 0.353935
vt 1.780000 0.430721
vt 1.778370 0.365455
vt 1.784950 0.499068
vt 1.509550 0.435430
vt 1.785800 0.433787
vt 1.786250 0.957063
vt 1.521080 0.906326
vt 1.787910 0.905495
vt 2.023240 0.868661
vt 1.783170 0.926076
vt 1.783990 0.874489
vt 2.222210 0.777033
vt 2.020320 0.843863
vt 2.011030 0.792833
vt 2.370750 0.611830
vt 2.208460 0.691343
vt 2.188830 0.642176
vt 2.437710 0.374329
vt 2.317620 0.467254
vt 2.287330 0.422219
vt 2.379120 0.133391
vt 2.303470 0.236152
vt 2.263020 0.198194
vt 2.214060 0.104487
vt 2.179720 0.209633
vt 2.131660 0.180265
vt 2.154480 0.030802
vt 2.205470 0.055606
vt 2.122770 0.136773
vt 1.963440 0.381771
vt 1.964450 0.485855
vt 1.911550 0.465436
vt 1.893140 0.346273
vt 1.947740 0.361435
vt 1.896140 0.450319
vt 1.746900 0.961577
vt 1.774240 1.067750
vt 1.719120 1.054620
vt 1.693130 0.964024
vt 1.749030 0.971303
vt 1.721320 1.069980
vt 1.614030 1.537990
vt 1.661360 1.654210
vt 1.605410 1.647370
vt 1.599520 1.831320
vt 1.661420 1.952430
vt 1.605260 1.952430
vt 1.616060 1.981290
vt 1.689600 2.097880
vt 1.633750 2.104710
vt 1.634860 2.077290
vt 1.720290 2.191570
vt 1.665390 2.204030
vt 1.660610 2.103430
vt 1.758570 2.216720
vt 1.705370 2.234170
vt 1.622470 2.134940
vt 1.673670 2.113990
vt 1.719650 2.248900
vt 1.655440 2.090800
vt 1.765970 2.204270
vt 1.715190 2.226190
vt 1.603490 2.135900
vt 1.651800 2.110890
vt 1.712640 2.250700
vt 1.628970 2.038220
vt 1.752200 2.152470
vt 1.704550 2.178720
vt 1.568760 2.091850
vt 1.613490 2.062560
vt 1.690000 2.208220
vt 1.584850 1.948950
vt 1.721020 2.064050
vt 1.677290 2.094810
vt 1.524460 2.003660
vt 1.564830 1.969530
vt 1.658210 2.121560
vt 1.529710 1.822250
vt 1.679460 1.937350
vt 1.640570 1.973150
vt 1.478950 1.869390
vt 1.513910 1.829550
vt 1.626290 1.987560
vt 1.470150 1.655140
vt 1.634770 1.767990
vt 1.601960 1.809620
vt 1.438120 1.686440
vt 1.466130 1.639890
vt 1.600960 1.801840
vt 1.839610 1.277410
vt 1.847400 1.232300
vt 2.006620 1.358350
vt 1.855310 1.251270
vt 2.022990 1.330810
vt 2.007420 1.371340
vt 1.941220 1.423310
vt 1.958040 1.383270
vt 2.094520 1.511470
vt 1.968250 1.381760
vt 2.122580 1.468110
vt 2.099020 1.504290
vt 2.035360 1.537460
vt 2.059800 1.501870
vt 2.175400 1.630150
vt 2.069200 1.488840
vt 2.210360 1.579840
vt 2.180050 1.612090
vt 2.119930 1.624810
vt 2.150850 1.593140
vt 2.246860 1.720570
vt 2.154890 1.578070
vt 2.282770 1.672530
vt 2.246810 1.701050
vt 2.190010 1.691800
vt 2.226390 1.663810
vt 2.303620 1.790040
vt 2.221170 1.653670
vt 2.335470 1.751090
vt 2.294860 1.775700
vt 2.253620 1.728580
vt 2.353750 1.829140
vt 2.309460 1.849220
vt 2.279470 1.766690
vt 2.365360 1.870380
vt 2.318490 1.885170
vt 2.287500 1.780100
vt 2.358810 1.887720
vt 2.310400 1.895950
vt 2.287480 1.763320
vt 2.343900 1.876130
vt 2.294970 1.876130
vt 2.301510 1.664670
vt 2.338450 1.773750
vt 2.289880 1.765450
vt 2.368410 1.429640
vt 2.379990 1.528130
vt 2.332630 1.512840
vt 2.450760 1.185090
vt 2.497730 1.201560
vt 2.433730 1.276370
vt 2.490790 1.224900
vt 2.472690 1.315980
vt 2.428020 1.293860
vt 2.538040 1.091800
vt 2.581710 1.115820
vt 2.487790 1.176730
vt 2.565140 1.151210
vt 2.513760 1.235460
vt 2.473610 1.207030
vt 2.563580 1.171990
vt 2.477200 1.248490
vt 2.443150 1.215000
vt 2.500520 1.271810
vt 2.378100 1.338890
vt 2.351610 1.301680
vt 2.379250 1.363890
vt 2.220850 1.421700
vt 2.202870 1.382300
vt 2.215360 1.428720
vt 2.020820 1.478670
vt 2.012250 1.438220
vt 2.017690 1.466250
vt 1.786410 1.510540
vt 1.788300 1.469740
vt 1.788190 1.523100
vt 1.534920 1.482810
vt 1.790310 1.482310
vt 1.790510 2.038550
vt 1.549910 2.004430
vt 1.792860 2.004080
vt 2.010920 1.999890
vt 1.789940 2.036810
vt 1.792270 2.002340
vt 2.203490 1.989830
vt 2.017930 2.030700
vt 2.009440 1.996480
vt 2.369710 1.971990
vt 2.218340 2.018480
vt 2.200600 1.984940
vt 2.508220 1.945340
vt 2.389920 1.998850
vt 2.364370 1.966660
vt 2.616880 1.911050
vt 2.530650 1.972670
vt 2.498680 1.942720
vt 2.693140 1.874080
vt 2.638040 1.944580
vt 2.600960 1.917950
vt 2.736320 1.841960
vt 2.711320 1.921890
vt 2.670440 1.899770
vt 2.751740 1.815240
vt 2.755650 1.905130
vt 2.712220 1.888820
vt 2.749910 1.777400
vt 2.781580 1.877920
vt 2.736730 1.868900
vt 2.740420 1.708420
vt 2.793890 1.812250
vt 2.748580 1.812250
vt 2.719780 1.621370
vt 2.789230 1.720570
vt 2.744570 1.729460
vt 2.683130 1.527250
vt 2.767800 1.622380
vt 2.725060 1.638220
vt 2.628410 1.428910
vt 2.727540 1.520140
vt 2.687950 1.541360
vt 2.554790 1.328990
vt 2.667670 1.416140
vt 2.632410 1.441530
vt 2.462210 1.229300
vt 2.588160 1.311820
vt 2.558380 1.340540
vt 2.351030 1.130560
vt 2.489440 1.207490
vt 2.466240 1.239100
vt 2.221850 1.032330
vt 2.372170 1.102280
vt 2.356650 1.136700
vt 2.074950 0.933658
vt 2.236710 0.994792
vt 2.229950 1.032270
vt 2.140210 0.876701
vt 2.292310 0.934318
vt 2.285510 0.971791
vt 2.283510 0.981061
vt 2.425130 1.048110
vt 2.409580 1.082510
vt 2.407940 1.087460
vt 2.538680 1.161710
vt 2.515460 1.193310
vt 2.514280 1.194960
vt 2.633630 1.274670
vt 2.603830 1.303380
vt 2.602790 1.303050
vt 2.710190 1.386920
vt 2.674920 1.412290
vt 2.673670 1.410700
vt 2.768480 1.497800
vt 2.728880 1.519010
vt 2.727210 1.516150
vt 2.808740 1.605930
vt 2.766000 1.621770
vt 2.763970 1.616990
vt 2.831520 1.709260
vt 2.786860 1.718150
vt 2.785120 1.710340
vt 2.837940 1.805290
vt 2.792630 1.805290
vt 2.793270 1.789050
vt 2.825390 1.880550
vt 2.780540 1.871530
vt 2.787100 1.845690
vt 2.792410 1.928360
vt 2.748980 1.912050
vt 2.757230 1.894230
vt 2.734670 1.968530
vt 2.693800 1.946400
vt 2.698080 1.944010
vt 2.646570 2.010270
vt 2.609510 1.983610
vt 2.609270 1.991200
vt 2.527890 2.049750
vt 2.495940 2.019780
vt 2.493550 2.029650
vt 2.381450 2.081070
vt 2.355920 2.048880
vt 2.353330 2.057070
vt 2.209600 2.102290
vt 2.191860 2.068750
vt 2.189890 2.074310
vt 2.013490 2.114530
vt 2.005010 2.080310
vt 2.003800 2.083520
vt 1.793590 2.120200
vt 1.795910 2.085730
vt 1.793030 2.121600
vt 1.564880 2.087450
vt 1.795380 2.087140
vt 1.795550 1.718630
vt 1.578610 1.678220
vt 1.797680 1.677850
vt 1.997060 1.664410
vt 1.797140 1.707800
vt 1.799060 1.667000
vt 2.176250 1.632250
vt 2.008290 1.679780
vt 1.999840 1.639300
vt 2.333540 1.574520
vt 2.197080 1.627740
vt 2.179350 1.588220
vt 2.464040 1.486400
vt 2.358950 1.546260
vt 2.332880 1.508750
vt 2.559070 1.401830
vt 2.485160 1.467860
vt 2.451830 1.433650
vt 2.553150 1.345570
vt 2.591290 1.376640
vt 2.480050 1.412500
vt 2.599810 1.310050
vt 2.557230 1.381430
vt 2.517600 1.352280
vt 2.581580 1.241300
vt 2.624890 1.265980
vt 2.540250 1.313410
vt 2.572870 1.303950
vt 2.560420 1.378780
vt 2.516030 1.356110
vt 2.538800 1.251790
vt 2.585630 1.268680
vt 2.527620 1.326820
vt 2.496280 1.447680
vt 2.510870 1.525400
vt 2.463610 1.509780
vt 2.460210 1.435580
vt 2.508720 1.444240
vt 2.475480 1.513160
vt 2.417120 1.672450
vt 2.455170 1.755220
vt 2.406600 1.746910
vt 2.404500 1.772410
vt 2.459320 1.859270
vt 2.410390 1.859270
vt 2.402430 1.769250
vt 2.468950 1.856450
vt 2.420540 1.864670
vt 2.389730 1.733820
vt 2.467610 1.821400
vt 2.420730 1.836140
vt 2.369790 1.666900
vt 2.458820 1.754300
vt 2.414520 1.774340
vt 2.349230 1.690600
vt 2.390180 1.666560
vt 2.437880 1.778380
vt 2.324660 1.594720
vt 2.424360 1.681290
vt 2.383600 1.705660
vt 2.297390 1.629420
vt 2.333970 1.601700
vt 2.396440 1.716740
vt 2.262130 1.514340
vt 2.372110 1.599040
vt 2.335860 1.627190
vt 2.230850 1.557530
vt 2.262150 1.526240
vt 2.339890 1.643430
vt 2.185880 1.423420
vt 2.305910 1.504780
vt 2.275140 1.536590
vt 2.154980 1.469260
vt 2.180050 1.434100
vt 2.273890 1.552250
vt 2.100680 1.313810
vt 2.230830 1.389680
vt 2.206650 1.425450
vt 2.076130 1.353030
vt 2.093770 1.313350
vt 2.205220 1.430680
vt 2.009660 1.174530
vt 2.150410 1.241610
vt 2.134210 1.281890
vt 1.996370 1.197610
vt 2.004960 1.152640
vt 2.136460 1.266060
vt 1.588830 1.701090
vt 1.619020 1.655930
vt 1.714800 1.789590
vt 1.625290 1.663930
vt 1.752910 1.750030
vt 1.718350 1.790210
vt 1.582760 1.870010
vt 1.619710 1.832010
vt 1.697410 1.964890
vt 1.640620 1.814610
vt 1.757550 1.906670
vt 1.717090 1.940690
vt 1.609700 1.971430
vt 1.651490 1.939060
vt 1.715610 2.068150
vt 1.676370 1.909010
vt 1.784490 2.003250
vt 1.739650 2.032380
vt 1.654280 2.027150
vt 1.699880 1.999230
vt 1.752640 2.123270
vt 1.718380 1.967600
vt 1.818490 2.061900
vt 1.770180 2.086900
vt 1.700100 2.052620
vt 1.748850 2.028480
vt 1.791160 2.146770
vt 1.753970 2.003100
vt 1.846210 2.096100
vt 1.795090 2.117240
vt 1.735440 2.054770
vt 1.786810 2.034260
vt 1.819060 2.146090
vt 1.774710 2.019440
vt 1.858990 2.110160
vt 1.805670 2.127220
vt 1.765390 2.021880
vt 1.841440 2.109650
vt 1.786520 2.121980
vt 1.759150 1.968480
vt 1.827200 2.052530
vt 1.771350 2.059350
vt 1.746260 1.853130
vt 1.806350 1.933350
vt 1.750190 1.933350
vt 1.762060 1.493590
vt 1.810630 1.568460
vt 1.754680 1.561610
vt 1.852690 0.812432
vt 1.908540 0.820018
vt 1.884580 0.885967
vt 1.924750 0.806953
vt 1.955450 0.880995
vt 1.900480 0.867241
vt 2.066090 0.268802
vt 2.120270 0.285408
vt 2.074960 0.347846
vt 2.151320 0.332505
vt 2.157460 0.411808
vt 2.105380 0.389378
vt 2.293050 0.165588
vt 2.342700 0.192984
vt 2.270340 0.250479
vt 2.352860 0.275395
vt 2.326880 0.359342
vt 2.280760 0.327014
vt 2.415510 0.375677
vt 2.457610 0.413082
vt 2.356180 0.460221
vt 2.441410 0.473578
vt 2.379650 0.556370
vt 2.342150 0.515488
vt 2.409680 0.685077
vt 2.313500 0.762421
vt 2.285300 0.716053
vt 2.308740 0.890707
vt 2.179350 0.959607
vt 2.161030 0.909935
vt 2.163200 1.022340
vt 2.002550 1.083400
vt 1.993880 1.032260
vt 1.991260 1.093600
vt 1.800400 1.148840
vt 1.801420 1.097250
vt 1.797870 1.173930
vt 1.589910 1.122880
vt 1.799560 1.122360
vt 1.799850 0.667657
vt 1.597530 0.603278
vt 1.800790 0.602377
vt 1.986390 0.544648
vt 1.803030 0.616254
vt 1.802150 0.550974
vt 2.146860 0.398559
vt 1.993500 0.480235
vt 1.982870 0.415719
vt 2.256430 0.129048
vt 2.137790 0.223655
vt 2.115200 0.161876
vt 2.255930 -0.270026
vt 2.178480 -0.164073
vt 2.141820 -0.219294
vt 2.074050 -0.695819
vt 2.041910 -0.587442
vt 1.991430 -0.631089
vt 1.783150 -0.857479
vt 1.789120 -0.759254
vt 1.729540 -0.790035
vt 1.682230 -0.933515
vt 1.744330 -0.907822
vt 1.692780 -0.835676
vt 1.427350 -0.602578
vt 1.462120 -0.520490
vt 1.397460 -0.538816
vt 1.327220 -0.615068
vt 1.393060 -0.601664
vt 1.364810 -0.534231
vt 1.160780 0.237629
vt 1.212900 0.307401
vt 1.146440 0.297454
vt 1.093010 0.275201
vt 1.159860 0.280663
vt 1.146160 0.344192
vt 1.008900 1.340450
vt 1.071680 1.408790
vt 1.004770 1.404130
vt 0.996379 1.913070
vt 1.065500 1.988780
vt 0.998499 1.988780
vt 1.009360 2.113300
vt 1.082870 2.196400
vt 1.015990 2.201050
vt 1.018200 2.230470
vt 1.096280 2.320540
vt 1.029760 2.328980
vt 1.033510 2.283490
vt 1.116510 2.379570
vt 1.050630 2.391420
vt 0.996988 2.308930
vt 1.062130 2.294720
vt 1.079390 2.405530
vt 1.025360 2.310150
vt 1.113210 2.411500
vt 1.048210 2.426340
vt 0.974255 2.343200
vt 1.038390 2.326300
vt 1.061000 2.445500
vt 1.007680 2.308700
vt 1.100450 2.414430
vt 1.036560 2.432240
vt 0.945551 2.345920
vt 1.008490 2.326140
vt 1.036620 2.453110
vt 0.988601 2.277940
vt 1.086570 2.387020
vt 1.024070 2.408160
vt 0.921670 2.315160
vt 0.983153 2.291850
vt 1.017400 2.426210
vt 0.981532 2.210260
vt 1.085670 2.321250
vt 1.025000 2.346600
vt 0.919189 2.243110
vt 0.978720 2.215070
vt 1.020830 2.356380
vt 1.006130 2.091330
vt 1.118810 2.201670
vt 1.060870 2.232860
vt 0.960783 2.115270
vt 1.017230 2.080500
vt 1.071330 2.227740
vt 0.282106 2.300680
vt 0.378837 2.437790
vt 0.298404 2.449650
vt 0.266298 2.391900
vt 0.359624 2.523480
vt 0.278867 2.532830
vt 0.266120 2.444740
vt 0.357253 2.570260
vt 0.276297 2.577950
vt 0.272567 2.463650
vt 0.361983 2.582630
vt 0.280880 2.589080
vt 0.280009 2.450800
vt 0.367861 2.562590
vt 0.286641 2.567970
vt 0.285019 2.404770
vt 0.371345 2.508570
vt 0.290033 2.512880
vt 0.285899 2.318540
vt 0.370730 2.413390
vt 0.289350 2.416510
vt 0.282728 2.175410
vt 0.366125 2.260310
vt 0.284704 2.262030
vt 0.278109 1.939710
vt 0.360173 2.013750
vt 0.278739 2.013750
vt 0.282490 1.261170
vt 0.362670 1.325000
vt 0.281245 1.323280
vt 0.325743 -0.028143
vt 0.402843 0.035521
vt 0.321465 0.031953
vt 0.428623 -1.112360
vt 0.500394 -1.036590
vt 0.419236 -1.043560
vt 0.617758 -1.687720
vt 0.678948 -1.591130
vt 0.598640 -1.604660
vt 0.928298 -1.861590
vt 0.968152 -1.739720
vt 0.890678 -1.764700
vt 1.371560 -1.695280
vt 1.371040 -1.550710
vt 1.301690 -1.593250
vt 1.823270 -1.184520
vt 1.760790 -1.034650
vt 1.709150 -1.097450
vt 2.030580 -0.528700
vt 1.904010 -0.399321
vt 1.876270 -0.475695
vt 1.970780 -0.063622
vt 1.798230 0.037595
vt 1.789620 -0.043194
vt 1.801440 0.212061
vt 1.599830 0.133746
vt 1.800710 0.130819
vt 1.409630 1.158930
vt 1.509240 1.009380
vt 1.706010 1.147410
vt 1.702370 0.697403
vt 1.972290 0.607596
vt 1.936640 0.751156
vt 1.698880 0.760173
vt 1.728450 0.610952
vt 1.970420 0.675396
vt 1.723390 0.777812
vt 1.994210 0.691778
vt 1.970420 0.818800
vt 1.725350 0.832312
vt 1.736890 0.697384
vt 1.997110 0.749314
vt 1.718270 0.922747
vt 2.000260 0.846589
vt 1.980460 0.963575
vt 1.720980 0.953710
vt 1.724380 0.826802
vt 2.003280 0.878678
vt 1.699640 1.035100
vt 1.997930 0.969085
vt 1.979470 1.081670
vt 1.701020 1.044490
vt 1.701070 0.920798
vt 1.999350 0.978619
vt 1.666820 1.095530
vt 1.984710 1.041000
vt 1.965100 1.153390
vt 1.614640 1.122860
vt 1.954480 1.084610
vt 1.929340 1.200570
vt 1.613280 1.121130
vt 1.621880 0.994472
vt 1.953150 1.083190
vt 1.522120 1.162410
vt 1.885160 1.154600
vt 1.845180 1.277490
vt 1.521620 1.162430
vt 1.548680 1.029750
vt 1.884670 1.154780
vt 1.303070 1.324020
vt 1.682720 1.390720
vt 1.605330 1.516780
vt 1.308960 1.319230
vt 1.378780 1.184080
vt 1.688910 1.384170
vt 0.582745 1.717070
vt 0.900675 1.973860
vt 0.741658 2.050190
vt -0.900675 1.973860
vt -0.582745 1.717070
vt -0.741658 2.050190
vt -0.530534 2.374750
vt -0.300475 2.129100
vt -0.366950 2.412160
vt -0.355691 2.445300
vt -0.164872 2.221460
vt -0.201959 2.466990
vt -0.274904 2.332730
vt -0.108507 2.115180
vt -0.135610 2.347260
vt -0.248614 2.251210
vt -0.101963 2.030560
vt -0.125513 2.261620
vt -0.142189 2.345380
vt -0.243256 2.104000
vt -0.120150 2.114350
vt -0.173679 2.355000
vt -0.280495 2.347490
vt -0.274001 2.113310
vt -0.202186 2.648260
vt -0.286716 2.413560
vt -0.179905 2.421130
vt -0.250450 2.659380
vt -0.342356 2.654410
vt -0.333755 2.424240
vt -0.298817 3.144120
vt -0.365598 2.916880
vt -0.273708 2.922130
vt -0.370231 3.151290
vt -0.449999 3.148390
vt -0.434554 2.923340
vt -0.436899 3.687480
vt -0.483591 3.457950
vt -0.403844 3.461360
vt -0.532994 3.681380
vt -0.604832 3.680080
vt -0.574947 3.450930
vt -0.613330 4.006620
vt -0.636143 3.749670
vt -0.564318 3.751540
vt -0.727459 3.985900
vt -0.797018 3.985900
vt -0.742507 3.728390
vt -0.756748 3.968510
vt -0.811359 3.906760
vt -0.741800 3.907040
vt -0.799935 4.048900
vt -0.856518 4.004640
vt -0.787490 4.004560
vt -0.843671 4.112740
vt -0.901291 4.085030
vt -0.834151 4.084720
vt -0.894199 4.005050
vt -0.952251 3.992410
vt -0.888030 3.992030
vt -0.992166 -1.131870
vt -1.050540 -1.138300
vt -0.989956 -1.139440
vt 0.618897 3.557210
vt 0.566383 3.570250
vt 0.566820 3.550540
vt 0.884290 3.764290
vt 0.840654 3.795370
vt 0.835666 3.761960
vt 0.911941 3.818770
vt 0.876001 3.864110
vt 0.866528 3.817350
vt 0.903724 3.818710
vt 0.874443 3.877780
vt 0.860628 3.818070
vt 0.868347 3.791290
vt 0.844148 3.863800
vt 0.826328 3.791480
vt -0.844148 3.863800
vt -0.868347 3.791290
vt -0.826328 3.791480
vt -0.874443 3.877780
vt -0.903724 3.818710
vt -0.860628 3.818070
vt -0.876001 3.864110
vt -0.911941 3.818770
vt -0.866528 3.817350
vt -0.840654 3.795370
vt -0.884290 3.764290
vt -0.835666 3.761960
vt -0.566383 3.570250
vt -0.618897 3.557210
vt -0.566820 3.550540
vt 1.050540 -1.138300
vt 0.992166 -1.131870
vt 0.989956 -1.139440
vt 0.952251 3.992410
vt 0.894199 4.005050
vt 0.888030 3.992030
vt 0.901291 4.085030
vt 0.843671 4.112740
vt 0.834151 4.084720
vt 0.856518 4.004640
vt 0.799935 4.048900
vt 0.787490 4.004560
vt 0.811359 3.906760
vt 0.756748 3.968510
vt 0.741800 3.907040
vt 0.670784 3.734250
vt 0.797018 3.987730
vt 0.727459 3.987730
vt 0.565069 3.749680
vt 0.636893 3.747800
vt 0.683651 4.006830
vt 0.494738 3.449000
vt 0.604231 3.673110
vt 0.532393 3.674400
vt 0.405069 3.467530
vt 0.484815 3.464100
vt 0.510014 3.693810
vt 0.341736 2.914470
vt 0.448952 3.133300
vt 0.369184 3.136190
vt 0.275092 2.935180
vt 0.366981 2.929920
vt 0.380024 3.155110
vt 0.225843 2.416710
vt 0.341172 2.638770
vt 0.249266 2.643720
vt 0.181212 2.434580
vt 0.288022 2.426990
vt 0.295445 2.657210
vt 0.149832 2.111680
vt 0.279368 2.335150
vt 0.172552 2.342640
vt 0.121295 2.125060
vt 0.244400 2.114690
vt 0.250193 2.348900
vt 0.101963 2.030560
vt 0.248614 2.251210
vt 0.125513 2.261620
vt 0.108507 2.115180
vt 0.274904 2.332730
vt 0.135610 2.347260
vt 0.164872 2.221460
vt 0.355691 2.445300
vt 0.201959 2.466990
vt 0.300475 2.129100
vt 0.530534 2.374750
vt 0.366950 2.412160
vt 1.044690 1.901270
vt 1.323140 2.042860
vt 1.212440 2.128390
vt 0.747737 2.108400
vt 0.958894 2.274470
vt 0.842642 2.330020
vt 0.565545 2.056340
vt 0.685141 2.008410
vt 0.737798 2.236060
vt 0.596841 2.034280
vt 0.770140 2.212990
vt 0.661095 2.251930
vt 0.520085 1.985420
vt 0.629927 1.948780
vt 0.668541 2.177810
vt 0.571869 1.951200
vt 0.721495 2.142680
vt 0.623609 2.170980
vt 0.583981 2.065360
vt 0.681982 2.037460
vt 0.716482 2.266960
vt 0.666246 2.016210
vt 0.800227 2.216830
vt 0.714106 2.236940
vt 0.746017 2.341360
vt 0.832077 2.320990
vt 0.870074 2.546020
vt 0.871560 2.271730
vt 0.998141 2.474840
vt 0.922447 2.488060
vt 1.000260 2.773580
vt 1.075830 2.759640
vt 1.127900 2.976900
vt 1.173330 2.678770
vt 1.306030 2.878820
vt 1.237730 2.886380
vt 1.330350 3.202510
vt 1.398500 3.193780
vt 1.481150 3.406840
vt 1.531260 3.092710
vt 1.691180 3.289980
vt 1.625480 3.293170
vt 1.694390 3.369920
vt 1.760010 3.365490
vt 1.894400 3.587770
vt 1.888810 3.270500
vt 2.102000 3.475470
vt 2.032460 3.475470
vt 2.125980 3.385990
vt 2.094330 3.434490
vt 2.056440 3.386560
vt 2.215400 3.453880
vt 2.174670 3.487510
vt 2.144840 3.453670
vt 2.299930 3.483250
vt 2.251090 3.503460
vt 2.229870 3.482510
vt 2.297900 3.200250
vt 2.366230 3.201510
vt 2.375550 3.212500
vt 2.349570 2.983930
vt 2.427290 2.995670
vt 2.361690 2.994180
vt 2.550140 -0.659496
vt 2.486660 -0.654175
vt 2.484610 -0.662867
vt -1.691050 3.137680
vt -1.744160 3.136060
vt -1.688240 3.119560
vt -2.220980 3.129990
vt -2.259500 3.107870
vt -2.205510 3.102640
vt -2.274860 3.204410
vt -2.299350 3.170790
vt -2.249200 3.167710
vt -2.265300 3.242590
vt -2.276490 3.198060
vt -2.229860 3.196660
vt -2.208510 3.267700
vt -2.207720 3.212010
vt -2.163950 3.212370
vt -2.804290 2.761800
vt -2.801550 2.722070
vt -2.751410 2.722350
vt -2.853950 2.707980
vt -2.867160 2.676540
vt -2.812270 2.674940
vt -2.869530 2.619670
vt -2.899280 2.596140
vt -2.839390 2.592690
vt -2.837370 2.469080
vt -2.883850 2.454010
vt -2.819080 2.447970
vt -2.419010 2.510680
vt -2.481680 2.515650
vt -2.415050 2.494880
vt 3.112490 -0.088617
vt 3.038020 -0.084385
vt 3.035420 -0.094204
vt 2.939340 1.925230
vt 3.031070 1.937400
vt 2.953830 1.935180
vt 2.908160 2.222260
vt 2.987640 2.224000
vt 2.999950 2.234020
vt 2.867200 2.800060
vt 2.972380 2.817400
vt 2.892910 2.815600
vt 2.839110 2.880970
vt 2.919460 2.882290
vt 2.944190 2.898950
vt 2.862400 2.922190
vt 2.819230 2.945890
vt 2.782800 2.921790
vt 2.782750 2.873800
vt 2.752620 2.908350
vt 2.705800 2.874250
vt 2.514680 2.774310
vt 2.768710 2.930950
vt 2.691760 2.930950
vt 2.388300 2.881060
vt 2.454330 2.875860
vt 2.634830 3.049260
vt 2.215570 2.604400
vt 2.402820 2.773020
vt 2.336720 2.777240
vt 2.046840 2.758850
vt 2.108850 2.747280
vt 2.227990 2.934010
vt 1.870280 2.305780
vt 2.017890 2.485020
vt 1.955720 2.495670
vt 1.684160 2.452720
vt 1.747700 2.433060
vt 1.827870 2.635100
vt 1.517510 2.014010
vt 1.649670 2.196710
vt 1.585950 2.215790
vt 1.356380 2.128670
vt 1.425140 2.099250
vt 1.486450 2.312870
vt 1.239760 1.824170
vt 1.374040 2.001150
vt 1.305180 2.030320
vt 1.124830 1.909010
vt 1.200580 1.868500
vt 1.257770 2.087000
vt 1.101380 1.778530
vt 1.249670 1.940990
vt 1.174080 1.981790
vt 1.029070 1.840120
vt 1.111730 1.787220
vt 1.176230 2.003600
vt 1.127960 1.835840
vt 1.301920 1.976890
vt 1.220570 2.031800
vt 1.088090 1.877060
vt 1.174900 1.809310
vt 1.261120 2.019240
vt 1.301100 1.836610
vt 1.517900 1.948900
vt 1.436400 2.022940
vt 1.286450 1.855550
vt 1.369440 1.767880
vt 1.502790 1.968720
vt 1.506330 1.589440
vt 1.788260 1.655790
vt 1.719500 1.755020
vt 1.751890 1.343610
vt 2.019540 1.367470
vt 1.974790 1.467120
vt 1.704640 1.536160
vt 1.757120 1.440360
vt 1.913530 1.609350
vt 1.715080 1.512480
vt 1.924140 1.585180
vt 1.868200 1.666180
vt 1.597050 1.599680
vt 1.656550 1.521250
vt 1.763830 1.709580
vt 1.632290 1.549180
vt 1.799520 1.658390
vt 1.740540 1.722080
vt 1.573060 1.609300
vt 1.632910 1.546430
vt 1.713780 1.746590
vt 1.643690 1.536670
vt 1.784910 1.673460
vt 1.727230 1.722070
vt 1.690620 1.683460
vt 1.748350 1.634920
vt 1.818520 1.839510
vt 1.799740 1.593020
vt 1.927960 1.748810
vt 1.872150 1.783900
vt 1.924590 1.862450
vt 1.980370 1.827310
vt 2.053300 2.027510
vt 2.056950 1.757790
vt 2.186010 1.922580
vt 2.130130 1.945530
vt 2.204900 2.109240
vt 2.260720 2.086150
vt 2.352680 2.272960
vt 2.326470 1.996450
vt 2.475230 2.159290
vt 2.415570 2.171950
vt 2.468420 2.353900
vt 2.528010 2.340950
vt 2.658960 2.506500
vt 2.554030 2.250510
vt 2.746410 2.400780
vt 2.677630 2.405620
vt 2.701360 2.522820
vt 2.770100 2.517590
vt 2.961090 2.656940
vt 2.752400 2.460930
vt 3.014480 2.590420
vt 2.929830 2.590420
vt 3.019860 2.588410
vt 2.982540 2.614740
vt 2.935210 2.588610
vt 3.082980 2.575070
vt 3.031690 2.593920
vt 2.994610 2.574390
vt 3.136530 2.341550
vt 3.073170 2.354350
vt 3.046650 2.340030
vt 3.184540 1.577400
vt 3.110700 1.585800
vt 3.095090 1.574560
vt 3.248490 0.348079
vt 3.165300 0.351102
vt 3.161400 0.340251
vt -2.787110 1.927240
vt -2.860750 1.934790
vt -2.784140 1.913560
vt -3.043010 2.040470
vt -3.100280 2.029580
vt -3.026360 2.023580
vt -3.056560 2.313000
vt -3.096350 2.295570
vt -3.028150 2.292200
vt -3.038610 2.461760
vt -3.060680 2.438140
vt -2.998570 2.436520
vt -2.998460 2.528330
vt -3.002870 2.497950
vt -2.946820 2.498070
vt -3.029760 2.440950
vt -3.042500 2.415260
vt -2.983130 2.415270
vt -3.063310 2.381600
vt -3.094070 2.362310
vt -3.028000 2.360730
vt -3.082000 2.177770
vt -3.130530 2.163920
vt -3.057820 2.160770
vt -3.080630 1.761280
vt -3.146410 1.752770
vt -3.067510 1.747180
vt -2.946870 1.430210
vt -3.028610 1.437820
vt -2.946120 1.418210
vt 3.216750 0.703969
vt 3.129840 0.705787
vt 3.124250 0.694010
vt 3.189760 1.462680
vt 3.111070 1.471820
vt 3.094790 1.459040
vt 3.156530 2.046420
vt 3.087330 2.059630
vt 3.061310 2.044520
vt 3.114890 2.333980
vt 3.056850 2.351730
vt 3.021530 2.333110
vt 3.063620 2.425610
vt 3.018740 2.448710
vt 2.974500 2.425620
vt 2.810130 2.299000
vt 3.062690 2.416930
vt 2.973580 2.416930
vt 2.800710 2.316310
vt 2.871470 2.311070
vt 3.053110 2.434580
vt 2.681710 2.093670
vt 2.865540 2.234090
vt 2.794770 2.239320
vt 2.659380 2.123130
vt 2.718290 2.109360
vt 2.843450 2.263220
vt 2.562590 1.868570
vt 2.702090 2.020140
vt 2.643200 2.034010
vt 2.520120 1.903620
vt 2.572060 1.878580
vt 2.660430 2.054450
vt 2.423450 1.640660
vt 2.541390 1.791770
vt 2.489540 1.817010
vt 2.362570 1.680810
vt 2.410780 1.642440
vt 2.481580 1.831090
vt 2.263090 1.448790
vt 2.378800 1.588160
vt 2.330710 1.626690
vt 2.200680 1.495300
vt 2.246880 1.442350
vt 2.317160 1.634020
vt 2.125420 1.333070
vt 2.254080 1.450370
vt 2.207860 1.503290
vt 2.080750 1.380800
vt 2.125290 1.312780
vt 2.209670 1.497800
vt 2.047670 1.282770
vt 2.202660 1.369120
vt 2.157990 1.437050
vt 2.026090 1.321490
vt 2.067590 1.238340
vt 2.181070 1.407850
vt 1.995850 1.239510
vt 2.191280 1.286920
vt 2.150160 1.370260
vt 1.990130 1.261690
vt 2.024700 1.163590
vt 2.185540 1.309180
vt 1.888490 1.168600
vt 2.138670 1.168950
vt 2.105450 1.267510
vt 1.888480 1.175410
vt 1.909950 1.063370
vt 2.138660 1.175760
vt 1.966740 1.069930
vt 1.984690 0.957259
vt 2.201330 1.056860
vt 1.966220 1.056630
vt 2.200800 1.043510
vt 2.170780 1.143090
vt 2.158540 1.127990
vt 2.188110 1.028270
vt 2.340360 1.161410
vt 2.160720 1.112860
vt 2.342510 1.146440
vt 2.305530 1.231700
vt 2.299490 1.221910
vt 2.336270 1.136560
vt 2.440620 1.294940
vt 2.305850 1.209570
vt 2.446760 1.283000
vt 2.405610 1.353120
vt 2.408790 1.360270
vt 2.450060 1.290220
vt 2.522100 1.465090
vt 2.417870 1.355500
vt 2.530620 1.460910
vt 2.486490 1.515590
vt 2.493320 1.539870
vt 2.537730 1.485410
vt 2.593000 1.667530
vt 2.500660 1.542570
vt 2.599510 1.670870
vt 2.552340 1.710500
vt 2.556130 1.738230
vt 2.603500 1.698830
vt 2.658650 1.878900
vt 2.559150 1.743070
vt 2.660920 1.884300
vt 2.609380 1.910170
vt 2.661870 1.906420
vt 2.675620 2.089850
vt 2.610220 1.932060
vt 2.734150 2.090370
vt 2.771790 2.244860
vt 2.675320 2.104510
vt 2.771680 2.256190
vt 2.842440 2.250860
vt 3.004170 2.371150
vt 2.772400 2.258740
vt 3.005140 2.373180
vt 2.916020 2.373180
vt 3.005220 2.345810
vt 2.955750 2.368680
vt 2.916110 2.345840
vt 3.049070 2.224240
vt 2.988230 2.242750
vt 2.955710 2.223340
vt 3.082880 1.971060
vt 3.012570 1.985450
vt 2.987660 1.968950
vt 3.104920 1.547700
vt 3.026660 1.557670
vt 3.009970 1.543510
vt 3.093940 1.048270
vt 3.008910 1.049180
vt 3.001650 1.036550
vt -2.992330 0.978366
vt -3.077370 0.984551
vt -2.994280 0.967674
vt -3.039560 1.550650
vt -3.109500 1.543480
vt -3.030550 1.538550
vt -3.031490 2.134590
vt -3.085070 2.122880
vt -3.012350 2.120070
vt -3.011570 2.384840
vt -3.048130 2.367890
vt -2.982050 2.366410
vt -2.981080 2.426010
vt -3.000230 2.402350
vt -2.940850 2.402360
vt -2.862100 2.489580
vt -2.884670 2.466290
vt -2.828620 2.466410
vt -2.895280 2.458530
vt -2.933790 2.442660
vt -2.871670 2.441360
vt -2.919340 2.161250
vt -2.973440 2.150800
vt -2.905200 2.148410
vt -2.937400 1.357120
vt -3.006400 1.350610
vt -2.932350 1.346560
vt -3.040680 0.516591
vt -2.962460 0.492061
vt -2.957960 0.501821
vt 2.882030 1.440070
vt 2.804020 1.440830
vt 2.795520 1.427300
vt 2.941690 1.768590
vt 2.868930 1.779750
vt 2.852300 1.764220
vt 2.928830 2.077000
vt 2.862200 2.093080
vt 2.838960 2.074890
vt 2.898950 2.276570
vt 2.839680 2.296860
vt 2.810580 2.275780
vt 2.857370 2.391100
vt 2.807040 2.415450
vt 2.772720 2.391300
vt 2.648330 2.341420
vt 2.854310 2.456750
vt 2.769670 2.456750
vt 2.618860 2.365520
vt 2.687600 2.360220
vt 2.822660 2.484650
vt 2.536510 2.257940
vt 2.682370 2.389880
vt 2.613610 2.394980
vt 2.504170 2.293850
vt 2.563600 2.280160
vt 2.647850 2.428160
vt 2.446880 2.156920
vt 2.552820 2.294660
vt 2.493330 2.308060
vt 2.417150 2.189440
vt 2.472340 2.164890
vt 2.521320 2.328520
vt 2.377190 2.038070
vt 2.462520 2.171890
vt 2.407230 2.196220
vt 2.356900 2.059560
vt 2.411200 2.022170
vt 2.441150 2.194070
vt 2.330370 1.900860
vt 2.413340 2.022230
vt 2.359060 2.059660
vt 2.317300 1.713560
vt 2.415830 1.813850
vt 2.362050 1.866740
vt 2.288410 1.475750
vt 2.417910 1.545850
vt 2.366670 1.615900
vt 2.189110 1.221360
vt 2.361450 1.251310
vt 2.316500 1.338890
vt 2.189360 1.227480
vt 2.228490 1.125500
vt 2.361740 1.257160
vt 1.997140 1.021740
vt 2.220820 1.002010
vt 2.186450 1.105700
vt 1.997530 1.041350
vt 2.021330 0.925109
vt 2.221230 1.021860
vt 1.952320 1.149400
vt 1.994890 1.027390
vt 2.172990 1.133060
vt 1.953000 1.128500
vt 2.173650 1.111770
vt 2.123960 1.221800
vt 1.987670 1.612010
vt 2.054610 1.511550
vt 2.157700 1.650880
vt 1.985050 1.612610
vt 2.155000 1.651850
vt 2.086620 1.738160
vt 1.870220 1.995340
vt 1.995540 2.071640
vt 1.920330 2.134700
vt 1.741090 2.195610
vt 1.820120 2.137420
vt 1.834690 2.296330
vt 1.759340 2.180110
vt 1.853470 2.280340
vt 1.780260 2.325280
vt 1.696170 2.303570
vt 1.770310 2.260190
vt 1.772560 2.421560
vt 1.744710 2.269350
vt 1.822380 2.386490
vt 1.754410 2.417690
vt 1.752470 2.416390
vt 1.820450 2.385220
vt 1.825940 2.546110
vt 1.837540 2.359700
vt 1.913340 2.488070
vt 1.849960 2.508240
vt 1.888670 2.543590
vt 1.951870 2.522870
vt 1.974920 2.679290
vt 2.002330 2.460610
vt 2.092320 2.593860
vt 2.030250 2.605070
vt 2.070230 2.641900
vt 2.132180 2.630000
vt 2.187440 2.777210
vt 2.190580 2.541250
vt 2.312840 2.672020
vt 2.246750 2.676380
vt 2.267540 2.666750
vt 2.333590 2.661890
vt 2.435640 2.794590
vt 2.373950 2.578710
vt 2.547660 2.698810
vt 2.470700 2.698810
vt 2.470700 2.618010
vt 2.547660 2.618010
vt 2.578260 2.646730
vt 2.492780 2.621730
vt 2.600660 2.649190
vt 2.521070 2.648400
vt 2.605710 2.523030
vt 2.550860 2.546190
vt 2.526110 2.522490
vt 2.637240 2.372250
vt 2.577510 2.390890
vt 2.556900 2.370370
vt 2.643210 2.148400
vt 2.579410 2.161590
vt 2.563830 2.144280
vt 2.518360 1.935190
vt 2.450890 1.937280
vt 2.442120 1.922620
vt -2.885230 -0.099210
vt -2.818510 -0.120065
vt -2.812180 -0.110728
vt -2.726070 1.137440
vt -2.789230 1.131100
vt -2.724250 1.128090
vt -2.694310 2.293680
vt -2.744590 2.283760
vt -2.684630 2.281900
vt -2.659820 2.652290
vt -2.696760 2.636340
vt -2.641860 2.635340
vt -2.625970 2.677270
vt -2.680860 2.678520
vt -2.649370 2.652700
vt -2.598100 2.710480
vt -2.621780 2.686180
vt -2.571650 2.686180
vt -2.031290 3.124870
vt -2.056540 3.097440
vt -2.012770 3.097900
vt -2.101550 3.070300
vt -2.136130 3.052810
vt -2.089480 3.052200
vt -2.152450 2.644330
vt -2.196960 2.634130
vt -2.146720 2.632920
vt -2.200700 0.849553
vt -2.255210 0.842927
vt -2.201000 0.841069
vt -2.416890 -1.021630
vt -2.361850 -1.039560
vt -2.355230 -1.029760
vt 1.840170 2.542890
vt 1.782680 2.548900
vt 1.775340 2.532740
vt 2.020370 2.725480
vt 1.964540 2.742230
vt 1.952110 2.722240
vt 2.017020 2.888840
vt 1.962660 2.911470
vt 1.946970 2.887460
vt 1.979820 2.996720
vt 1.927360 3.024170
vt 1.909260 2.996460
vt 1.923860 3.065550
vt 1.874080 3.097160
vt 1.854320 3.066130
vt 1.766390 2.998200
vt 1.902040 3.127720
vt 1.832510 3.127720
vt 1.574160 3.104100
vt 1.639840 3.100460
vt 1.701470 3.241840
vt 1.507620 2.894710
vt 1.607630 3.026160
vt 1.541920 3.029210
vt 1.324380 2.996150
vt 1.392580 2.987830
vt 1.418540 3.131850
vt 1.261880 2.708120
vt 1.344180 2.839070
vt 1.275900 2.846700
vt 1.117510 2.783620
vt 1.193060 2.769560
vt 1.196390 2.916660
vt 1.076220 2.538360
vt 1.155710 2.665070
vt 1.080080 2.678660
vt 0.980961 2.589010
vt 1.066880 2.568040
vt 1.058580 2.716870
vt 0.982479 2.457390
vt 1.070270 2.575650
vt 0.984369 2.596660
vt 0.928275 2.489440
vt 1.025890 2.460220
vt 1.015000 2.608480
vt 0.995780 2.463840
vt 1.100910 2.570160
vt 1.003730 2.600780
vt 0.970054 2.480840
vt 1.078830 2.441160
vt 1.074580 2.587760
vt 1.126480 2.444110
vt 1.258880 2.535870
vt 1.152160 2.580820
vt 1.396370 2.169950
vt 1.570360 2.237760
vt 1.462450 2.308160
vt 1.690830 1.510490
vt 1.918700 1.523020
vt 1.831670 1.632540
vt 1.692580 1.520400
vt 1.778080 1.399690
vt 1.920470 1.532560
vt 0.724570 2.157960
vt 0.946916 2.269110
vt 0.790182 2.329060
vt 1.412160 1.142650
vt 1.708500 1.130350
vt 1.608110 1.275380
vt -1.639520 1.236060
vt -1.534490 0.956487
vt -1.439740 1.109160
vt -1.571250 1.332310
vt -1.676370 1.190670
vt -1.483880 1.046720
vt -0.946916 2.269110
vt -0.724570 2.157960
vt -0.790182 2.329060
vt -0.602775 2.670000
vt -0.424827 2.550850
vt -0.450202 2.698730
vt -0.450301 2.758050
vt -0.299441 2.639750
vt -0.311259 2.774820
vt -0.379438 2.684740
vt -0.249749 2.562560
vt -0.256397 2.695820
vt -0.356122 2.641980
vt -0.244504 2.514000
vt -0.249307 2.649480
vt -0.261012 2.727870
vt -0.363259 2.583410
vt -0.256451 2.591020
vt -0.303505 2.745570
vt -0.395409 2.740570
vt -0.404953 2.600550
vt -0.317131 2.960820
vt -0.402622 2.819640
vt -0.310723 2.824730
vt -0.383522 2.979160
vt -0.463293 2.976340
vt -0.467589 2.837120
vt -0.409095 3.289930
vt -0.477792 3.151370
vt -0.398030 3.154400
vt -0.503007 3.296340
vt -0.574847 3.295180
vt -0.569054 3.156500
vt -0.535984 3.567030
vt -0.587790 3.424860
vt -0.515954 3.426250
vt -0.652106 3.550350
vt -0.721665 3.550350
vt -0.699460 3.406640
vt -0.673370 3.552640
vt -0.735577 3.517070
vt -0.666019 3.517370
vt -0.704503 3.519180
vt -0.766226 3.487410
vt -0.697198 3.487360
vt -0.726692 3.446740
vt -0.786993 3.419600
vt -0.719855 3.419060
vt -0.730241 3.311970
vt -0.788570 3.290470
vt -0.724362 3.289130
vt -0.630558 3.048490
vt -0.687035 3.035190
vt -0.626585 3.031000
vt 1.002990 -2.126560
vt 1.055300 -2.111950
vt 0.998818 -2.115300
vt 0.937252 0.569064
vt 0.887139 0.576462
vt 0.888577 0.568422
vt 0.899969 3.162640
vt 0.855680 3.174010
vt 0.854536 3.162190
vt 0.861058 3.588630
vt 0.821839 3.608740
vt 0.817958 3.588430
vt 0.811019 3.605800
vt 0.775647 3.636910
vt 0.769001 3.606060
vt 2.056540 3.097440
vt 2.031290 3.124870
vt 2.012770 3.097900
vt 2.600520 2.658530
vt 2.682150 2.683730
vt 2.627250 2.682520
vt 2.571650 2.679040
vt 2.621780 2.679040
vt 2.652970 2.705220
vt 2.884670 2.466290
vt 2.862100 2.489580
vt 2.828620 2.466410
vt 3.000230 2.402350
vt 2.981080 2.426010
vt 2.940850 2.402360
vt 3.042500 2.415260
vt 3.029760 2.440950
vt 2.983130 2.415270
vt 3.002870 2.497950
vt 2.998460 2.528330
vt 2.946820 2.498070
vt 2.801550 2.722070
vt 2.804290 2.761800
vt 2.751410 2.722350
vt 2.207720 3.212010
vt 2.208510 3.267700
vt 2.163950 3.212370
vt 2.276490 3.198060
vt 2.265300 3.242590
vt 2.229860 3.196660
vt 2.299350 3.170790
vt 2.274860 3.204410
vt 2.249200 3.167710
vt 2.259500 3.107870
vt 2.220980 3.129990
vt 2.205510 3.102640
vt 1.744160 3.136060
vt 1.691050 3.137680
vt 1.688240 3.119560
vt -2.486660 -0.654175
vt -2.550140 -0.659496
vt -2.484610 -0.662867
vt -2.354910 3.174830
vt -2.420510 3.176370
vt -2.411120 3.165440
vt -2.315080 3.042920
vt -2.371340 3.033820
vt -2.303020 3.032610
vt -2.251090 3.503460
vt -2.299930 3.483250
vt -2.229870 3.482510
vt -2.174670 3.487510
vt -2.215400 3.453880
vt -2.144840 3.453670
vt -2.094330 3.434490
vt -2.125980 3.385990
vt -2.056440 3.386560
vt -2.032460 3.471370
vt -2.102000 3.471370
vt -1.953950 3.257960
vt -1.820660 3.589710
vt -1.755880 3.371740
vt -1.690250 3.376080
vt -1.629010 3.312310
vt -1.694710 3.309070
vt -1.602150 3.100130
vt -1.406930 3.391580
vt -1.390300 3.178350
vt -1.322130 3.186950
vt -1.245160 2.924680
vt -1.313450 2.917050
vt -1.255550 2.701270
vt -1.048570 2.949630
vt -1.065160 2.726600
vt -0.989575 2.740420
vt -0.931916 2.528300
vt -1.007600 2.515010
vt -0.966500 2.290520
vt -0.783132 2.523530
vt -0.821148 2.286280
vt -0.735066 2.306550
vt -0.723676 2.269210
vt -0.809781 2.249030
vt -0.773339 2.019830
vt -0.620107 2.258440
vt -0.672044 2.009520
vt -0.574018 2.037340
vt -0.632436 2.193210
vt -0.730294 2.164810
vt -0.690022 1.936070
vt -0.561539 2.185980
vt -0.621222 1.929320
vt -0.511342 1.965840
vt -0.668913 2.264020
vt -0.777904 2.224930
vt -0.723588 1.997660
vt -0.620676 2.263590
vt -0.677652 1.997710
vt -0.557988 2.045470
vt -0.958894 2.274470
vt -0.747737 2.108400
vt -0.842642 2.330020
vt -1.323140 2.042860
vt -1.044690 1.901270
vt -1.212440 2.128390
vt -1.591800 1.531690
vt -1.670340 1.406350
vt -1.362980 1.202000
vt -1.625460 1.495550
vt -1.389140 1.171190
vt -1.320560 1.306980
vt -1.836040 1.290270
vt -1.876880 1.167660
vt -1.541710 1.040440
vt -1.788260 1.655790
vt -1.506330 1.589440
vt -1.719500 1.755020
vt -1.409860 2.041770
vt -1.359120 1.767070
vt -1.275870 1.854500
vt -1.447270 2.024320
vt -1.528560 1.950050
vt -1.393800 1.750140
vt -1.161520 2.061560
vt -1.157730 1.797250
vt -1.070730 1.864750
vt -1.238030 2.045880
vt -1.319220 1.990740
vt -1.231010 1.781640
vt -1.078950 2.018980
vt -1.090780 1.762360
vt -1.008010 1.815100
vt -1.194550 2.010440
vt -1.270060 1.969490
vt -1.203590 1.753710
vt -1.165010 2.079190
vt -1.177170 1.832100
vt -1.101350 1.872480
vt -1.326410 2.072200
vt -1.395230 2.042940
vt -1.335970 1.824990
vt -1.398770 2.287060
vt -1.401590 2.055170
vt -1.332780 2.084460
vt -1.604380 2.266000
vt -1.668080 2.246850
vt -1.603820 2.034100
vt -1.745890 2.603760
vt -1.728310 2.392490
vt -1.664720 2.412010
vt -1.967270 2.541900
vt -2.029430 2.531170
vt -1.944370 2.331140
vt -2.149940 2.915010
vt -2.097220 2.726440
vt -2.035180 2.737860
vt -2.340870 2.803760
vt -2.406970 2.799480
vt -2.280870 2.617380
vt -2.553390 3.051850
vt -2.449890 2.881980
vt -2.383860 2.887070
vt -2.691760 2.929470
vt -2.768710 2.929470
vt -2.580270 2.764740
vt -2.752620 2.908350
vt -2.782750 2.873800
vt -2.705800 2.874250
vt -2.819230 2.945890
vt -2.862400 2.922190
vt -2.782800 2.921790
vt -2.866780 2.849460
vt -2.921500 2.835080
vt -2.841150 2.833800
vt -2.889960 2.867570
vt -2.969430 2.869420
vt -2.944600 2.852910
vt -2.927210 1.973730
vt -2.992150 1.965630
vt -2.912670 1.963840
vt -2.948070 2.201540
vt -3.025310 2.203690
vt -3.013020 2.193640
vt -3.038020 -0.084385
vt -3.112490 -0.088617
vt -3.035420 -0.094204
vt 2.481680 2.515650
vt 2.419010 2.510680
vt 2.415050 2.494880
vt 2.883850 2.454010
vt 2.837370 2.469080
vt 2.819080 2.447970
vt 2.899280 2.596140
vt 2.869530 2.619670
vt 2.839390 2.592690
vt 2.867160 2.676540
vt 2.853950 2.707980
vt 2.812270 2.674940
vt 3.060680 2.438140
vt 3.038610 2.461760
vt 2.998570 2.436520
vt 3.096350 2.295570
vt 3.056560 2.313000
vt 3.028150 2.292200
vt 3.100280 2.029580
vt 3.043010 2.040470
vt 3.026360 2.023580
vt 2.860750 1.934790
vt 2.787110 1.927240
vt 2.784140 1.913560
vt -3.165300 0.351102
vt -3.248490 0.348079
vt -3.161400 0.340251
vt -3.110700 1.585800
vt -3.184540 1.577400
vt -3.095090 1.574560
vt -3.073170 2.354350
vt -3.136530 2.341550
vt -3.046650 2.340030
vt -3.031690 2.593920
vt -3.082980 2.575070
vt -2.994610 2.574390
vt -2.982540 2.614740
vt -3.019860 2.588410
vt -2.935210 2.588610
vt -2.929830 2.594870
vt -3.014480 2.594870
vt -2.820960 2.459060
vt -2.874060 2.654260
vt -2.767730 2.516450
vt -2.698980 2.521620
vt -2.680120 2.429360
vt -2.748890 2.424500
vt -2.615710 2.260750
vt -2.581970 2.489430
vt -2.519860 2.319960
vt -2.460250 2.332840
vt -2.424560 2.210100
vt -2.484220 2.197420
vt -2.390800 2.011320
vt -2.275060 2.249590
vt -2.242770 2.050580
vt -2.186920 2.073610
vt -2.148780 1.989970
vt -2.204650 1.967010
vt -2.131000 1.767070
vt -1.969870 2.009750
vt -1.952780 1.786800
vt -1.896970 1.821900
vt -1.898180 1.823720
vt -1.953990 1.788610
vt -1.883140 1.584260
vt -1.730830 1.839490
vt -1.716570 1.599980
vt -1.658790 1.648470
vt -1.754440 1.749520
vt -1.812050 1.700840
vt -1.730100 1.501130
vt -1.625840 1.771690
vt -1.603130 1.523140
vt -1.543170 1.585900
vt -1.762980 1.734480
vt -1.821810 1.670650
vt -1.713230 1.483070
vt -1.680810 1.763350
vt -1.633420 1.511470
vt -1.573710 1.589730
vt -1.880970 1.666680
vt -1.936690 1.585530
vt -1.779410 1.417360
vt -1.844170 1.690980
vt -1.744600 1.440850
vt -1.691840 1.536500
vt -2.019540 1.367470
vt -1.751890 1.343610
vt -1.974790 1.467120
vt -1.924710 1.205950
vt -1.950190 1.090070
vt -1.619100 1.000690
vt -1.853510 1.265150
vt -1.555870 1.019270
vt -1.529720 1.152140
vt -1.932390 1.193820
vt -1.625790 0.990032
vt -1.617540 1.116720
vt -1.984710 1.041000
vt -1.666820 1.095530
vt -1.965100 1.153390
vt -2.101810 1.275090
vt -1.906450 1.064010
vt -1.884910 1.176050
vt -2.109060 1.267230
vt -2.142230 1.168660
vt -1.913450 1.056400
vt -2.133150 1.390950
vt -2.013660 1.161940
vt -1.979000 1.260010
vt -2.160860 1.373460
vt -2.201910 1.290090
vt -2.040880 1.144710
vt -2.116730 1.466530
vt -2.047930 1.229110
vt -2.006410 1.312250
vt -2.175790 1.449090
vt -2.220460 1.381160
vt -2.106940 1.211670
vt -2.138880 1.531410
vt -2.100280 1.293440
vt -2.055800 1.361510
vt -2.228460 1.525860
vt -2.274750 1.473000
vt -2.190940 1.287730
vt -2.246030 1.645820
vt -2.223070 1.415450
vt -2.176960 1.468480
vt -2.347570 1.655670
vt -2.395720 1.617240
vt -2.326710 1.425100
vt -2.413950 1.829030
vt -2.394330 1.614870
vt -2.346180 1.653320
vt -2.498870 1.844570
vt -2.550750 1.819410
vt -2.481380 1.630230
vt -2.593950 2.047210
vt -2.564130 1.857240
vt -2.512210 1.882320
vt -2.646550 2.054460
vt -2.705450 2.040620
vt -2.618000 1.864290
vt -2.770190 2.256070
vt -2.715700 2.096910
vt -2.656800 2.110690
vt -2.795470 2.251430
vt -2.866230 2.246210
vt -2.741290 2.092170
vt -2.963500 2.430400
vt -2.870960 2.307030
vt -2.800200 2.312260
vt -2.973580 2.421230
vt -3.062690 2.421230
vt -2.880870 2.297980
vt -3.018740 2.448710
vt -3.063620 2.425610
vt -2.974500 2.425620
vt -3.056850 2.351730
vt -3.114890 2.333980
vt -3.021530 2.333110
vt -3.087330 2.059630
vt -3.156530 2.046420
vt -3.061310 2.044520
vt -3.111070 1.471820
vt -3.189760 1.462680
vt -3.094790 1.459040
vt -3.129840 0.705787
vt -3.216750 0.703969
vt -3.124250 0.694010
vt 3.028610 1.437820
vt 2.946870 1.430210
vt 2.946120 1.418210
vt 3.146410 1.752770
vt 3.080630 1.761280
vt 3.067510 1.747180
vt 3.130530 2.163920
vt 3.082000 2.177770
vt 3.057820 2.160770
vt 3.094070 2.362310
vt 3.063310 2.381600
vt 3.028000 2.360730
vt 3.048130 2.367890
vt 3.011570 2.384840
vt 2.982050 2.366410
vt 3.085070 2.122880
vt 3.031490 2.134590
vt 3.012350 2.120070
vt 3.109500 1.543480
vt 3.039560 1.550650
vt 3.030550 1.538550
vt 3.077370 0.984551
vt 2.992330 0.978366
vt 2.994280 0.967674
vt -3.008910 1.049180
vt -3.093940 1.048270
vt -3.001650 1.036550
vt -3.026660 1.557670
vt -3.104920 1.547700
vt -3.009970 1.543510
vt -3.012570 1.985450
vt -3.082880 1.971060
vt -2.987660 1.968950
vt -2.988230 2.242750
vt -3.049070 2.224240
vt -2.955710 2.223340
vt -2.955750 2.368680
vt -3.005220 2.345810
vt -2.916110 2.345840
vt -2.916020 2.370270
vt -3.005140 2.370270
vt -2.843140 2.250350
vt -2.914990 2.374340
vt -2.842390 2.254250
vt -2.771640 2.259570
vt -2.771790 2.244860
vt -2.734150 2.090370
vt -2.675320 2.104510
vt -2.675620 2.089850
vt -2.661870 1.906420
vt -2.610220 1.932060
vt -2.609640 1.917170
vt -2.661200 1.891350
vt -2.607180 1.710940
vt -2.606470 1.896780
vt -2.602380 1.690570
vt -2.555070 1.730040
vt -2.554000 1.722130
vt -2.601260 1.682600
vt -2.547510 1.500030
vt -2.543090 1.694780
vt -2.534130 1.472760
vt -2.489860 1.527330
vt -2.490560 1.529820
vt -2.534850 1.475270
vt -2.464210 1.299830
vt -2.472570 1.505870
vt -2.443610 1.276190
vt -2.402560 1.346380
vt -2.411320 1.366060
vt -2.452680 1.296060
vt -2.349230 1.137090
vt -2.392840 1.353370
vt -2.328740 1.124960
vt -2.292220 1.210420
vt -2.311000 1.240820
vt -2.348190 1.155650
vt -2.196350 1.022040
vt -2.297500 1.238990
vt -2.181670 1.020830
vt -2.152320 1.120610
vt -2.174830 1.148290
vt -2.205010 1.048760
vt -1.988500 0.948874
vt -2.167160 1.152390
vt -1.980270 0.953501
vt -1.962480 1.066190
vt -1.981940 1.084060
vt -2.000500 0.971489
vt -1.702240 0.913550
vt -1.978440 1.089560
vt -1.698530 0.919404
vt -1.698590 1.043100
vt -1.984560 0.978741
vt -2.005150 0.861890
vt -1.726380 0.809296
vt -2.184970 1.110710
vt -2.018340 0.911322
vt -1.995240 1.027700
vt -2.187980 1.122350
vt -2.223000 1.018890
vt -2.023590 0.921117
vt -2.318150 1.331520
vt -2.228630 1.112650
vt -2.189990 1.214820
vt -2.315000 1.352850
vt -2.360370 1.265490
vt -2.227960 1.132980
vt -2.417910 1.545850
vt -2.288410 1.475750
vt -2.366670 1.615900
vt -2.415830 1.813850
vt -2.317300 1.713560
vt -2.362050 1.866740
vt -2.413340 2.022230
vt -2.330370 1.900860
vt -2.359060 2.059660
vt -2.379570 2.221510
vt -2.405520 2.025790
vt -2.351130 2.063060
vt -2.411070 2.193940
vt -2.466320 2.169530
vt -2.434710 1.997930
vt -2.455650 2.345500
vt -2.466690 2.169280
vt -2.411440 2.193700
vt -2.496160 2.305450
vt -2.555640 2.291980
vt -2.504340 2.129070
vt -2.574990 2.438590
vt -2.559770 2.286630
vt -2.500320 2.300210
vt -2.614760 2.390510
vt -2.683510 2.385380
vt -2.596700 2.238860
vt -2.736350 2.494850
vt -2.685950 2.372030
vt -2.617200 2.377260
vt -2.769670 2.447530
vt -2.854310 2.447530
vt -2.716890 2.325710
vt -2.807040 2.415450
vt -2.857370 2.391100
vt -2.772720 2.391300
vt -2.839680 2.296860
vt -2.898950 2.276570
vt -2.810580 2.275780
vt -2.862200 2.093080
vt -2.928830 2.077000
vt -2.838960 2.074890
vt -2.868930 1.779750
vt -2.941690 1.768590
vt -2.852300 1.764220
vt -2.804020 1.440830
vt -2.882030 1.440070
vt -2.795520 1.427300
vt 2.962460 0.492061
vt 3.040680 0.516591
vt 2.957960 0.501821
vt 3.006400 1.350610
vt 2.937400 1.357120
vt 2.932350 1.346560
vt 2.973440 2.150800
vt 2.919340 2.161250
vt 2.905200 2.148410
vt 2.933790 2.442660
vt 2.895280 2.458530
vt 2.871670 2.441360
vt 2.696760 2.636340
vt 2.659820 2.652290
vt 2.641860 2.635340
vt 2.744590 2.283760
vt 2.694310 2.293680
vt 2.684630 2.281900
vt 2.789230 1.131100
vt 2.726070 1.137440
vt 2.724250 1.128090
vt 2.818510 -0.120065
vt 2.885230 -0.099210
vt 2.812180 -0.110728
vt -2.450890 1.937280
vt -2.518360 1.935190
vt -2.442120 1.922620
vt -2.579410 2.161590
vt -2.643210 2.148400
vt -2.563830 2.144280
vt -2.577510 2.390890
vt -2.637240 2.372250
vt -2.556900 2.370370
vt -2.550860 2.546190
vt -2.605710 2.523030
vt -2.526110 2.522490
vt -2.520450 2.625360
vt -2.600040 2.626180
vt -2.569110 2.597820
vt -2.498690 2.668690
vt -2.547660 2.641710
vt -2.470700 2.641710
vt -2.470700 2.691200
vt -2.547660 2.691200
vt -2.439530 2.563410
vt -2.353890 2.802220
vt -2.328780 2.673100
vt -2.262720 2.677830
vt -2.250570 2.682890
vt -2.316650 2.678460
vt -2.255460 2.533610
vt -2.109420 2.774520
vt -2.120670 2.625580
vt -2.058690 2.637260
vt -2.039990 2.619570
vt -2.102040 2.608210
vt -2.074100 2.452590
vt -1.894580 2.675110
vt -1.934410 2.509390
vt -1.871120 2.529850
vt -1.864270 2.523460
vt -1.927590 2.503100
vt -1.918590 2.342370
vt -1.742110 2.550720
vt -1.800990 2.371050
vt -1.732880 2.401940
vt -1.768660 2.426500
vt -1.836520 2.395090
vt -1.831970 2.233780
vt -1.687120 2.444170
vt -1.753840 2.252600
vt -1.679530 2.295710
vt -1.789450 2.325810
vt -1.862540 2.280690
vt -1.846710 2.121890
vt -1.751100 2.340970
vt -1.810540 2.137680
vt -1.731340 2.195640
vt -1.995540 2.071640
vt -1.870220 1.995340
vt -1.920330 2.134700
vt -2.079700 1.750340
vt -2.148510 1.664380
vt -2.046430 1.524300
vt -2.096350 1.725260
vt -2.060290 1.499650
vt -1.993870 1.600450
vt -2.117700 1.252440
vt -2.168750 1.143040
vt -1.991780 1.035490
vt -2.128740 1.214310
vt -1.997930 1.000280
vt -1.956820 1.122790
vt -1.972540 0.857687
vt -1.998610 0.731115
vt -1.738740 0.677476
vt -1.978950 0.983184
vt -1.719290 0.816028
vt -1.716670 0.942954
vt -1.969510 0.842018
vt -1.731560 0.667326
vt -1.722250 0.802427
vt -1.928320 0.817812
vt -1.968570 0.675473
vt -1.727480 0.607787
vt -1.851280 1.610540
vt -1.792160 1.368870
vt -1.708450 1.490820
vt -1.813210 1.665040
vt -1.901880 1.556840
vt -1.761710 1.421630
vt -1.570360 2.237760
vt -1.396370 2.169950
vt -1.462450 2.308160
vt -1.258880 2.535870
vt -1.126480 2.444110
vt -1.152160 2.580820
vt -0.968412 2.609080
vt -1.070350 2.432600
vt -0.961499 2.472070
vt -1.012210 2.610600
vt -1.109340 2.579800
vt -1.112480 2.433170
vt -0.916864 2.607230
vt -1.014150 2.438930
vt -0.916475 2.467950
vt -0.995422 2.620520
vt -1.081290 2.599350
vt -1.090540 2.450990
vt -0.968611 2.696650
vt -1.053000 2.535520
vt -0.967036 2.556310
vt -1.091720 2.714510
vt -1.167330 2.700790
vt -1.173080 2.551830
vt -1.113720 2.886730
vt -1.179080 2.733950
vt -1.103500 2.747820
vt -1.285220 2.885020
vt -1.353490 2.877280
vt -1.345930 2.730330
vt -1.341620 3.108400
vt -1.381620 2.964360
vt -1.313390 2.972500
vt -1.546380 3.054470
vt -1.612090 3.051350
vt -1.579490 2.908690
vt -1.626550 3.239180
vt -1.634380 3.102240
vt -1.568700 3.105770
vt -1.832510 3.128130
vt -1.902040 3.128130
vt -1.831530 2.990960
vt -1.874080 3.097160
vt -1.923860 3.065550
vt -1.854320 3.066130
vt -1.927360 3.024170
vt -1.979820 2.996720
vt -1.909260 2.996460
vt -1.962660 2.911470
vt -2.017020 2.888840
vt -1.946970 2.887460
vt -1.964540 2.742230
vt -2.020370 2.725480
vt -1.952110 2.722240
vt -1.782680 2.548900
vt -1.840170 2.542890
vt -1.775340 2.532740
vt 2.361850 -1.039560
vt 2.416890 -1.021630
vt 2.355230 -1.029760
vt 2.255210 0.842927
vt 2.200700 0.849553
vt 2.201000 0.841069
vt 2.196960 2.634130
vt 2.152450 2.644330
vt 2.146720 2.632920
vt 2.136130 3.052810
vt 2.101550 3.070300
vt 2.089480 3.052200
vt -1.939070 0.757007
vt -1.729260 0.555943
vt -1.704190 0.705985
vt -0.775647 3.636910
vt -0.811019 3.605800
vt -0.769001 3.606060
vt -0.821839 3.608740
vt -0.861058 3.588630
vt -0.817958 3.588430
vt -0.855680 3.174010
vt -0.899969 3.162640
vt -0.854536 3.162190
vt -0.887139 0.576462
vt -0.937252 0.569064
vt -0.888577 0.568422
vt -1.055300 -2.111950
vt -1.002990 -2.126560
vt -0.998818 -2.115300
vt 0.687035 3.035190
vt 0.630558 3.048490
vt 0.626585 3.031000
vt 0.788570 3.290470
vt 0.730241 3.311970
vt 0.724362 3.289130
vt 0.786993 3.419600
vt 0.726692 3.446740
vt 0.719855 3.419060
vt 0.766226 3.487410
vt 0.704503 3.519180
vt 0.697198 3.487360
vt 0.735577 3.517070
vt 0.673370 3.552640
vt 0.666019 3.517370
vt 0.627736 3.407600
vt 0.721665 3.547690
vt 0.652106 3.547690
vt 0.517012 3.428680
vt 0.588848 3.427270
vt 0.606576 3.571610
vt 0.488562 3.143250
vt 0.573984 3.277400
vt 0.502144 3.278550
vt 0.399836 3.170440
vt 0.479597 3.167370
vt 0.482766 3.306140
vt 0.374285 2.819540
vt 0.461775 2.952760
vt 0.382004 2.955570
vt 0.312765 2.845320
vt 0.404662 2.840200
vt 0.398987 2.979360
vt 0.296531 2.588630
vt 0.393710 2.720470
vt 0.301805 2.725450
vt 0.258348 2.608420
vt 0.365154 2.600780
vt 0.354861 2.740750
vt 0.244504 2.514000
vt 0.356122 2.641980
vt 0.249307 2.649480
vt 0.249749 2.562560
vt 0.379438 2.684740
vt 0.256397 2.695820
vt 0.299441 2.639750
vt 0.450301 2.758050
vt 0.311259 2.774820
vt 0.424827 2.550850
vt 0.602775 2.670000
vt 0.450202 2.698730
vt 0.120858 1.717610
vt 0.122569 1.716160
vt 0.119529 1.714450
vt 0.114584 1.713110
vt 0.109327 1.712400
vt 0.103465 1.750530
vt 0.099660 1.751240
vt 0.097732 1.752580
vt 0.099579 1.754280
vt 0.108459 1.755720
vt 0.108027 2.145570
vt 0.119643 2.117460
vt 0.121337 2.116740
vt 0.118327 2.115900
vt 0.113432 2.115230
vt 0.108228 2.114880
vt 0.103053 2.142990
vt 0.099263 2.143350
vt 0.097343 2.144010
vt 0.099182 2.144850
vt 0.099182 2.579450
vt 0.108027 2.579190
vt 0.119324 2.598960
vt 0.121013 2.599230
vt 0.118011 2.599540
vt 0.113129 2.599790
vt 0.107939 2.599920
vt 0.103053 2.580140
vt 0.099263 2.580010
vt 0.097343 2.579770
vt 0.097471 2.830690
vt 0.099313 2.829800
vt 0.108170 2.829040
vt 0.120012 2.843280
vt 0.121711 2.844050
vt 0.118692 2.844940
vt 0.113782 2.845640
vt 0.108562 2.846020
vt 0.103189 2.831760
vt 0.099394 2.831390
vt 0.099967 2.057180
vt 0.098034 2.056360
vt 0.099886 2.055310
vt 0.108794 2.054420
vt 0.121128 2.067900
vt 0.122843 2.068800
vt 0.119796 2.069860
vt 0.114840 2.070700
vt 0.109571 2.071150
vt 0.103784 2.057620
vt -0.104749 -0.793481
vt -0.100897 -0.792367
vt -0.098945 -0.790268
vt -0.100815 -0.787595
vt -0.109805 -0.785318
vt -0.122567 -0.802402
vt -0.124303 -0.804698
vt -0.121219 -0.807392
vt -0.116205 -0.809508
vt -0.110873 -0.810631
vt -0.112375 0.071003
vt -0.105994 0.093585
vt -0.102096 0.094984
vt -0.100121 0.097621
vt -0.102013 0.100978
vt -0.111110 0.103838
vt -0.124227 0.081324
vt -0.125986 0.078445
vt -0.122861 0.075066
vt -0.117778 0.072412
vt -0.119462 0.647019
vt -0.113981 0.645643
vt -0.107429 0.674135
vt -0.103478 0.675503
vt -0.101477 0.678080
vt -0.103395 0.681359
vt -0.112615 0.684152
vt -0.126003 0.655721
vt -0.127787 0.652911
vt -0.124617 0.649612
vt -0.126387 1.058130
vt -0.121158 1.055840
vt -0.115600 1.054620
vt -0.108965 1.089120
vt -0.104958 1.090330
vt -0.102928 1.092610
vt -0.104873 1.095500
vt -0.114225 1.097970
vt -0.127792 1.063520
vt -0.129602 1.061040
vt -0.131324 1.373590
vt -0.128067 1.371200
vt -0.122769 1.369310
vt -0.117136 1.368310
vt -0.110513 1.408850
vt -0.106448 1.409850
vt -0.104389 1.411720
vt -0.106362 1.414110
vt -0.115847 1.416140
vt -0.129491 1.375630
vt -0.135944 1.355240
vt -0.137869 1.353410
vt -0.134449 1.351260
vt -0.128887 1.349560
vt -0.122974 1.348660
vt -0.111981 1.522970
vt -0.107863 1.523850
vt -0.105777 1.525510
vt -0.107776 1.527620
vt -0.117386 1.529420
vt -0.123236 1.371140
vt -0.142267 1.198010
vt -0.144282 1.196160
vt -0.140702 1.194000
vt -0.134882 1.192300
vt -0.128694 1.191390
vt -0.117562 1.364650
vt -0.113238 1.365540
vt -0.111048 1.367210
vt -0.113147 1.369330
vt -0.118410 1.228410
vt -0.128968 1.230200
vt -0.148332 1.059130
vt -0.150432 1.057310
vt -0.146700 1.055170
vt -0.140632 1.053490
vt -0.134180 1.052590
vt -0.123030 1.223780
vt -0.118505 1.224660
vt -0.116213 1.226310
vt -0.121167 1.104690
vt -0.123457 1.106730
vt -0.134466 1.108460
vt -0.154008 0.940426
vt -0.156188 0.938663
vt -0.152314 0.936591
vt -0.146013 0.934961
vt -0.139314 0.934096
vt -0.128275 1.102240
vt -0.123557 1.103090
vt -0.128285 1.003160
vt -0.125804 1.004680
vt -0.128181 1.006610
vt -0.139611 1.008250
vt -0.159166 0.844131
vt -0.161420 0.842466
vt -0.157415 0.840509
vt -0.150903 0.838970
vt -0.143980 0.838152
vt -0.133183 1.002360
vt -0.137644 0.926909
vt -0.132581 0.927645
vt -0.130017 0.929030
vt -0.132474 0.930791
vt -0.144287 0.932289
vt -0.163676 0.772864
vt -0.165994 0.771346
vt -0.161876 0.769562
vt -0.155180 0.768159
vt -0.148060 0.767413
vt -0.151438 0.724843
vt -0.141545 0.879022
vt -0.136339 0.879659
vt -0.133702 0.880859
vt -0.136228 0.882385
vt -0.148376 0.883683
vt -0.167410 0.729554
vt -0.169781 0.728242
vt -0.165569 0.726700
vt -0.158720 0.725487
vt -0.161400 0.713981
vt -0.153995 0.713472
vt -0.144773 0.861962
vt -0.139449 0.862467
vt -0.136751 0.863417
vt -0.139336 0.864625
vt -0.151761 0.865653
vt -0.170237 0.717193
vt -0.172648 0.716157
vt -0.168365 0.714939
vt -0.170136 0.736816
vt -0.163098 0.736185
vt -0.155616 0.735851
vt -0.147218 0.878595
vt -0.141804 0.878928
vt -0.139061 0.879555
vt -0.141689 0.880352
vt -0.154324 0.881030
vt -0.172029 0.738298
vt -0.174464 0.737616
vt -0.175099 0.793598
vt -0.170755 0.793310
vt -0.163692 0.793084
vt -0.156182 0.792964
vt -0.148767 0.930331
vt -0.143296 0.930451
vt -0.140524 0.930677
vt -0.143180 0.930963
vt -0.155948 0.931207
vt -0.172654 0.793842
vt -0.172654 1.110310
vt -0.175099 1.110790
vt -0.170755 1.111360
vt -0.163692 1.111810
vt -0.156182 1.112040
vt -0.148263 0.982954
vt -0.142810 0.982718
vt -0.140048 0.982274
vt -0.142695 0.981710
vt -0.155420 0.981230
vt -0.152446 1.229910
vt -0.171446 1.351250
vt -0.173873 1.352520
vt -0.169560 1.354010
vt -0.162546 1.355190
vt -0.155088 1.355820
vt -0.145427 1.234430
vt -0.140078 1.233810
vt -0.137368 1.232640
vt -0.139965 1.231160
vt -0.135941 1.389190
vt -0.148063 1.387480
vt -0.168165 1.504350
vt -0.170547 1.506090
vt -0.166316 1.508140
vt -0.159436 1.509750
vt -0.152121 1.510600
vt -0.141246 1.393620
vt -0.136051 1.392780
vt -0.133419 1.391200
vt -0.128624 1.464900
vt -0.131055 1.462660
vt -0.142742 1.460750
vt -0.163331 1.573850
vt -0.165644 1.575800
vt -0.161535 1.578090
vt -0.154852 1.579900
vt -0.147748 1.580860
vt -0.136169 1.467590
vt -0.131161 1.466660
vt -0.125840 1.478840
vt -0.123406 1.477030
vt -0.125738 1.474740
vt -0.136951 1.472790
vt -0.157461 1.580750
vt -0.159690 1.582760
vt -0.155729 1.585120
vt -0.149287 1.586980
vt -0.142438 1.587970
vt -0.130645 1.479800
vt -0.125121 1.453010
vt -0.120519 1.452070
vt -0.118188 1.450280
vt -0.120421 1.448010
vt -0.131160 1.446080
vt -0.151073 1.546130
vt -0.153212 1.548120
vt -0.149411 1.550460
vt -0.143230 1.552310
vt -0.136659 1.553280
vt -0.130880 1.491350
vt -0.120044 1.402710
vt -0.115629 1.401790
vt -0.113392 1.400050
vt -0.115536 1.397830
vt -0.125838 1.395950
vt -0.144684 1.484370
vt -0.146733 1.486320
vt -0.143093 1.488600
vt -0.137174 1.490400
vt -0.131608 1.404680
vt -0.125570 1.405600
vt -0.115863 1.332820
vt -0.111602 1.331920
vt -0.109443 1.330220
vt -0.111512 1.328060
vt -0.121456 1.326230
vt -0.138814 1.398840
vt -0.140780 1.400720
vt -0.137287 1.402940
vt -0.132506 1.266050
vt -0.127025 1.267720
vt -0.121197 1.268610
vt -0.113027 1.215870
vt -0.108870 1.215000
vt -0.106764 1.213360
vt -0.108782 1.211270
vt -0.118482 1.209480
vt -0.133980 1.262110
vt -0.135877 1.263920
vt -0.132550 0.850366
vt -0.129262 0.851997
vt -0.123915 0.853280
vt -0.118230 0.853961
vt -0.111981 0.823474
vt -0.107863 0.822796
vt -0.105777 0.821520
vt -0.107776 0.819898
vt -0.117386 0.818518
vt -0.130699 0.848979
vt 0.117110 0.357009
vt 0.115884 0.941595
vt 0.113108 1.281050
vt 0.108183 1.334140
vt 0.100512 1.267880
vt 0.089495 1.136510
vt 0.074534 0.948549
vt 0.055031 0.700828
vt 0.030385 0.387051
vt 0.027898 0.387497
vt 0.050525 0.701635
vt 0.068432 0.949644
vt 0.082168 1.137830
vt 0.092283 1.269370
vt 0.099326 1.335770
vt 0.103847 1.282810
vt 0.106396 0.943202
vt 0.107522 0.357531
vt 0.105528 0.358145
vt 0.104423 0.945089
vt 0.101921 1.284880
vt 0.097484 1.337680
vt 0.090571 1.271120
vt 0.080644 1.139370
vt 0.067163 0.950928
vt 0.049588 0.702583
vt 0.027380 0.388020
vt 0.027920 0.388432
vt 0.050566 0.703328
vt 0.068488 0.951938
vt 0.082235 1.140590
vt 0.092358 1.272490
vt 0.099407 1.339180
vt 0.103931 1.286510
vt 0.106482 0.946573
vt 0.107609 0.358629
vt 0.111718 0.358885
vt 0.110548 0.947361
vt 0.107900 1.287370
vt 0.103202 1.339980
vt 0.095884 1.273220
vt 0.085375 1.141230
vt 0.071103 0.952474
vt 0.052497 0.703724
vt 0.028986 0.388650
vt 0.054913 0.703967
vt 0.074376 0.953404
vt 0.089305 1.144290
vt 0.100298 1.283030
vt 0.107953 1.372970
vt 0.112867 1.405990
vt 0.115637 1.328670
vt 0.116861 0.974363
vt 0.117136 0.381586
vt 0.122769 0.381329
vt 0.122480 0.973570
vt 0.121197 1.327790
vt 0.118294 1.405160
vt 0.113144 1.372190
vt 0.105121 1.282300
vt 0.093599 1.143650
vt 0.077952 0.952869
vt 0.057554 0.703572
vt 0.060038 0.702827
vt 0.081316 0.951860
vt 0.097638 1.142430
vt 0.109657 1.280940
vt 0.118026 1.370710
vt 0.123399 1.403590
vt 0.126427 1.326130
vt 0.127766 0.972076
vt 0.128067 0.380846
vt 0.131324 0.380231
vt 0.131016 0.970177
vt 0.129643 1.324020
vt 0.126538 1.401600
vt 0.121029 1.368840
vt 0.112446 1.279200
vt 0.100122 1.140890
vt 0.083384 0.950576
vt 0.061565 0.701879
vt 0.060705 0.701072
vt 0.082220 0.949483
vt 0.098724 1.139580
vt 0.110876 1.277730
vt 0.119339 1.367240
vt 0.124771 1.399900
vt 0.127833 1.322220
vt 0.129186 0.968560
vt 0.129491 0.379708
vt -0.015095 0.454185
vt -0.027055 0.337858
vt -0.027786 0.336549
vt -0.027153 0.334942
vt -0.025840 0.333631
vt -0.024293 0.332917
vt -0.014367 0.449840
vt -0.013608 0.450468
vt -0.013233 0.451620
vt -0.013567 0.453034
vt -0.021533 1.605010
vt -0.023954 1.607160
vt -0.031380 1.545880
vt -0.032224 1.543680
vt -0.031490 1.540990
vt -0.029968 1.538790
vt -0.028178 1.537590
vt -0.022799 1.599070
vt -0.021597 1.600240
vt -0.021004 1.602380
vt -0.024396 3.033270
vt -0.025006 3.033250
vt -0.027805 3.033240
vt -0.031376 3.079590
vt -0.032216 3.079600
vt -0.031481 3.079620
vt -0.029962 3.079630
vt -0.028175 3.079640
vt -0.026467 3.033290
vt -0.025080 3.033280
vt -0.022764 2.700660
vt -0.022149 2.701330
vt -0.022698 2.702130
vt -0.025221 2.702780
vt -0.031382 2.765840
vt -0.032211 2.765220
vt -0.031474 2.764450
vt -0.029961 2.763810
vt -0.028185 2.763460
vt -0.024010 2.700290
vt -0.020228 2.367930
vt -0.019199 2.368530
vt -0.018690 2.369610
vt -0.019145 2.370920
vt -0.021242 2.371970
vt -0.028437 2.449400
vt -0.029169 2.448400
vt -0.028498 2.447160
vt -0.027138 2.446130
vt -0.025548 2.445560
vt -0.021491 2.354710
vt -0.016274 2.274130
vt -0.015478 2.274780
vt -0.015083 2.275970
vt -0.015437 2.277410
vt -0.017082 2.278560
vt -0.023906 2.358930
vt -0.024490 2.357830
vt -0.023922 2.356460
vt -0.022796 2.355330
vt -0.018238 2.481340
vt -0.017241 2.480800
vt -0.013301 2.409140
vt -0.012697 2.409710
vt -0.012395 2.410740
vt -0.012668 2.411980
vt -0.013951 2.412960
vt -0.019155 2.484470
vt -0.019577 2.483530
vt -0.019114 2.482340
vt -0.015453 2.779880
vt -0.014776 2.779700
vt -0.014027 2.779600
vt -0.012466 2.722980
vt -0.011960 2.723090
vt -0.011704 2.723280
vt -0.011940 2.723500
vt -0.013067 2.723660
vt -0.015552 2.780250
vt -0.015837 2.780090
vt -0.017527 2.139800
vt -0.017094 2.138810
vt -0.016383 2.138070
vt -0.015623 2.137680
vt -0.012485 2.196580
vt -0.012011 2.196960
vt -0.011772 2.197690
vt -0.012001 2.198650
vt -0.013094 2.199500
vt -0.017273 2.140660
vt -0.024120 0.970738
vt -0.024461 0.969286
vt -0.023854 0.967583
vt -0.022868 0.966246
vt -0.021819 0.965537
vt -0.014931 1.054880
vt -0.014382 1.055550
vt -0.014104 1.056810
vt -0.014370 1.058420
vt -0.015651 1.059790
vt -0.021865 0.500839
vt -0.033771 0.384428
vt -0.034249 0.383163
vt -0.033400 0.381680
vt -0.032018 0.380516
vt -0.030549 0.379899
vt -0.020858 0.496751
vt -0.020091 0.497308
vt -0.019703 0.498359
vt -0.020075 0.499698
vt -0.028108 0.157269
vt -0.030614 0.158322
vt -0.045391 0.021204
vt -0.046034 0.020000
vt -0.044892 0.018588
vt -0.043035 0.017479
vt -0.041060 0.016891
vt -0.029205 0.154552
vt -0.028131 0.155066
vt -0.027586 0.156035
vt -0.037078 -0.091676
vt -0.037779 -0.090397
vt -0.041148 -0.089307
vt -0.058150 -0.238693
vt -0.058973 -0.239951
vt -0.057510 -0.241426
vt -0.055131 -0.242584
vt -0.052602 -0.243198
vt -0.039253 -0.093212
vt -0.037809 -0.092680
vt -0.048438 -0.283475
vt -0.047501 -0.282357
vt -0.048398 -0.280933
vt -0.052714 -0.279720
vt -0.071220 -0.432368
vt -0.072228 -0.433753
vt -0.070437 -0.435379
vt -0.067523 -0.436655
vt -0.064425 -0.437333
vt -0.050287 -0.284068
vt -0.061590 -0.421286
vt -0.059325 -0.420601
vt -0.058177 -0.419308
vt -0.059277 -0.417662
vt -0.064562 -0.416260
vt -0.083772 -0.562996
vt -0.084958 -0.564563
vt -0.082851 -0.566403
vt -0.079423 -0.567847
vt -0.075779 -0.568614
vt -0.085916 -0.616601
vt -0.072444 -0.484357
vt -0.069780 -0.483547
vt -0.068430 -0.482021
vt -0.069724 -0.480078
vt -0.075941 -0.478421
vt -0.094977 -0.610141
vt -0.096322 -0.611943
vt -0.093933 -0.614059
vt -0.090047 -0.615720
vt -0.098608 -0.520068
vt -0.094084 -0.521104
vt -0.082135 -0.412663
vt -0.079114 -0.411684
vt -0.077584 -0.409839
vt -0.079050 -0.407490
vt -0.086099 -0.405488
vt -0.104007 -0.513513
vt -0.105480 -0.515631
vt -0.102863 -0.518116
vt -0.108822 -0.088526
vt -0.104321 -0.090882
vt -0.099535 -0.092132
vt -0.089943 -0.014600
vt -0.086636 -0.013385
vt -0.084960 -0.011096
vt -0.086565 -0.008181
vt -0.094285 -0.005696
vt -0.110033 -0.082970
vt -0.111591 -0.085526
vt -0.113814 1.353740
vt -0.110991 1.351390
vt -0.106400 1.349530
vt -0.101518 1.348540
vt -0.095154 1.396620
vt -0.091655 1.397600
vt -0.089882 1.399440
vt -0.091581 1.401780
vt -0.099747 1.403770
vt -0.112225 1.355750
vt -1.598210 0.215023
vt -1.590200 0.668589
vt -1.578810 1.174480
vt -1.565040 1.719040
vt -1.550080 2.121950
vt -1.535120 2.038930
vt -1.521350 1.523630
vt -1.510000 0.957928
vt -1.502310 0.500750
vt -1.499690 0.144058
vt 1.499690 0.144058
vt 2.014730 -0.143351
vt 2.035260 -0.797809
vt 1.667810 -1.540870
vt 1.156890 -1.918680
vt 0.775155 -1.879920
vt 0.541595 -1.449710
vt 0.408881 -0.596017
vt 0.339891 0.507733
vt 0.311712 1.422790
vt 0.308508 1.893570
vt 0.314314 2.180850
vt 0.322626 2.399820
vt 0.329844 2.535290
vt 0.333895 2.586750
vt 0.334325 2.563220
vt 0.332238 2.476970
vt 0.330048 2.339390
vt 0.330935 2.159170
vt 0.337881 1.942110
vt -0.337881 1.942110
vt -0.330935 2.159170
vt -0.330048 2.339390
vt -0.332238 2.476970
vt -0.334325 2.563220
vt -0.333895 2.586750
vt -0.329844 2.535290
vt -0.322626 2.399820
vt -0.314314 2.180850
vt -0.308508 1.893570
vt -0.311712 1.422790
vt -0.339891 0.507733
vt -0.408881 -0.596017
vt -0.541595 -1.449710
vt -0.775155 -1.879920
vt -1.156890 -1.918680
vt -1.667810 -1.540870
vt -2.035260 -0.797809
vt -2.014730 -0.143351
vt -2.032710 0.418930
vt -2.229260 0.211903
vt -2.323320 -0.157398
vt -2.227940 -0.629886
vt -1.920230 -0.969340
vt -1.534730 -0.891554
vt -1.031980 0.643921
vt -0.948771 1.455450
vt -0.938781 1.872870
vt -0.954748 2.116150
vt -0.976362 2.294320
vt -0.992721 2.397690
vt -0.947123 1.971900
vt -0.944242 1.736970
vt -1.421530 1.397360
vt -1.688240 2.060420
vt -1.671010 1.969100
vt -1.655380 1.824580
vt -1.670190 1.538010
vt -2.422950 0.168767
vt -2.472540 0.417504
vt -2.396110 0.659811
vt -2.238420 0.827433
vt -2.030560 0.920011
vt -2.025690 1.506820
vt -2.232340 1.468570
vt -2.404240 1.402130
vt -2.532690 1.307120
vt -2.602030 1.202680
vt -2.416910 1.438330
vt -2.350430 1.664680
vt -2.335900 1.755150
vt -2.334410 1.765450
vt -2.323840 1.746800
vt -2.294430 1.704320
vt -1.724480 1.049130
vt -1.895890 0.789345
vt -2.072090 0.892539
vt -2.228730 0.994871
vt -2.366610 1.096180
vt -2.485430 1.197710
vt -2.584600 1.300290
vt -2.663690 1.403550
vt -2.722740 1.506060
vt -2.762520 1.605540
vt -2.785080 1.699530
vt -2.795220 1.777400
vt -2.796580 1.824330
vt -2.779670 1.858470
vt -2.733850 1.896500
vt -2.653740 1.937980
vt -2.539990 1.975500
vt -2.395110 2.004290
vt -2.221140 2.023410
vt -2.019350 2.034120
vt -2.012230 2.117750
vt -2.207530 2.107900
vt -2.378720 2.089380
vt -2.525310 2.059820
vt -2.646110 2.018150
vt -2.738770 1.966460
vt -2.800580 1.910750
vt -2.831930 1.854780
vt -2.838580 1.789050
vt -2.829780 1.701450
vt -2.806720 1.601160
vt -2.766820 1.494960
vt -2.708960 1.385340
vt -2.632610 1.274350
vt -2.537530 1.163380
vt -2.423550 1.053090
vt -2.290420 0.943612
vt -2.137390 0.835580
vt -1.962910 0.732016
vt -1.904520 0.953575
vt -2.434120 1.713980
vt -2.449340 1.754610
vt -2.452920 1.764240
vt -2.466050 1.672470
vt -2.495790 1.522070
vt -2.358290 1.612920
vt -2.193110 1.672150
vt -2.005020 1.704990
vt -1.998380 1.144980
vt -2.178790 1.072940
vt -2.332820 0.939348
vt -2.442490 0.729809
vt -1.818220 1.493640
vt -1.802130 1.846400
vt -1.814100 1.956300
vt -1.818820 2.005160
vt -1.649830 1.386690
vt -1.129060 1.857030
vt -1.084140 2.218960
vt -1.075890 2.104980
vt -1.063260 1.908500
vt -1.075890 1.340500
vt -2.126550 -0.654101
vt -2.295530 -0.216307
vt -2.282860 0.189828
vt -2.162180 0.462533
vt -1.992790 0.609720
vt -1.981410 0.016935
vt -2.059960 -0.452896
vt -1.876060 -1.122630
vt -1.441580 -1.653760
vt -1.006110 -1.837570
vt -0.698231 -1.675090
vt -0.509858 -1.106370
vt -0.407153 -0.025846
vt -0.363925 1.261190
vt -0.359531 1.938020
vt -0.364110 2.172340
vt -0.367214 2.314270
vt -0.366240 2.399410
vt -0.361113 2.444360
vt -0.353530 2.456040
vt -0.346912 2.435700
vt -0.346860 2.380960
vt -0.362296 2.286950
vt -0.408156 2.146500
vt 0.408156 2.146500
vt 1.129060 1.857030
vt 1.649830 1.386690
vt 1.904520 0.953575
vt 1.962910 0.732016
vt 1.895890 0.789345
vt 1.724480 1.049130
vt 1.421530 1.397360
vt 0.944242 1.736970
vt 0.947123 1.971900
vt 0.992721 2.397690
vt 0.976362 2.294320
vt 0.954748 2.116150
vt 0.938781 1.872870
vt 0.948771 1.455450
vt 1.031980 0.643921
vt 1.534730 -0.891554
vt 1.920230 -0.969340
vt 2.227940 -0.629886
vt 2.323320 -0.157398
vt 2.229260 0.211903
vt 2.032710 0.418930
vt 1.502310 0.500750
vt 1.510000 0.957928
vt 2.030560 0.920011
vt 2.238420 0.827433
vt 2.396110 0.659811
vt 2.472540 0.417504
vt 2.422950 0.168767
vt 1.670190 1.538010
vt 1.655380 1.824580
vt 1.671010 1.969100
vt 1.688240 2.060420
vt 2.294430 1.704320
vt 2.323840 1.746800
vt 2.334410 1.765450
vt 2.335900 1.755150
vt 2.350430 1.664680
vt 2.416910 1.438330
vt 2.602030 1.202680
vt 2.532690 1.307120
vt 2.404240 1.402130
vt 2.232340 1.468570
vt 2.025690 1.506820
vt 1.521350 1.523630
vt 1.535120 2.038930
vt 2.019350 2.034120
vt 2.221140 2.023410
vt 2.395110 2.004290
vt 2.539990 1.975500
vt 2.653740 1.937980
vt 2.733850 1.896500
vt 2.779670 1.858470
vt 2.796580 1.824330
vt 2.795220 1.777400
vt 2.785080 1.699530
vt 2.762520 1.605540
vt 2.722740 1.506060
vt 2.663690 1.403550
vt 2.584600 1.300290
vt 2.485430 1.197710
vt 2.366610 1.096180
vt 2.228730 0.994871
vt 2.072090 0.892539
vt 2.137390 0.835580
vt 2.290420 0.943612
vt 2.423550 1.053090
vt 2.537530 1.163380
vt 2.632610 1.274350
vt 2.708960 1.385340
vt 2.766820 1.494960
vt 2.806720 1.601160
vt 2.829780 1.701450
vt 2.838580 1.789050
vt 2.831930 1.854780
vt 2.800580 1.910750
vt 2.738770 1.966460
vt 2.646110 2.018150
vt 2.525310 2.059820
vt 2.378720 2.089380
vt 2.207530 2.107900
vt 2.012230 2.117750
vt 1.550080 2.121950
vt 1.565040 1.719040
vt 2.005020 1.704990
vt 2.193110 1.672150
vt 2.358290 1.612920
vt 2.495790 1.522070
vt 2.466050 1.672470
vt 2.452920 1.764240
vt 2.449340 1.754610
vt 2.434120 1.713980
vt 1.818820 2.005160
vt 1.814100 1.956300
vt 1.802130 1.846400
vt 1.818220 1.493640
vt 2.442490 0.729809
vt 2.332820 0.939348
vt 2.178790 1.072940
vt 1.998380 1.144980
vt 1.578810 1.174480
vt 1.590200 0.668589
vt 1.992790 0.609720
vt 2.162180 0.462533
vt 2.282860 0.189828
vt 2.295530 -0.216307
vt 2.126550 -0.654101
vt 1.075890 1.340500
vt 1.063260 1.908500
vt 1.075890 2.104980
vt 1.084140 2.218960
vt 0.362296 2.286950
vt 0.346860 2.380960
vt 0.346912 2.435700
vt 0.353530 2.456040
vt 0.361113 2.444360
vt 0.366240 2.399410
vt 0.367214 2.314270
vt 0.364110 2.172340
vt 0.359531 1.938020
vt 0.363925 1.261190
vt 0.407153 -0.025846
vt 0.509858 -1.106370
vt 0.698231 -1.675090
vt 1.006110 -1.837570
vt 1.441580 -1.653760
vt 1.876060 -1.122630
vt 2.059960 -0.452896
vt 1.981410 0.016935
vt 1.598210 0.215023
vt 1.668030 0.971839
vt 0.743023 1.635830
vt -0.743023 1.635830
vt -0.471726 2.086850
vt -0.330679 2.195610
vt -0.262691 2.096990
vt -0.241333 2.016780
vt -0.825772 3.969170
vt -0.867069 4.049810
vt -0.907885 4.113760
vt -0.954788 4.005930
vt -1.048740 -1.131160
vt 0.622552 3.577080
vt 0.893101 3.797780
vt 0.924649 3.865860
vt 0.919859 3.879090
vt 0.887241 3.864650
vt -0.887241 3.864650
vt -0.919859 3.879090
vt -0.924649 3.865860
vt -0.893101 3.797780
vt -0.622552 3.577080
vt 1.048740 -1.131160
vt 0.954788 4.005930
vt 0.907885 4.113760
vt 0.867069 4.049810
vt 0.825772 3.969170
vt 0.241333 2.016780
vt 0.262691 2.096990
vt 0.330679 2.195610
vt 0.471726 2.086850
vt 1.156590 1.804530
vt 0.870991 2.042230
vt 2.164870 3.435880
vt 2.244710 3.489400
vt 2.319400 3.505530
vt 2.548800 -0.651725
vt -1.750900 3.154590
vt -2.279040 3.135420
vt -2.328970 3.208200
vt -2.315470 3.245360
vt -2.255120 3.269470
vt -2.859170 2.763620
vt -2.913870 2.710950
vt -2.934430 2.623880
vt -2.906870 2.475410
vt -2.489790 2.532080
vt 3.111820 -0.079712
vt 2.899560 2.947740
vt 2.832200 2.909690
vt 1.569830 1.476890
vt 1.787070 1.230300
vt 3.070910 2.615770
vt 3.121570 2.595520
vt 3.162640 2.356400
vt 3.198100 1.588580
vt 3.249020 0.358223
vt -2.868190 1.949280
vt -3.122260 2.046810
vt -3.130610 2.317070
vt -3.106830 2.464570
vt -3.060570 2.529950
vt -3.095840 2.442420
vt -3.136040 2.384200
vt -3.161020 2.181530
vt -3.165200 1.767250
vt -3.034000 1.450750
vt 3.218850 0.715309
vt 3.204020 1.475580
vt 3.182340 2.062000
vt 3.152080 2.353310
vt 3.112100 2.449550
vt 2.734400 2.075560
vt 2.842540 2.239510
vt 3.049110 2.369550
vt 3.083460 2.244520
vt 3.107560 1.988280
vt 3.119570 1.562310
vt 3.097680 1.060760
vt -3.080040 0.996271
vt -3.124170 1.555970
vt -3.110520 2.137930
vt -3.084300 2.387240
vt -3.047170 2.427440
vt -2.924220 2.491060
vt -2.963510 2.460750
vt -2.993450 2.164090
vt -3.016790 1.361550
vt -3.040790 0.505723
vt 2.887040 1.453750
vt 2.956220 1.784950
vt 2.951640 2.096290
vt 2.929550 2.298880
vt 2.895410 2.416510
vt 2.384970 1.848830
vt 2.371170 1.645500
vt 2.337680 1.390540
vt 1.948700 1.918100
vt 2.631180 2.548370
vt 2.656930 2.394220
vt 2.656510 2.166860
vt 2.523690 1.950250
vt -2.887520 -0.109712
vt -2.795780 1.140790
vt -2.759320 2.295920
vt -2.719780 2.654290
vt -2.077910 3.126310
vt -2.151770 3.071930
vt -2.206670 2.645880
vt -2.258970 0.851675
vt -2.419740 -1.032550
vt 1.843950 2.559550
vt 2.030010 2.746680
vt 2.030940 2.914380
vt 1.997400 3.026140
vt 1.944630 3.098400
vt 1.242780 2.388660
vt 1.509790 2.088060
vt 0.888251 2.092220
vt -0.888251 2.092220
vt -0.589268 2.517410
vt -0.453299 2.618980
vt -0.389029 2.547900
vt -0.367569 2.503170
vt -0.742395 3.553220
vt -0.771637 3.520060
vt -0.790902 3.448030
vt -0.790806 3.313910
vt -0.686965 3.052940
vt 1.055420 -2.123780
vt 0.939636 0.577213
vt 0.904356 3.174630
vt 0.867268 3.609470
vt 0.818742 3.637590
vt 2.077910 3.126310
vt 2.924220 2.491060
vt 3.047170 2.427440
vt 3.095840 2.442420
vt 3.060570 2.529950
vt 2.859170 2.763620
vt 2.255120 3.269470
vt 2.315470 3.245360
vt 2.328970 3.208200
vt 2.279040 3.135420
vt 1.750900 3.154590
vt -2.548800 -0.651725
vt -2.319400 3.505530
vt -2.244710 3.489400
vt -2.164870 3.435880
vt -0.870991 2.042230
vt -1.156590 1.804530
vt -1.569830 1.476890
vt -2.832200 2.909690
vt -2.899560 2.947740
vt -3.111820 -0.079712
vt 2.489790 2.532080
vt 2.906870 2.475410
vt 2.934430 2.623880
vt 2.913870 2.710950
vt 3.106830 2.464570
vt 3.130610 2.317070
vt 3.122260 2.046810
vt 2.868190 1.949280
vt -3.249020 0.358223
vt -3.198100 1.588580
vt -3.162640 2.356400
vt -3.121570 2.595520
vt -3.070910 2.615770
vt -1.787070 1.230300
vt -1.668030 0.971839
vt -3.112100 2.449550
vt -3.152080 2.353310
vt -3.182340 2.062000
vt -3.204020 1.475580
vt -3.218850 0.715309
vt 3.034000 1.450750
vt 3.165200 1.767250
vt 3.161020 2.181530
vt 3.136040 2.384200
vt 3.084300 2.387240
vt 3.110520 2.137930
vt 3.124170 1.555970
vt 3.080040 0.996271
vt -3.097680 1.060760
vt -3.119570 1.562310
vt -3.107560 1.988280
vt -3.083460 2.244520
vt -3.049110 2.369550
vt -2.842540 2.239510
vt -2.734400 2.075560
vt -2.337680 1.390540
vt -2.371170 1.645500
vt -2.384970 1.848830
vt -2.895410 2.416510
vt -2.929550 2.298880
vt -2.951640 2.096290
vt -2.956220 1.784950
vt -2.887040 1.453750
vt 3.040790 0.505723
vt 3.016790 1.361550
vt 2.993450 2.164090
vt 2.963510 2.460750
vt 2.719780 2.654290
vt 2.759320 2.295920
vt 2.795780 1.140790
vt 2.887520 -0.109712
vt -2.523690 1.950250
vt -2.656510 2.166860
vt -2.656930 2.394220
vt -2.631180 2.548370
vt -1.948700 1.918100
vt -1.509790 2.088060
vt -1.242780 2.388660
vt -1.944630 3.098400
vt -1.997400 3.026140
vt -2.030940 2.914380
vt -2.030010 2.746680
vt -1.843950 2.559550
vt 2.419740 -1.032550
vt 2.258970 0.851675
vt 2.206670 2.645880
vt 2.151770 3.071930
vt -0.818742 3.637590
vt -0.867268 3.609470
vt -0.904356 3.174630
vt -0.939636 0.577213
vt -1.055420 -2.123780
vt 0.686965 3.052940
vt 0.790806 3.313910
vt 0.790902 3.448030
vt 0.771637 3.520060
vt 0.742395 3.553220
vt 0.367569 2.503170
vt 0.389029 2.547900
vt 0.453299 2.618980
vt 0.589268 2.517410
s 1
f 1/1/1 3/2/2 4/3/3
f 2/4/4 6/5/5 3/6/2
f 5/7/6 8/8/7 6/9/5
f 7/10/8 10/11/9 8/12/7
f 9/13/10 12/14/11 10/15/9
f 13/16/12 12/17/11 11/18/13
f 15/19/14 14/20/15 13/21/12
f 17/22/16 16/23/17 15/24/14
f 19/25/18 18/26/19 17/27/16
f 21/28/20 20/29/21 19/30/18
f 21/1/20 24/2/22 22/3/23
f 23/4/24 26/5/25 24/6/22
f 25/7/26 28/8/27 26/9/25
f 27/10/28 30/11/29 28/12/27
f 29/13/30 32/14/31 30/15/29
f 33/16/32 32/17/31 31/18/33
f 35/19/34 34/20/35 33/21/32
f 37/22/36 36/23/37 35/24/34
f 39/25/38 38/26/39 37/27/36
f 41/28/40 40/29/41 39/30/38
f 41/1/40 44/2/42 42/3/43
f 43/4/44 46/5/45 44/6/42
f 45/7/46 48/8/47 46/9/45
f 47/10/48 50/11/49 48/12/47
f 49/13/50 52/14/51 50/15/49
f 53/16/52 52/17/51 51/18/53
f 55/19/54 54/20/55 53/21/52
f 57/22/56 56/23/57 55/24/54
f 59/25/58 58/26/59 57/27/56
f 61/28/60 60/29/61 59/30/58
f 61/1/60 64/2/62 62/3/63
f 63/4/64 66/5/65 64/6/62
f 65/7/66 68/8/67 66/9/65
f 67/10/68 70/11/69 68/12/67
f 69/13/70 72/14/71 70/15/69
f 73/16/72 72/17/71 71/18/73
f 75/19/74 74/20/75 73/21/72
f 77/22/76 76/23/77 75/24/74
f 79/25/78 78/26/79 77/27/76
f 1/28/1 80/29/80 79/30/78
f 4/31/3 82/32/81 80/33/80
f 4/34/3 83/35/82 81/36/83
f 3/37/2 84/38/84 83/39/82
f 6/40/5 85/41/85 84/42/84
f 8/43/7 86/44/86 85/45/85
f 10/46/9 87/47/87 86/48/86
f 14/49/15 87/50/87 12/51/11
f 16/52/17 88/53/88 14/54/15
f 18/55/19 89/56/89 16/57/17
f 20/58/21 90/59/90 18/60/19
f 22/31/23 91/32/91 20/33/21
f 22/34/23 93/35/92 92/36/93
f 24/37/22 94/38/94 93/39/92
f 26/40/25 95/41/95 94/42/94
f 28/43/27 96/44/96 95/45/95
f 30/46/29 97/47/97 96/48/96
f 34/49/35 97/50/97 32/51/31
f 36/52/37 98/53/98 34/54/35
f 38/55/39 99/56/99 36/57/37
f 40/58/41 100/59/100 38/60/39
f 42/31/43 101/32/101 40/33/41
f 42/34/43 103/35/102 102/36/103
f 44/37/42 104/38/104 103/39/102
f 46/40/45 105/41/105 104/42/104
f 48/43/47 106/44/106 105/45/105
f 50/46/49 107/47/107 106/48/106
f 54/49/55 107/50/107 52/51/51
f 56/52/57 108/53/108 54/54/55
f 58/55/59 109/56/109 56/57/57
f 60/58/61 110/59/110 58/60/59
f 62/31/63 111/32/111 60/33/61
f 62/34/63 113/35/112 112/36/113
f 64/37/62 114/38/114 113/39/112
f 66/40/65 115/41/115 114/42/114
f 68/43/67 116/44/116 115/45/115
f 70/46/69 117/47/117 116/48/116
f 74/49/75 117/50/117 72/51/71
f 76/52/77 118/53/118 74/54/75
f 78/55/79 119/56/119 76/57/77
f 80/58/80 120/59/120 78/60/79
f 120/61/120 121/62/121 122/63/122
f 82/64/81 123/65/123 121/66/121
f 83/67/82 123/68/123 81/69/83
f 84/70/84 124/71/124 83/72/82
f 85/73/85 125/74/125 84/75/84
f 86/76/86 126/77/126 85/78/85
f 87/79/87 127/80/127 86/81/86
f 87/82/87 129/83/128 128/84/129
f 88/85/88 130/86/130 129/87/128
f 89/88/89 131/89/131 130/90/130
f 90/61/90 132/62/132 131/63/131
f 91/64/91 133/65/133 132/66/132
f 93/67/92 133/68/133 92/69/93
f 94/70/94 134/71/134 93/72/92
f 95/73/95 135/74/135 94/75/94
f 96/76/96 136/77/136 95/78/95
f 97/79/97 137/80/137 96/81/96
f 97/82/97 139/83/138 138/84/139
f 98/85/98 140/86/140 139/87/138
f 99/88/99 141/89/141 140/90/140
f 100/61/100 142/62/142 141/63/141
f 101/64/101 143/65/143 142/66/142
f 103/67/102 143/68/143 102/69/103
f 104/70/104 144/71/144 103/72/102
f 105/73/105 145/74/145 104/75/104
f 106/76/106 146/77/146 105/78/105
f 107/79/107 147/80/147 106/81/106
f 107/82/107 149/83/148 148/84/149
f 108/85/108 150/86/150 149/87/148
f 109/88/109 151/89/151 150/90/150
f 110/61/110 152/62/152 151/63/151
f 111/64/111 153/65/153 152/66/152
f 113/67/112 153/68/153 112/69/113
f 114/70/114 154/71/154 113/72/112
f 115/73/115 155/74/155 114/75/114
f 116/76/116 156/77/156 115/78/115
f 117/79/117 157/80/157 116/81/116
f 117/82/117 159/83/158 158/84/159
f 118/85/118 160/86/160 159/87/158
f 119/88/119 122/89/122 160/90/160
f 160/91/160 161/92/161 162/93/162
f 122/94/122 163/95/163 161/96/161
f 121/97/121 164/98/164 163/99/163
f 124/100/124 164/101/164 123/102/123
f 125/103/125 165/104/165 124/105/124
f 126/106/126 166/107/166 125/108/125
f 127/109/127 167/110/167 126/111/126
f 128/112/129 168/113/168 127/114/127
f 128/115/129 170/116/169 169/117/170
f 129/118/128 171/119/171 170/120/169
f 130/91/130 172/92/172 171/93/171
f 131/94/131 173/95/173 172/96/172
f 132/97/132 174/98/174 173/99/173
f 134/100/134 174/101/174 133/102/133
f 135/103/135 175/104/175 134/105/134
f 136/106/136 176/107/176 135/108/135
f 137/109/137 177/110/177 136/111/136
f 138/112/139 178/113/178 137/114/137
f 138/115/139 180/116/179 179/117/180
f 139/118/138 181/119/181 180/120/179
f 140/91/140 182/92/182 181/93/181
f 141/94/141 183/95/183 182/96/182
f 142/97/142 184/98/184 183/99/183
f 144/100/144 184/101/184 143/102/143
f 145/103/145 185/104/185 144/105/144
f 146/106/146 186/107/186 145/108/145
f 147/109/147 187/110/187 146/111/146
f 148/112/149 188/113/188 147/114/147
f 148/115/149 190/116/189 189/117/190
f 149/118/148 191/119/191 190/120/189
f 150/91/150 192/92/192 191/93/191
f 151/94/151 193/95/193 192/96/192
f 152/97/152 194/98/194 193/99/193
f 154/100/154 194/101/194 153/102/153
f 155/103/155 195/104/195 154/105/154
f 156/106/156 196/107/196 155/108/155
f 157/109/157 197/110/197 156/111/156
f 158/112/159 198/113/198 157/114/157
f 158/115/159 200/116/199 199/117/200
f 159/118/158 162/119/162 200/120/199
f 200/121/199 201/122/201 202/123/202
f 162/124/162 203/125/203 201/126/201
f 161/127/161 204/128/204 203/129/203
f 163/130/163 205/131/205 204/132/204
f 165/133/165 205/134/205 164/135/164
f 166/136/166 206/137/206 165/138/165
f 167/139/167 207/140/207 166/141/166
f 168/142/168 208/143/208 167/144/167
f 169/145/170 209/146/209 168/147/168
f 169/148/170 211/149/210 210/150/211
f 170/121/169 212/122/212 211/123/210
f 171/124/171 213/125/213 212/126/212
f 172/127/172 214/128/214 213/129/213
f 173/130/173 215/131/215 214/132/214
f 175/133/175 215/134/215 174/135/174
f 176/136/176 216/137/216 175/138/175
f 177/139/177 217/140/217 176/141/176
f 178/142/178 218/143/218 177/144/177
f 179/145/180 219/146/219 178/147/178
f 179/148/180 221/149/220 220/150/221
f 180/121/179 222/122/222 221/123/220
f 181/124/181 223/125/223 222/126/222
f 182/127/182 224/128/224 223/129/223
f 183/130/183 225/131/225 224/132/224
f 185/133/185 225/134/225 184/135/184
f 186/136/186 226/137/226 185/138/185
f 187/139/187 227/140/227 186/141/186
f 188/142/188 228/143/228 187/144/187
f 189/145/190 229/146/229 188/147/188
f 189/148/190 231/149/230 230/150/231
f 190/121/189 232/122/232 231/123/230
f 191/124/191 233/125/233 232/126/232
f 192/127/192 234/128/234 233/129/233
f 193/130/193 235/131/235 234/132/234
f 195/133/195 235/134/235 194/135/194
f 196/136/196 236/137/236 195/138/195
f 197/139/197 237/140/237 196/141/196
f 198/142/198 238/143/238 197/144/197
f 199/145/200 239/146/239 198/147/198
f 199/148/200 202/149/202 240/150/240
f 240/151/240 241/152/241 242/153/242
f 202/154/202 243/155/243 241/156/241
f 201/157/201 244/158/244 243/159/243
f 203/160/203 245/161/245 244/162/244
f 204/163/204 246/164/246 245/165/245
f 206/166/206 246/167/246 205/168/205
f 207/169/207 247/170/247 206/171/206
f 208/172/208 248/173/248 207/174/207
f 209/175/209 249/176/249 208/177/208
f 210/178/211 250/179/250 209/180/209
f 210/151/211 252/152/251 251/153/252
f 211/154/210 253/155/253 252/156/251
f 212/157/212 254/158/254 253/159/253
f 213/160/213 255/161/255 254/162/254
f 214/163/214 256/164/256 255/165/255
f 216/166/216 256/167/256 215/168/215
f 217/169/217 257/170/257 216/171/216
f 218/172/218 258/173/258 217/174/217
f 219/175/219 259/176/259 218/177/218
f 220/178/221 260/179/260 219/180/219
f 220/151/221 262/152/261 261/153/262
f 221/154/220 263/155/263 262/156/261
f 222/157/222 264/158/264 263/159/263
f 223/160/223 265/161/265 264/162/264
f 224/163/224 266/164/266 265/165/265
f 226/166/226 266/167/266 225/168/225
f 227/169/227 267/170/267 226/171/226
f 228/172/228 268/173/268 227/174/227
f 229/175/229 269/176/269 228/177/228
f 230/178/231 270/179/270 229/180/229
f 230/151/231 272/152/271 271/153/272
f 231/154/230 273/155/273 272/156/271
f 232/157/232 274/158/274 273/159/273
f 233/160/233 275/161/275 274/162/274
f 234/163/234 276/164/276 275/165/275
f 236/166/236 276/167/276 235/168/235
f 237/169/237 277/170/277 236/171/236
f 238/172/238 278/173/278 237/174/237
f 239/175/239 279/176/279 238/177/238
f 240/178/240 280/179/280 239/180/239
f 242/181/242 282/182/281 280/183/280
f 242/184/242 283/185/282 281/186/283
f 241/187/241 284/188/284 283/189/282
f 243/190/243 285/191/285 284/192/284
f 244/193/244 286/194/286 285/195/285
f 245/196/245 287/197/287 286/198/286
f 247/199/247 287/200/287 246/201/246
f 248/202/248 288/203/288 247/204/247
f 249/205/249 289/206/289 248/207/248
f 250/208/250 290/209/290 249/210/249
f 251/181/252 291/182/291 250/183/250
f 251/184/252 293/185/292 292/186/293
f 252/187/251 294/188/294 293/189/292
f 253/190/253 295/191/295 294/192/294
f 254/193/254 296/194/296 295/195/295
f 255/196/255 297/197/297 296/198/296
f 257/199/257 297/200/297 256/201/256
f 258/202/258 298/203/298 257/204/257
f 259/205/259 299/206/299 258/207/258
f 260/208/260 300/209/300 259/210/259
f 261/181/262 301/182/301 260/183/260
f 261/184/262 303/185/302 302/186/303
f 262/187/261 304/188/304 303/189/302
f 263/190/263 305/191/305 304/192/304
f 264/193/264 306/194/306 305/195/305
f 265/196/265 307/197/307 306/198/306
f 267/199/267 307/200/307 266/201/266
f 268/202/268 308/203/308 267/204/267
f 269/205/269 309/206/309 268/207/268
f 270/208/270 310/209/310 269/210/269
f 271/181/272 311/182/311 270/183/270
f 271/184/272 313/185/312 312/186/313
f 272/187/271 314/188/314 313/189/312
f 273/190/273 315/191/315 314/192/314
f 274/193/274 316/194/316 315/195/315
f 275/196/275 317/197/317 316/198/316
f 277/199/277 317/200/317 276/201/276
f 278/202/278 318/203/318 277/204/277
f 279/205/279 319/206/319 278/207/278
f 280/208/280 320/209/320 279/210/279
f 282/211/281 322/212/321 320/213/320
f 281/214/283 321/215/322 282/216/281
f 281/217/283 324/218/323 323/219/324
f 283/220/282 325/221/325 324/222/323
f 284/223/284 326/224/326 325/225/325
f 285/226/285 327/227/327 326/228/326
f 286/229/286 328/230/328 327/231/327
f 288/232/288 328/233/328 287/234/287
f 289/235/289 329/236/329 288/237/288
f 290/238/290 330/239/330 289/240/289
f 291/211/291 331/212/331 290/213/290
f 292/214/293 332/215/332 291/216/291
f 292/217/293 334/218/333 333/219/334
f 293/220/292 335/221/335 334/222/333
f 294/223/294 336/224/336 335/225/335
f 295/226/295 337/227/337 336/228/336
f 296/229/296 338/230/338 337/231/337
f 298/232/298 338/233/338 297/234/297
f 299/235/299 339/236/339 298/237/298
f 300/238/300 340/239/340 299/240/299
f 301/211/301 341/212/341 300/213/300
f 302/214/303 342/215/342 301/216/301
f 302/217/303 344/218/343 343/219/344
f 303/220/302 345/221/345 344/222/343
f 304/223/304 346/224/346 345/225/345
f 305/226/305 347/227/347 346/228/346
f 306/229/306 348/230/348 347/231/347
f 308/232/308 348/233/348 307/234/307
f 309/235/309 349/236/349 308/237/308
f 310/238/310 350/239/350 309/240/309
f 311/211/311 351/212/351 310/213/310
f 312/214/313 352/215/352 311/216/311
f 312/217/313 354/218/353 353/219/354
f 313/220/312 355/221/355 354/222/353
f 314/223/314 356/224/356 355/225/355
f 315/226/315 357/227/357 356/228/356
f 316/229/316 358/230/358 357/231/357
f 318/232/318 358/233/358 317/234/317
f 319/235/319 359/236/359 318/237/318
f 320/238/320 360/239/360 319/240/319
f 322/241/321 362/242/361 360/243/360
f 321/244/322 361/245/362 322/246/321
f 323/247/324 363/248/363 321/249/322
f 323/250/324 365/251/364 364/252/365
f 324/253/323 366/254/366 365/255/364
f 325/256/325 367/257/367 366/258/366
f 326/259/326 368/260/368 367/261/367
f 327/262/327 369/263/369 368/264/368
f 329/265/329 369/266/369 328/267/328
f 330/268/330 370/269/370 329/270/329
f 331/241/331 371/242/371 330/243/330
f 332/244/332 372/245/372 331/246/331
f 333/247/334 373/248/373 332/249/332
f 333/250/334 375/251/374 374/252/375
f 334/253/333 376/254/376 375/255/374
f 335/256/335 377/257/377 376/258/376
f 336/259/336 378/260/378 377/261/377
f 337/262/337 379/263/379 378/264/378
f 339/265/339 379/266/379 338/267/338
f 340/268/340 380/269/380 339/270/339
f 341/241/341 381/242/381 340/243/340
f 342/244/342 382/245/382 341/246/341
f 343/247/344 383/248/383 342/249/342
f 343/250/344 385/251/384 384/252/385
f 344/253/343 386/254/386 385/255/384
f 345/256/345 387/257/387 386/258/386
f 346/259/346 388/260/388 387/261/387
f 347/262/347 389/263/389 388/264/388
f 349/265/349 389/266/389 348/267/348
f 350/268/350 390/269/390 349/270/349
f 351/241/351 391/242/391 350/243/350
f 352/244/352 392/245/392 351/246/351
f 353/247/354 393/248/393 352/249/352
f 353/250/354 395/251/394 394/252/395
f 354/253/353 396/254/396 395/255/394
f 355/256/355 397/257/397 396/258/396
f 356/259/356 398/260/398 397/261/397
f 357/262/357 399/263/399 398/264/398
f 359/265/359 399/266/399 358/267/358
f 360/268/360 400/269/400 359/270/359
f 362/271/361 402/272/401 400/273/400
f 361/274/362 401/275/402 362/276/361
f 363/277/363 403/278/403 361/279/362
f 364/280/365 404/281/404 363/282/363
f 364/283/365 406/284/405 405/285/406
f 365/286/364 407/287/407 406/288/405
f 366/289/366 408/290/408 407/291/407
f 367/292/367 409/293/409 408/294/408
f 368/295/368 410/296/410 409/297/409
f 370/298/370 410/299/410 369/300/369
f 371/271/371 411/272/411 370/273/370
f 372/274/372 412/275/412 371/276/371
f 373/277/373 413/278/413 372/279/372
f 374/280/375 414/281/414 373/282/373
f 374/283/375 416/284/415 415/285/416
f 375/286/374 417/287/417 416/288/415
f 376/289/376 418/290/418 417/291/417
f 377/292/377 419/293/419 418/294/418
f 378/295/378 420/296/420 419/297/419
f 380/298/380 420/299/420 379/300/379
f 381/271/381 421/272/421 380/273/380
f 382/274/382 422/275/422 381/276/381
f 383/277/383 423/278/423 382/279/382
f 384/280/385 424/281/424 383/282/383
f 384/283/385 426/284/425 425/285/426
f 385/286/384 427/287/427 426/288/425
f 386/289/386 428/290/428 427/291/427
f 387/292/387 429/293/429 428/294/428
f 388/295/388 430/296/430 429/297/429
f 390/298/390 430/299/430 389/300/389
f 391/271/391 431/272/431 390/273/390
f 392/274/392 432/275/432 391/276/391
f 393/277/393 433/278/433 392/279/392
f 394/280/395 434/281/434 393/282/393
f 394/283/395 436/284/435 435/285/436
f 395/286/394 437/287/437 436/288/435
f 396/289/396 438/290/438 437/291/437
f 397/292/397 439/293/439 438/294/438
f 398/295/398 440/296/440 439/297/439
f 400/298/400 440/299/440 399/300/399
f 402/301/401 442/302/441 440/303/440
f 401/304/402 441/305/442 402/306/401
f 403/307/403 443/308/443 401/309/402
f 404/310/404 444/311/444 403/312/403
f 405/313/406 445/314/445 404/315/404
f 405/316/406 447/317/446 446/318/447
f 406/319/405 448/320/448 447/321/446
f 407/322/407 449/323/449 448/324/448
f 408/325/408 450/326/450 449/327/449
f 409/328/409 451/329/451 450/330/450
f 411/301/411 451/302/451 410/303/410
f 412/304/412 452/305/452 411/306/411
f 413/307/413 453/308/453 412/309/412
f 414/310/414 454/311/454 413/312/413
f 415/313/416 455/314/455 414/315/414
f 415/316/416 457/317/456 456/318/457
f 416/319/415 458/320/458 457/321/456
f 417/322/417 459/323/459 458/324/458
f 418/325/418 460/326/460 459/327/459
f 419/328/419 461/329/461 460/330/460
f 421/301/421 461/302/461 420/303/420
f 422/304/422 462/305/462 421/306/421
f 423/307/423 463/308/463 422/309/422
f 424/310/424 464/311/464 423/312/423
f 425/313/426 465/314/465 424/315/424
f 425/316/426 467/317/466 466/318/467
f 426/319/425 468/320/468 467/321/466
f 427/322/427 469/323/469 468/324/468
f 428/325/428 470/326/470 469/327/469
f 429/328/429 471/329/471 470/330/470
f 431/301/431 471/302/471 430/303/430
f 432/304/432 472/305/472 431/306/431
f 433/307/433 473/308/473 432/309/432
f 434/310/434 474/311/474 433/312/433
f 435/313/436 475/314/475 434/315/434
f 435/316/436 477/317/476 476/318/477
f 436/319/435 478/320/478 477/321/476
f 437/322/437 479/323/479 478/324/478
f 438/325/438 480/326/480 479/327/479
f 439/328/439 442/329/441 480/330/480
f 480/331/480 481/332/481 482/333/482
f 441/334/442 481/335/481 442/336/441
f 443/337/443 483/338/483 441/339/442
f 444/340/444 484/341/484 443/342/443
f 445/343/445 485/344/485 444/345/444
f 446/346/447 486/347/486 445/348/445
f 446/349/447 488/350/487 487/351/488
f 447/352/446 489/353/489 488/354/487
f 448/355/448 490/356/490 489/357/489
f 449/358/449 491/359/491 490/360/490
f 450/331/450 492/332/492 491/333/491
f 452/334/452 492/335/492 451/336/451
f 453/337/453 493/338/493 452/339/452
f 454/340/454 494/341/494 453/342/453
f 455/343/455 495/344/495 454/345/454
f 456/346/457 496/347/496 455/348/455
f 456/349/457 498/350/497 497/351/498
f 457/352/456 499/353/499 498/354/497
f 458/355/458 500/356/500 499/357/499
f 459/358/459 501/359/501 500/360/500
f 460/331/460 502/332/502 501/333/501
f 462/334/462 502/335/502 461/336/461
f 463/337/463 503/338/503 462/339/462
f 464/340/464 504/341/504 463/342/463
f 465/343/465 505/344/505 464/345/464
f 466/346/467 506/347/506 465/348/465
f 466/349/467 508/350/507 507/351/508
f 467/352/466 509/353/509 508/354/507
f 468/355/468 510/356/510 509/357/509
f 469/358/469 511/359/511 510/360/510
f 470/331/470 512/332/512 511/333/511
f 472/334/472 512/335/512 471/336/471
f 473/337/473 513/338/513 472/339/472
f 474/340/474 514/341/514 473/342/473
f 475/343/475 515/344/515 474/345/474
f 476/346/477 516/347/516 475/348/475
f 476/349/477 518/350/517 517/351/518
f 477/352/476 519/353/519 518/354/517
f 478/355/478 520/356/520 519/357/519
f 479/358/479 482/359/482 520/360/520
f 520/361/520 521/362/521 522/363/522
f 482/364/482 523/365/523 521/366/521
f 483/367/483 523/368/523 481/369/481
f 484/370/484 524/371/524 483/372/483
f 485/373/485 525/374/525 484/375/484
f 486/376/486 526/377/526 485/378/485
f 487/379/488 527/380/527 486/381/486
f 487/382/488 529/383/528 528/384/529
f 488/385/487 530/386/530 529/387/528
f 489/388/489 531/389/531 530/390/530
f 490/361/490 532/362/532 531/363/531
f 491/364/491 533/365/533 532/366/532
f 493/367/493 533/368/533 492/369/492
f 494/370/494 534/371/534 493/372/493
f 495/373/495 535/374/535 494/375/494
f 496/376/496 536/377/536 495/378/495
f 497/379/498 537/380/537 496/381/496
f 497/382/498 539/383/538 538/384/539
f 498/385/497 540/386/540 539/387/538
f 499/388/499 541/389/541 540/390/540
f 500/361/500 542/362/542 541/363/541
f 501/364/501 543/365/543 542/366/542
f 503/367/503 543/368/543 502/369/502
f 504/370/504 544/371/544 503/372/503
f 505/373/505 545/374/545 504/375/504
f 506/376/506 546/377/546 505/378/505
f 507/379/508 547/380/547 506/381/506
f 507/382/508 549/383/548 548/384/549
f 508/385/507 550/386/550 549/387/548
f 509/388/509 551/389/551 550/390/550
f 510/361/510 552/362/552 551/363/551
f 511/364/511 553/365/553 552/366/552
f 513/367/513 553/368/553 512/369/512
f 514/370/514 554/371/554 513/372/513
f 515/373/515 555/374/555 514/375/514
f 516/376/516 556/377/556 515/378/515
f 517/379/518 557/380/557 516/381/516
f 517/382/518 559/383/558 558/384/559
f 518/385/517 560/386/560 559/387/558
f 519/388/519 522/389/522 560/390/560
f 560/391/560 561/392/561 562/393/562
f 522/394/522 563/395/563 561/396/561
f 521/397/521 564/398/564 563/399/563
f 524/400/524 564/401/564 523/402/523
f 525/403/525 565/404/565 524/405/524
f 526/406/526 566/407/566 525/408/525
f 527/409/527 567/410/567 526/411/526
f 528/412/529 568/413/568 527/414/527
f 528/415/529 570/416/569 569/417/570
f 529/418/528 571/419/571 570/420/569
f 530/391/530 572/392/572 571/393/571
f 531/394/531 573/395/573 572/396/572
f 532/397/532 574/398/574 573/399/573
f 534/400/534 574/401/574 533/402/533
f 535/403/535 575/404/575 534/405/534
f 536/406/536 576/407/576 535/408/535
f 537/409/537 577/410/577 536/411/536
f 538/412/539 578/413/578 537/414/537
f 538/415/539 580/416/579 579/417/580
f 539/418/538 581/419/581 580/420/579
f 540/391/540 582/392/582 581/393/581
f 541/394/541 583/395/583 582/396/582
f 542/397/542 584/398/584 583/399/583
f 544/400/544 584/401/584 543/402/543
f 545/403/545 585/404/585 544/405/544
f 546/406/546 586/407/586 545/408/545
f 547/409/547 587/410/587 546/411/546
f 548/412/549 588/413/588 547/414/547
f 548/415/549 590/416/589 589/417/590
f 549/418/548 591/419/591 590/420/589
f 550/391/550 592/392/592 591/393/591
f 551/394/551 593/395/593 592/396/592
f 552/397/552 594/398/594 593/399/593
f 554/400/554 594/401/594 553/402/553
f 555/403/555 595/404/595 554/405/554
f 556/406/556 596/407/596 555/408/555
f 557/409/557 597/410/597 556/411/556
f 558/412/559 598/413/598 557/414/557
f 558/415/559 600/416/599 599/417/600
f 559/418/558 562/419/562 600/420/599
f 600/421/599 601/422/601 602/423/602
f 562/424/562 603/425/603 601/426/601
f 561/427/561 604/428/604 603/429/603
f 563/430/563 605/431/605 604/432/604
f 565/433/565 605/434/605 564/435/564
f 566/436/566 606/437/606 565/438/565
f 567/439/567 607/440/607 566/441/566
f 568/442/568 608/443/608 567/444/567
f 569/445/570 609/446/609 568/447/568
f 569/448/570 611/449/610 610/450/611
f 570/421/569 612/422/612 611/423/610
f 571/424/571 613/425/613 612/426/612
f 572/427/572 614/428/614 613/429/613
f 573/430/573 615/431/615 614/432/614
f 575/433/575 615/434/615 574/435/574
f 576/436/576 616/437/616 575/438/575
f 577/439/577 617/440/617 576/441/576
f 578/442/578 618/443/618 577/444/577
f 579/445/580 619/446/619 578/447/578
f 579/448/580 621/449/620 620/450/621
f 580/421/579 622/422/622 621/423/620
f 581/424/581 623/425/623 622/426/622
f 582/427/582 624/428/624 623/429/623
f 583/430/583 625/431/625 624/432/624
f 585/433/585 625/434/625 584/435/584
f 586/436/586 626/437/626 585/438/585
f 587/439/587 627/440/627 586/441/586
f 588/442/588 628/443/628 587/444/587
f 589/445/590 629/446/629 588/447/588
f 589/448/590 631/449/630 630/450/631
f 590/421/589 632/422/632 631/423/630
f 591/424/591 633/425/633 632/426/632
f 592/427/592 634/428/634 633/429/633
f 593/430/593 635/431/635 634/432/634
f 595/433/595 635/434/635 594/435/594
f 596/436/596 636/437/636 595/438/595
f 597/439/597 637/440/637 596/441/596
f 598/442/598 638/443/638 597/444/597
f 599/445/600 639/446/639 598/447/598
f 599/448/600 602/449/602 640/450/640
f 640/451/640 641/452/641 642/453/642
f 602/454/602 643/455/643 641/456/641
f 601/457/601 644/458/644 643/459/643
f 603/460/603 645/461/645 644/462/644
f 604/463/604 646/464/646 645/465/645
f 606/466/606 646/467/646 605/468/605
f 607/469/607 647/470/647 606/471/606
f 608/472/608 648/473/648 607/474/607
f 609/475/609 649/476/649 608/477/608
f 610/478/611 650/479/650 609/480/609
f 610/451/611 652/452/651 651/453/652
f 611/454/610 653/455/653 652/456/651
f 612/457/612 654/458/654 653/459/653
f 613/460/613 655/461/655 654/462/654
f 614/463/614 656/464/656 655/465/655
f 616/466/616 656/467/656 615/468/615
f 617/469/617 657/470/657 616/471/616
f 618/472/618 658/473/658 617/474/617
f 619/475/619 659/476/659 618/477/618
f 620/478/621 660/479/660 619/480/619
f 620/451/621 662/452/661 661/453/662
f 621/454/620 663/455/663 662/456/661
f 622/457/622 664/458/664 663/459/663
f 623/460/623 665/461/665 664/462/664
f 624/463/624 666/464/666 665/465/665
f 626/466/626 666/467/666 625/468/625
f 627/469/627 667/470/667 626/471/626
f 628/472/628 668/473/668 627/474/627
f 629/475/629 669/476/669 628/477/628
f 630/478/631 670/479/670 629/480/629
f 630/451/631 672/452/671 671/453/672
f 631/454/630 673/455/673 672/456/671
f 632/457/632 674/458/674 673/459/673
f 633/460/633 675/461/675 674/462/674
f 634/463/634 676/464/676 675/465/675
f 636/466/636 676/467/676 635/468/635
f 637/469/637 677/470/677 636/471/636
f 638/472/638 678/473/678 637/474/637
f 639/475/639 679/476/679 638/477/638
f 640/478/640 680/479/680 639/480/639
f 642/481/642 682/482/681 680/483/680
f 642/484/642 683/485/682 681/486/683
f 641/487/641 684/488/684 683/489/682
f 643/490/643 685/491/685 684/492/684
f 644/493/644 686/494/686 685/495/685
f 645/496/645 687/497/687 686/498/686
f 647/499/647 687/500/687 646/501/646
f 648/502/648 688/503/688 647/504/647
f 649/505/649 689/506/689 648/507/648
f 650/508/650 690/509/690 649/510/649
f 651/481/652 691/482/691 650/483/650
f 651/484/652 693/485/692 692/486/693
f 652/487/651 694/488/694 693/489/692
f 653/490/653 695/491/695 694/492/694
f 654/493/654 696/494/696 695/495/695
f 655/496/655 697/497/697 696/498/696
f 657/499/657 697/500/697 656/501/656
f 658/502/658 698/503/698 657/504/657
f 659/505/659 699/506/699 658/507/658
f 660/508/660 700/509/700 659/510/659
f 661/481/662 701/482/701 660/483/660
f 661/484/662 703/485/702 702/486/703
f 662/487/661 704/488/704 703/489/702
f 663/490/663 705/491/705 704/492/704
f 664/493/664 706/494/706 705/495/705
f 665/496/665 707/497/707 706/498/706
f 667/499/667 707/500/707 666/501/666
f 668/502/668 708/503/708 667/504/667
f 669/505/669 709/506/709 668/507/668
f 670/508/670 710/509/710 669/510/669
f 671/481/672 711/482/711 670/483/670
f 671/484/672 713/485/712 712/486/713
f 672/487/671 714/488/714 713/489/712
f 673/490/673 715/491/715 714/492/714
f 674/493/674 716/494/716 715/495/715
f 675/496/675 717/497/717 716/498/716
f 677/499/677 717/500/717 676/501/676
f 678/502/678 718/503/718 677/504/677
f 679/505/679 719/506/719 678/507/678
f 680/508/680 720/509/720 679/510/679
f 682/511/681 722/512/721 720/513/720
f 681/514/683 721/515/722 682/516/681
f 681/517/683 724/518/723 723/519/724
f 683/520/682 725/521/725 724/522/723
f 684/523/684 726/524/726 725/525/725
f 685/526/685 727/527/727 726/528/726
f 686/529/686 728/530/728 727/531/727
f 688/532/688 728/533/728 687/534/687
f 689/535/689 729/536/729 688/537/688
f 690/538/690 730/539/730 689/540/689
f 691/511/691 731/512/731 690/513/690
f 692/514/693 732/515/732 691/516/691
f 692/517/693 734/518/733 733/519/734
f 693/520/692 735/521/735 734/522/733
f 694/523/694 736/524/736 735/525/735
f 695/526/695 737/527/737 736/528/736
f 696/529/696 738/530/738 737/531/737
f 698/532/698 738/533/738 697/534/697
f 699/535/699 739/536/739 698/537/698
f 700/538/700 740/539/740 699/540/699
f 701/511/701 741/512/741 700/513/700
f 702/514/703 742/515/742 701/516/701
f 702/517/703 744/518/743 743/519/744
f 703/520/702 745/521/745 744/522/743
f 704/523/704 746/524/746 745/525/745
f 705/526/705 747/527/747 746/528/746
f 706/529/706 748/530/748 747/531/747
f 708/532/708 748/533/748 707/534/707
f 709/535/709 749/536/749 708/537/708
f 710/538/710 750/539/750 709/540/709
f 711/511/711 751/512/751 710/513/710
f 712/514/713 752/515/752 711/516/711
f 712/517/713 754/518/753 753/519/754
f 713/520/712 755/521/755 754/522/753
f 714/523/714 756/524/756 755/525/755
f 715/526/715 757/527/757 756/528/756
f 716/529/716 758/530/758 757/531/757
f 718/532/718 758/533/758 717/534/717
f 719/535/719 759/536/759 718/537/718
f 720/538/720 760/539/760 719/540/719
f 722/541/721 762/542/761 760/543/760
f 721/544/722 761/545/762 722/546/721
f 723/547/724 763/548/763 721/549/722
f 723/550/724 765/551/764 764/552/765
f 724/553/723 766/554/766 765/555/764
f 725/556/725 767/557/767 766/558/766
f 726/559/726 768/560/768 767/561/767
f 727/562/727 769/563/769 768/564/768
f 729/565/729 769/566/769 728/567/728
f 730/568/730 770/569/770 729/570/729
f 731/541/731 771/542/771 730/543/730
f 732/544/732 772/545/772 731/546/731
f 733/547/734 773/548/773 732/549/732
f 733/550/734 775/551/774 774/552/775
f 734/553/733 776/554/776 775/555/774
f 735/556/735 777/557/777 776/558/776
f 736/559/736 778/560/778 777/561/777
f 737/562/737 779/563/779 778/564/778
f 739/565/739 779/566/779 738/567/738
f 740/568/740 780/569/780 739/570/739
f 741/541/741 781/542/781 740/543/740
f 742/544/742 782/545/782 741/546/741
f 743/547/744 783/548/783 742/549/742
f 743/550/744 785/551/784 784/552/785
f 744/553/743 786/554/786 785/555/784
f 745/556/745 787/557/787 786/558/786
f 746/559/746 788/560/788 787/561/787
f 747/562/747 789/563/789 788/564/788
f 749/565/749 789/566/789 748/567/748
f 750/568/750 790/569/790 749/570/749
f 751/541/751 791/542/791 750/543/750
f 752/544/752 792/545/792 751/546/751
f 753/547/754 793/548/793 752/549/752
f 753/550/754 795/551/794 794/552/795
f 754/553/753 796/554/796 795/555/794
f 755/556/755 797/557/797 796/558/796
f 756/559/756 798/560/798 797/561/797
f 757/562/757 799/563/799 798/564/798
f 759/565/759 799/566/799 758/567/758
f 760/568/760 800/569/800 759/570/759
f 762/571/761 802/572/801 800/573/800
f 761/574/762 801/575/802 762/576/761
f 763/577/763 803/578/803 761/579/762
f 764/580/765 804/581/804 763/582/763
f 764/583/765 806/584/805 805/585/806
f 765/586/764 807/587/807 806/588/805
f 766/589/766 808/590/808 807/591/807
f 767/592/767 809/593/809 808/594/808
f 768/595/768 810/596/810 809/597/809
f 770/598/770 810/599/810 769/600/769
f 771/571/771 811/572/811 770/573/770
f 772/574/772 812/575/812 771/576/771
f 773/577/773 813/578/813 772/579/772
f 774/580/775 814/581/814 773/582/773
f 774/583/775 816/584/815 815/585/816
f 775/586/774 817/587/817 816/588/815
f 776/589/776 818/590/818 817/591/817
f 777/592/777 819/593/819 818/594/818
f 778/595/778 820/596/820 819/597/819
f 780/598/780 820/599/820 779/600/779
f 781/571/781 821/572/821 780/573/780
f 782/574/782 822/575/822 781/576/781
f 783/577/783 823/578/823 782/579/782
f 784/580/785 824/581/824 783/582/783
f 784/583/785 826/584/825 825/585/826
f 785/586/784 827/587/827 826/588/825
f 786/589/786 828/590/828 827/591/827
f 787/592/787 829/593/829 828/594/828
f 788/595/788 830/596/830 829/597/829
f 790/598/790 830/599/830 789/600/789
f 791/571/791 831/572/831 790/573/790
f 792/574/792 832/575/832 791/576/791
f 793/577/793 833/578/833 792/579/792
f 794/580/795 834/581/834 793/582/793
f 794/583/795 836/584/835 835/585/836
f 795/586/794 837/587/837 836/588/835
f 796/589/796 838/590/838 837/591/837
f 797/592/797 839/593/839 838/594/838
f 798/595/798 840/596/840 839/597/839
f 800/598/800 840/599/840 799/600/799
f 840/601/840 841/602/841 842/603/842
f 802/604/801 843/605/843 841/606/841
f 801/607/802 844/608/844 843/609/843
f 803/610/803 845/611/845 844/612/844
f 804/613/804 846/614/846 845/615/845
f 806/616/805 846/617/846 805/618/806
f 807/619/807 847/620/847 806/621/805
f 808/622/808 848/623/848 807/624/807
f 809/625/809 849/626/849 808/627/808
f 810/628/810 850/629/850 809/630/809
f 810/601/810 852/602/851 851/603/852
f 811/604/811 853/605/853 852/606/851
f 812/607/812 854/608/854 853/609/853
f 813/610/813 855/611/855 854/612/854
f 814/613/814 856/614/856 855/615/855
f 816/616/815 856/617/856 815/618/816
f 817/619/817 857/620/857 816/621/815
f 818/622/818 858/623/858 817/624/817
f 819/625/819 859/626/859 818/627/818
f 820/628/820 860/629/860 819/630/819
f 820/601/820 862/602/861 861/603/862
f 821/604/821 863/605/863 862/606/861
f 822/607/822 864/608/864 863/609/863
f 823/610/823 865/611/865 864/612/864
f 824/613/824 866/614/866 865/615/865
f 826/616/825 866/617/866 825/618/826
f 827/619/827 867/620/867 826/621/825
f 828/622/828 868/623/868 827/624/827
f 829/625/829 869/626/869 828/627/828
f 830/628/830 870/629/870 829/630/829
f 830/601/830 872/602/871 871/603/872
f 831/604/831 873/605/873 872/606/871
f 832/607/832 874/608/874 873/609/873
f 833/610/833 875/611/875 874/612/874
f 834/613/834 876/614/876 875/615/875
f 836/616/835 876/617/876 835/618/836
f 837/619/837 877/620/877 836/621/835
f 838/622/838 878/623/878 837/624/837
f 839/625/839 879/626/879 838/627/838
f 840/628/840 880/629/880 839/630/839
f 842/631/842 882/632/881 880/633/880
f 842/634/842 883/635/882 881/636/883
f 841/637/841 884/638/884 883/639/882
f 843/640/843 885/641/885 884/642/884
f 844/643/844 886/644/886 885/645/885
f 845/646/845 887/647/887 886/648/886
f 847/649/847 887/650/887 846/651/846
f 848/652/848 888/653/888 847/654/847
f 849/655/849 889/656/889 848/657/848
f 850/658/850 890/659/890 849/660/849
f 851/631/852 891/632/891 850/633/850
f 851/634/852 893/635/892 892/636/893
f 852/637/851 894/638/894 893/639/892
f 853/640/853 895/641/895 894/642/894
f 854/643/854 896/644/896 895/645/895
f 855/646/855 897/647/897 896/648/896
f 857/649/857 897/650/897 856/651/856
f 858/652/858 898/653/898 857/654/857
f 859/655/859 899/656/899 858/657/858
f 860/658/860 900/659/900 859/660/859
f 861/631/862 901/632/901 860/633/860
f 861/634/862 903/635/902 902/636/903
f 862/637/861 904/638/904 903/639/902
f 863/640/863 905/641/905 904/642/904
f 864/643/864 906/644/906 905/645/905
f 865/646/865 907/647/907 906/648/906
f 867/649/867 907/650/907 866/651/866
f 868/652/868 908/653/908 867/654/867
f 869/655/869 909/656/909 868/657/868
f 870/658/870 910/659/910 869/660/869
f 871/631/872 911/632/911 870/633/870
f 871/634/872 913/635/912 912/636/913
f 872/637/871 914/638/914 913/639/912
f 873/640/873 915/641/915 914/642/914
f 874/643/874 916/644/916 915/645/915
f 875/646/875 917/647/917 916/648/916
f 877/649/877 917/650/917 876/651/876
f 878/652/878 918/653/918 877/654/877
f 879/655/879 919/656/919 878/657/878
f 880/658/880 920/659/920 879/660/879
f 882/661/881 922/662/921 920/663/920
f 881/664/883 921/665/922 882/666/881
f 881/667/883 924/668/923 923/669/924
f 883/670/882 925/671/925 924/672/923
f 884/673/884 926/674/926 925/675/925
f 885/676/885 927/677/927 926/678/926
f 886/679/886 928/680/928 927/681/927
f 888/682/888 928/683/928 887/684/887
f 889/685/889 929/686/929 888/687/888
f 890/688/890 930/689/930 889/690/889
f 891/661/891 931/662/931 890/663/890
f 892/664/893 932/665/932 891/666/891
f 892/667/893 934/668/933 933/669/934
f 893/670/892 935/671/935 934/672/933
f 894/673/894 936/674/936 935/675/935
f 895/676/895 937/677/937 936/678/936
f 896/679/896 938/680/938 937/681/937
f 898/682/898 938/683/938 897/684/897
f 899/685/899 939/686/939 898/687/898
f 900/688/900 940/689/940 899/690/899
f 901/661/901 941/662/941 900/663/900
f 902/664/903 942/665/942 901/666/901
f 902/667/903 944/668/943 943/669/944
f 903/670/902 945/671/945 944/672/943
f 904/673/904 946/674/946 945/675/945
f 905/676/905 947/677/947 946/678/946
f 906/679/906 948/680/948 947/681/947
f 908/682/908 948/683/948 907/684/907
f 909/685/909 949/686/949 908/687/908
f 910/688/910 950/689/950 909/690/909
f 911/661/911 951/662/951 910/663/910
f 912/664/913 952/665/952 911/666/911
f 912/667/913 954/668/953 953/669/954
f 913/670/912 955/671/955 954/672/953
f 914/673/914 956/674/956 955/675/955
f 915/676/915 957/677/957 956/678/956
f 916/679/916 958/680/958 957/681/957
f 918/682/918 958/683/958 917/684/917
f 919/685/919 959/686/959 918/687/918
f 920/688/920 960/689/960 919/690/919
f 922/691/921 962/692/961 960/693/960
f 921/694/922 961/695/962 922/696/921
f 923/697/924 963/698/963 921/699/922
f 923/700/924 965/701/964 964/702/965
f 924/703/923 966/704/966 965/705/964
f 925/706/925 967/707/967 966/708/966
f 926/709/926 968/710/968 967/711/967
f 927/712/927 969/713/969 968/714/968
f 929/715/929 969/716/969 928/717/928
f 930/718/930 970/719/970 929/720/929
f 931/691/931 971/692/971 930/693/930
f 932/694/932 972/695/972 931/696/931
f 933/697/934 973/698/973 932/699/932
f 933/700/934 975/701/974 974/702/975
f 934/703/933 976/704/976 975/705/974
f 935/706/935 977/707/977 976/708/976
f 936/709/936 978/710/978 977/711/977
f 937/712/937 979/713/979 978/714/978
f 939/715/939 979/716/979 938/717/938
f 940/718/940 980/719/980 939/720/939
f 941/691/941 981/692/981 940/693/940
f 942/694/942 982/695/982 941/696/941
f 943/697/944 983/698/983 942/699/942
f 943/700/944 985/701/984 984/702/985
f 944/703/943 986/704/986 985/705/984
f 945/706/945 987/707/987 986/708/986
f 946/709/946 988/710/988 987/711/987
f 947/712/947 989/713/989 988/714/988
f 949/715/949 989/716/989 948/717/948
f 950/718/950 990/719/990 949/720/949
f 951/691/951 991/692/991 950/693/950
f 952/694/952 992/695/992 951/696/951
f 953/697/954 993/698/993 952/699/952
f 953/700/954 995/701/994 994/702/995
f 954/703/953 996/704/996 995/705/994
f 955/706/955 997/707/997 996/708/996
f 956/709/956 998/710/998 997/711/997
f 957/712/957 999/713/999 998/714/998
f 959/715/959 999/716/999 958/717/958
f 960/718/960 1000/719/1000 959/720/959
f 962/721/961 1002/722/1001 1000/723/1000
f 961/724/962 1001/725/1002 962/726/961
f 963/727/963 1003/728/1003 961/729/962
f 964/730/965 1004/731/1004 963/732/963
f 964/733/965 1006/734/1005 1005/735/1006
f 965/736/964 1007/737/1007 1006/738/1005
f 966/739/966 1008/740/1008 1007/741/1007
f 967/742/967 1009/743/1009 1008/744/1008
f 968/745/968 1010/746/1010 1009/747/1009
f 970/748/970 1010/749/1010 969/750/969
f 971/721/971 1011/722/1011 970/723/970
f 972/724/972 1012/725/1012 971/726/971
f 973/727/973 1013/728/1013 972/729/972
f 974/730/975 1014/731/1014 973/732/973
f 974/733/975 1016/734/1015 1015/735/1016
f 975/736/974 1017/737/1017 1016/738/1015
f 976/739/976 1018/740/1018 1017/741/1017
f 977/742/977 1019/743/1019 1018/744/1018
f 978/745/978 1020/746/1020 1019/747/1019
f 980/748/980 1020/749/1020 979/750/979
f 981/721/981 1021/722/1021 980/723/980
f 982/724/982 1022/725/1022 981/726/981
f 983/727/983 1023/728/1023 982/729/982
f 984/730/985 1024/731/1024 983/732/983
f 984/733/985 1026/734/1025 1025/735/1026
f 985/736/984 1027/737/1027 1026/738/1025
f 986/739/986 1028/740/1028 1027/741/1027
f 987/742/987 1029/743/1029 1028/744/1028
f 988/745/988 1030/746/1030 1029/747/1029
f 990/748/990 1030/749/1030 989/750/989
f 991/721/991 1031/722/1031 990/723/990
f 992/724/992 1032/725/1032 991/726/991
f 993/727/993 1033/728/1033 992/729/992
f 994/730/995 1034/731/1034 993/732/993
f 994/733/995 1036/734/1035 1035/735/1036
f 995/736/994 1037/737/1037 1036/738/1035
f 996/739/996 1038/740/1038 1037/741/1037
f 997/742/997 1039/743/1039 1038/744/1038
f 998/745/998 1040/746/1040 1039/747/1039
f 1000/748/1000 1040/749/1040 999/750/999
f 1002/751/1001 1042/752/1041 1040/753/1040
f 1001/754/1002 1041/755/1042 1002/756/1001
f 1003/757/1003 1043/758/1043 1001/759/1002
f 1004/760/1004 1044/761/1044 1003/762/1003
f 1005/763/1006 1045/764/1045 1004/765/1004
f 1005/766/1006 1047/767/1046 1046/768/1047
f 1006/769/1005 1048/770/1048 1047/771/1046
f 1007/772/1007 1049/773/1049 1048/774/1048
f 1008/775/1008 1050/776/1050 1049/777/1049
f 1009/778/1009 1051/779/1051 1050/780/1050
f 1011/751/1011 1051/752/1051 1010/753/1010
f 1012/754/1012 1052/755/1052 1011/756/1011
f 1013/757/1013 1053/758/1053 1012/759/1012
f 1014/760/1014 1054/761/1054 1013/762/1013
f 1015/763/1016 1055/764/1055 1014/765/1014
f 1015/766/1016 1057/767/1056 1056/768/1057
f 1016/769/1015 1058/770/1058 1057/771/1056
f 1017/772/1017 1059/773/1059 1058/774/1058
f 1018/775/1018 1060/776/1060 1059/777/1059
f 1019/778/1019 1061/779/1061 1060/780/1060
f 1021/751/1021 1061/752/1061 1020/753/1020
f 1022/754/1022 1062/755/1062 1021/756/1021
f 1023/757/1023 1063/758/1063 1022/759/1022
f 1024/760/1024 1064/761/1064 1023/762/1023
f 1025/763/1026 1065/764/1065 1024/765/1024
f 1025/766/1026 1067/767/1066 1066/768/1067
f 1026/769/1025 1068/770/1068 1067/771/1066
f 1027/772/1027 1069/773/1069 1068/774/1068
f 1028/775/1028 1070/776/1070 1069/777/1069
f 1029/778/1029 1071/779/1071 1070/780/1070
f 1031/751/1031 1071/752/1071 1030/753/1030
f 1032/754/1032 1072/755/1072 1031/756/1031
f 1033/757/1033 1073/758/1073 1032/759/1032
f 1034/760/1034 1074/761/1074 1033/762/1033
f 1035/763/1036 1075/764/1075 1034/765/1034
f 1035/766/1036 1077/767/1076 1076/768/1077
f 1036/769/1035 1078/770/1078 1077/771/1076
f 1037/772/1037 1079/773/1079 1078/774/1078
f 1038/775/1038 1080/776/1080 1079/777/1079
f 1039/778/1039 1042/779/1041 1080/780/1080
f 1080/781/1080 1081/782/1081 1082/783/1082
f 1041/784/1042 1081/785/1081 1042/786/1041
f 1043/787/1043 1083/788/1083 1041/789/1042
f 1044/790/1044 1084/791/1084 1043/792/1043
f 1045/793/1045 1085/794/1085 1044/795/1044
f 1046/796/1047 1086/797/1086 1045/798/1045
f 1046/799/1047 1088/800/1087 1087/801/1088
f 1047/802/1046 1089/803/1089 1088/804/1087
f 1048/805/1048 1090/806/1090 1089/807/1089
f 1049/808/1049 1091/809/1091 1090/810/1090
f 1050/781/1050 1092/782/1092 1091/783/1091
f 1052/784/1052 1092/785/1092 1051/786/1051
f 1053/787/1053 1093/788/1093 1052/789/1052
f 1054/790/1054 1094/791/1094 1053/792/1053
f 1055/793/1055 1095/794/1095 1054/795/1054
f 1056/796/1057 1096/797/1096 1055/798/1055
f 1056/799/1057 1098/800/1097 1097/801/1098
f 1057/802/1056 1099/803/1099 1098/804/1097
f 1058/805/1058 1100/806/1100 1099/807/1099
f 1059/808/1059 1101/809/1101 1100/810/1100
f 1060/781/1060 1102/782/1102 1101/783/1101
f 1062/784/1062 1102/785/1102 1061/786/1061
f 1063/787/1063 1103/788/1103 1062/789/1062
f 1064/790/1064 1104/791/1104 1063/792/1063
f 1065/793/1065 1105/794/1105 1064/795/1064
f 1066/796/1067 1106/797/1106 1065/798/1065
f 1066/799/1067 1108/800/1107 1107/801/1108
f 1067/802/1066 1109/803/1109 1108/804/1107
f 1068/805/1068 1110/806/1110 1109/807/1109
f 1069/808/1069 1111/809/1111 1110/810/1110
f 1070/781/1070 1112/782/1112 1111/783/1111
f 1072/784/1072 1112/785/1112 1071/786/1071
f 1073/787/1073 1113/788/1113 1072/789/1072
f 1074/790/1074 1114/791/1114 1073/792/1073
f 1075/793/1075 1115/794/1115 1074/795/1074
f 1076/796/1077 1116/797/1116 1075/798/1075
f 1076/799/1077 1118/800/1117 1117/801/1118
f 1077/802/1076 1119/803/1119 1118/804/1117
f 1078/805/1078 1120/806/1120 1119/807/1119
f 1079/808/1079 1082/809/1082 1120/810/1120
f 1120/811/1120 1121/812/1121 1122/813/1122
f 1082/814/1082 1123/815/1123 1121/816/1121
f 1083/817/1083 1123/818/1123 1081/819/1081
f 1084/820/1084 1124/821/1124 1083/822/1083
f 1085/823/1085 1125/824/1125 1084/825/1084
f 1086/826/1086 1126/827/1126 1085/828/1085
f 1087/829/1088 1127/830/1127 1086/831/1086
f 1087/832/1088 1129/833/1128 1128/834/1129
f 1088/835/1087 1130/836/1130 1129/837/1128
f 1089/838/1089 1131/839/1131 1130/840/1130
f 1090/811/1090 1132/812/1132 1131/813/1131
f 1091/814/1091 1133/815/1133 1132/816/1132
f 1093/817/1093 1133/818/1133 1092/819/1092
f 1094/820/1094 1134/821/1134 1093/822/1093
f 1095/823/1095 1135/824/1135 1094/825/1094
f 1096/826/1096 1136/827/1136 1095/828/1095
f 1097/829/1098 1137/830/1137 1096/831/1096
f 1097/832/1098 1139/833/1138 1138/834/1139
f 1098/835/1097 1140/836/1140 1139/837/1138
f 1099/838/1099 1141/839/1141 1140/840/1140
f 1100/811/1100 1142/812/1142 1141/813/1141
f 1101/814/1101 1143/815/1143 1142/816/1142
f 1103/817/1103 1143/818/1143 1102/819/1102
f 1104/820/1104 1144/821/1144 1103/822/1103
f 1105/823/1105 1145/824/1145 1104/825/1104
f 1106/826/1106 1146/827/1146 1105/828/1105
f 1107/829/1108 1147/830/1147 1106/831/1106
f 1107/832/1108 1149/833/1148 1148/834/1149
f 1108/835/1107 1150/836/1150 1149/837/1148
f 1109/838/1109 1151/839/1151 1150/840/1150
f 1110/811/1110 1152/812/1152 1151/813/1151
f 1111/814/1111 1153/815/1153 1152/816/1152
f 1113/817/1113 1153/818/1153 1112/819/1112
f 1114/820/1114 1154/821/1154 1113/822/1113
f 1115/823/1115 1155/824/1155 1114/825/1114
f 1116/826/1116 1156/827/1156 1115/828/1115
f 1117/829/1118 1157/830/1157 1116/831/1116
f 1117/832/1118 1159/833/1158 1158/834/1159
f 1118/835/1117 1160/836/1160 1159/837/1158
f 1119/838/1119 1122/839/1122 1160/840/1160
f 1160/841/1160 1161/842/1161 1162/843/1162
f 1122/844/1122 1163/845/1163 1161/846/1161
f 1121/847/1121 1164/848/1164 1163/849/1163
f 1124/850/1124 1164/851/1164 1123/852/1123
f 1125/853/1125 1165/854/1165 1124/855/1124
f 1126/856/1126 1166/857/1166 1125/858/1125
f 1127/859/1127 1167/860/1167 1126/861/1126
f 1128/862/1129 1168/863/1168 1127/864/1127
f 1128/865/1129 1170/866/1169 1169/867/1170
f 1129/868/1128 1171/869/1171 1170/870/1169
f 1130/841/1130 1172/842/1172 1171/843/1171
f 1131/844/1131 1173/845/1173 1172/846/1172
f 1132/847/1132 1174/848/1174 1173/849/1173
f 1134/850/1134 1174/851/1174 1133/852/1133
f 1135/853/1135 1175/854/1175 1134/855/1134
f 1136/856/1136 1176/857/1176 1135/858/1135
f 1137/859/1137 1177/860/1177 1136/861/1136
f 1138/862/1139 1178/863/1178 1137/864/1137
f 1138/865/1139 1180/866/1179 1179/867/1180
f 1139/868/1138 1181/869/1181 1180/870/1179
f 1140/841/1140 1182/842/1182 1181/843/1181
f 1141/844/1141 1183/845/1183 1182/846/1182
f 1142/847/1142 1184/848/1184 1183/849/1183
f 1144/850/1144 1184/851/1184 1143/852/1143
f 1145/853/1145 1185/854/1185 1144/855/1144
f 1146/856/1146 1186/857/1186 1145/858/1145
f 1147/859/1147 1187/860/1187 1146/861/1146
f 1148/862/1149 1188/863/1188 1147/864/1147
f 1148/865/1149 1190/866/1189 1189/867/1190
f 1149/868/1148 1191/869/1191 1190/870/1189
f 1150/841/1150 1192/842/1192 1191/843/1191
f 1151/844/1151 1193/845/1193 1192/846/1192
f 1152/847/1152 1194/848/1194 1193/849/1193
f 1154/850/1154 1194/851/1194 1153/852/1153
f 1155/853/1155 1195/854/1195 1154/855/1154
f 1156/856/1156 1196/857/1196 1155/858/1155
f 1157/859/1157 1197/860/1197 1156/861/1156
f 1158/862/1159 1198/863/1198 1157/864/1157
f 1158/865/1159 1200/866/1199 1199/867/1200
f 1159/868/1158 1162/869/1162 1200/870/1199
f 1200/871/1199 1201/872/1201 1202/873/1202
f 1162/874/1162 1203/875/1203 1201/876/1201
f 1161/877/1161 1204/878/1204 1203/879/1203
f 1163/880/1163 1205/881/1205 1204/882/1204
f 1165/883/1165 1205/884/1205 1164/885/1164
f 1166/886/1166 1206/887/1206 1165/888/1165
f 1167/889/1167 1207/890/1207 1166/891/1166
f 1168/892/1168 1208/893/1208 1167/894/1167
f 1169/895/1170 1209/896/1209 1168/897/1168
f 1169/898/1170 1211/899/1210 1210/900/1211
f 1170/871/1169 1212/872/1212 1211/873/1210
f 1171/874/1171 1213/875/1213 1212/876/1212
f 1172/877/1172 1214/878/1214 1213/879/1213
f 1173/880/1173 1215/881/1215 1214/882/1214
f 1175/883/1175 1215/884/1215 1174/885/1174
f 1176/886/1176 1216/887/1216 1175/888/1175
f 1177/889/1177 1217/890/1217 1176/891/1176
f 1178/892/1178 1218/893/1218 1177/894/1177
f 1179/895/1180 1219/896/1219 1178/897/1178
f 1179/898/1180 1221/899/1220 1220/900/1221
f 1180/871/1179 1222/872/1222 1221/873/1220
f 1181/874/1181 1223/875/1223 1222/876/1222
f 1182/877/1182 1224/878/1224 1223/879/1223
f 1183/880/1183 1225/881/1225 1224/882/1224
f 1185/883/1185 1225/884/1225 1184/885/1184
f 1186/886/1186 1226/887/1226 1185/888/1185
f 1187/889/1187 1227/890/1227 1186/891/1186
f 1188/892/1188 1228/893/1228 1187/894/1187
f 1189/895/1190 1229/896/1229 1188/897/1188
f 1189/898/1190 1231/899/1230 1230/900/1231
f 1190/871/1189 1232/872/1232 1231/873/1230
f 1191/874/1191 1233/875/1233 1232/876/1232
f 1192/877/1192 1234/878/1234 1233/879/1233
f 1193/880/1193 1235/881/1235 1234/882/1234
f 1195/883/1195 1235/884/1235 1194/885/1194
f 1196/886/1196 1236/887/1236 1195/888/1195
f 1197/889/1197 1237/890/1237 1196/891/1196
f 1198/892/1198 1238/893/1238 1197/894/1197
f 1199/895/1200 1239/896/1239 1198/897/1198
f 1199/898/1200 1202/899/1202 1240/900/1240
f 1241/901/1241 1240/902/1240 1202/903/1202
f 1243/904/1242 1242/905/1243 1241/906/1241
f 1245/907/1244 1244/908/1245 1243/909/1242
f 1247/910/1246 1246/911/1247 1245/912/1244
f 1249/913/1248 1248/914/1249 1247/915/1246
f 1251/916/1250 1250/917/1251 1249/918/1248
f 1253/919/1252 1252/920/1253 1251/921/1250
f 1255/922/1254 1254/923/1255 1253/924/1252
f 1257/925/1256 1256/926/1257 1255/927/1254
f 1259/928/1258 1258/929/1259 1257/930/1256
f 1259/928/1258 1260/931/1260 1258/932/1259
f 1259/928/1258 1261/933/1261 1260/934/1260
f 1259/928/1258 1262/935/1262 1261/936/1261
f 1259/928/1258 1263/937/1263 1262/938/1262
f 1259/928/1258 1264/939/1264 1263/940/1263
f 1259/928/1258 1265/941/1265 1264/942/1264
f 1259/928/1258 1266/943/1266 1265/944/1265
f 1259/928/1258 1267/945/1267 1266/946/1266
f 1259/928/1258 1268/947/1268 1267/948/1267
f 1259/928/1258 1269/929/1269 1268/930/1268
f 1259/928/1258 1270/931/1270 1269/932/1269
f 1259/928/1258 1271/933/1271 1270/934/1270
f 1259/928/1258 1272/935/1272 1271/936/1271
f 1259/928/1258 1273/937/1273 1272/938/1272
f 1259/928/1258 1274/939/1274 1273/940/1273
f 1259/928/1258 1275/941/1275 1274/942/1274
f 1259/928/1258 1276/943/1276 1275/944/1275
f 1259/928/1258 1277/945/1277 1276/946/1276
f 1259/928/1258 1278/947/1278 1277/948/1277
f 1259/928/1258 1279/929/1279 1278/930/1278
f 1259/928/1258 1280/931/1280 1279/932/1279
f 1259/928/1258 1281/933/1281 1280/934/1280
f 1259/928/1258 1282/935/1282 1281/936/1281
f 1259/928/1258 1283/937/1283 1282/938/1282
f 1259/928/1258 1284/939/1284 1283/940/1283
f 1259/928/1258 1285/941/1285 1284/942/1284
f 1259/928/1258 1286/943/1286 1285/944/1285
f 1259/928/1258 1287/945/1287 1286/946/1286
f 1259/928/1258 1288/947/1288 1287/948/1287
f 1259/928/1258 1289/929/1289 1288/930/1288
f 1259/928/1258 1290/931/1290 1289/932/1289
f 1259/928/1258 1291/933/1291 1290/934/1290
f 1259/928/1258 1292/935/1292 1291/936/1291
f 1259/928/1258 1293/937/1293 1292/938/1292
f 1259/928/1258 1294/939/1294 1293/940/1293
f 1259/928/1258 1295/941/1295 1294/942/1294
f 1259/928/1258 1296/943/1296 1295/944/1295
f 1259/928/1258 1297/945/1297 1296/946/1296
f 1259/928/1258 1257/947/1256 1297/948/1297
f 1297/949/1297 1255/950/1254 1298/951/1298
f 1298/952/1298 1253/953/1252 1299/954/1299
f 1299/955/1299 1251/956/1250 1300/957/1300
f 1300/958/1300 1249/959/1248 1301/960/1301
f 1301/961/1301 1247/962/1246 1302/963/1302
f 1302/964/1302 1245/965/1244 1303/966/1303
f 1303/967/1303 1243/968/1242 1304/969/1304
f 1304/970/1304 1241/971/1241 1305/972/1305
f 1305/973/1305 1202/974/1202 1201/975/1201
f 1306/976/1306 1201/977/1201 1203/978/1203
f 1307/979/1307 1305/980/1305 1306/981/1306
f 1308/982/1308 1304/983/1304 1307/984/1307
f 1309/985/1309 1303/986/1303 1308/987/1308
f 1310/988/1310 1302/989/1302 1309/990/1309
f 1311/991/1311 1301/992/1301 1310/993/1310
f 1312/994/1312 1300/995/1300 1311/996/1311
f 1313/997/1313 1299/998/1299 1312/999/1312
f 1296/1000/1296 1298/1001/1298 1313/1002/1313
f 1295/1003/1295 1313/1004/1313 1314/1005/1314
f 1314/1006/1314 1312/1007/1312 1315/1008/1315
f 1315/1009/1315 1311/1010/1311 1316/1011/1316
f 1316/1012/1316 1310/1013/1310 1317/1014/1317
f 1317/1015/1317 1309/1016/1309 1318/1017/1318
f 1318/1018/1318 1308/1019/1308 1319/1020/1319
f 1319/1021/1319 1307/1022/1307 1320/1023/1320
f 1320/1024/1320 1306/1025/1306 1321/1026/1321
f 1321/1027/1321 1203/1028/1203 1204/1029/1204
f 1322/1030/1322 1204/1031/1204 1205/1032/1205
f 1323/1033/1323 1321/1034/1321 1322/1035/1322
f 1324/1036/1324 1320/1037/1320 1323/1038/1323
f 1325/1039/1325 1319/1040/1319 1324/1041/1324
f 1326/1042/1326 1318/1043/1318 1325/1044/1325
f 1327/1045/1327 1317/1046/1317 1326/1047/1326
f 1328/1048/1328 1316/1049/1316 1327/1050/1327
f 1329/1051/1329 1315/1052/1315 1328/1053/1328
f 1294/1054/1294 1314/1055/1314 1329/1056/1329
f 1294/1057/1294 1330/1058/1330 1293/1059/1293
f 1329/1060/1329 1331/1061/1331 1330/1062/1330
f 1328/1063/1328 1332/1064/1332 1331/1065/1331
f 1327/1066/1327 1333/1067/1333 1332/1068/1332
f 1326/1069/1326 1334/1070/1334 1333/1071/1333
f 1325/1072/1325 1335/1073/1335 1334/1074/1334
f 1324/1075/1324 1336/1076/1336 1335/1077/1335
f 1323/1078/1323 1337/1079/1337 1336/1080/1336
f 1322/1081/1322 1206/1082/1206 1337/1083/1337
f 1337/1084/1337 1207/1085/1207 1338/1086/1338
f 1336/1087/1336 1338/1088/1338 1339/1089/1339
f 1335/1090/1335 1339/1091/1339 1340/1092/1340
f 1334/1093/1334 1340/1094/1340 1341/1095/1341
f 1333/1096/1333 1341/1097/1341 1342/1098/1342
f 1332/1099/1332 1342/1100/1342 1343/1101/1343
f 1331/1102/1331 1343/1103/1343 1344/1104/1344
f 1330/1105/1330 1344/1106/1344 1345/1107/1345
f 1293/1108/1293 1345/1109/1345 1292/1110/1292
f 1292/1111/1292 1346/1112/1346 1291/1113/1291
f 1345/1114/1345 1347/1115/1347 1346/1116/1346
f 1344/1117/1344 1348/1118/1348 1347/1119/1347
f 1343/1120/1343 1349/1121/1349 1348/1122/1348
f 1342/1123/1342 1350/1124/1350 1349/1125/1349
f 1341/1126/1341 1351/1127/1351 1350/1128/1350
f 1340/1129/1340 1352/1130/1352 1351/1131/1351
f 1339/1132/1339 1353/1133/1353 1352/1134/1352
f 1338/1135/1338 1208/1136/1208 1353/1137/1353
f 1353/1138/1353 1209/1139/1209 1354/1140/1354
f 1352/1141/1352 1354/1142/1354 1355/1143/1355
f 1351/1144/1351 1355/1145/1355 1356/1146/1356
f 1350/1147/1350 1356/1148/1356 1357/1149/1357
f 1349/1150/1349 1357/1151/1357 1358/1152/1358
f 1348/1153/1348 1358/1154/1358 1359/1155/1359
f 1347/1156/1347 1359/1157/1359 1360/1158/1360
f 1346/1159/1346 1360/1160/1360 1361/1161/1361
f 1291/1162/1291 1361/1163/1361 1290/1164/1290
f 1290/1165/1290 1362/1166/1362 1289/1167/1289
f 1361/1168/1361 1363/1169/1363 1362/1170/1362
f 1360/1171/1360 1364/1172/1364 1363/1173/1363
f 1359/1174/1359 1365/1175/1365 1364/1176/1364
f 1358/1177/1358 1366/1178/1366 1365/1179/1365
f 1357/1180/1357 1367/1181/1367 1366/1182/1366
f 1356/1183/1356 1368/1184/1368 1367/1185/1367
f 1355/1186/1355 1369/1187/1369 1368/1188/1368
f 1354/1189/1354 1210/1190/1211 1369/1191/1369
f 1370/901/1370 1210/902/1211 1211/903/1210
f 1371/904/1371 1369/905/1369 1370/906/1370
f 1372/907/1372 1368/908/1368 1371/909/1371
f 1373/910/1373 1367/911/1367 1372/912/1372
f 1374/913/1374 1366/914/1366 1373/915/1373
f 1375/916/1375 1365/917/1365 1374/918/1374
f 1376/919/1376 1364/920/1364 1375/921/1375
f 1377/922/1377 1363/923/1363 1376/924/1376
f 1288/925/1288 1362/926/1362 1377/927/1377
f 1287/949/1287 1377/950/1377 1378/951/1378
f 1378/952/1378 1376/953/1376 1379/954/1379
f 1379/955/1379 1375/956/1375 1380/957/1380
f 1380/958/1380 1374/959/1374 1381/960/1381
f 1381/961/1381 1373/962/1373 1382/963/1382
f 1382/964/1382 1372/965/1372 1383/966/1383
f 1383/967/1383 1371/968/1371 1384/969/1384
f 1384/970/1384 1370/971/1370 1385/972/1385
f 1385/973/1385 1211/974/1210 1212/975/1212
f 1386/976/1386 1212/977/1212 1213/978/1213
f 1387/979/1387 1385/980/1385 1386/981/1386
f 1388/982/1388 1384/983/1384 1387/984/1387
f 1389/985/1389 1383/986/1383 1388/987/1388
f 1390/988/1390 1382/989/1382 1389/990/1389
f 1391/991/1391 1381/992/1381 1390/993/1390
f 1392/994/1392 1380/995/1380 1391/996/1391
f 1393/997/1393 1379/998/1379 1392/999/1392
f 1286/1000/1286 1378/1001/1378 1393/1002/1393
f 1285/1003/1285 1393/1004/1393 1394/1005/1394
f 1394/1006/1394 1392/1007/1392 1395/1008/1395
f 1395/1009/1395 1391/1010/1391 1396/1011/1396
f 1396/1012/1396 1390/1013/1390 1397/1014/1397
f 1397/1015/1397 1389/1016/1389 1398/1017/1398
f 1398/1018/1398 1388/1019/1388 1399/1020/1399
f 1399/1021/1399 1387/1022/1387 1400/1023/1400
f 1400/1024/1400 1386/1025/1386 1401/1026/1401
f 1401/1027/1401 1213/1028/1213 1214/1029/1214
f 1402/1030/1402 1214/1031/1214 1215/1032/1215
f 1403/1033/1403 1401/1034/1401 1402/1035/1402
f 1404/1036/1404 1400/1037/1400 1403/1038/1403
f 1405/1039/1405 1399/1040/1399 1404/1041/1404
f 1406/1042/1406 1398/1043/1398 1405/1044/1405
f 1407/1045/1407 1397/1046/1397 1406/1047/1406
f 1408/1048/1408 1396/1049/1396 1407/1050/1407
f 1409/1051/1409 1395/1052/1395 1408/1053/1408
f 1284/1054/1284 1394/1055/1394 1409/1056/1409
f 1284/1057/1284 1410/1058/1410 1283/1059/1283
f 1409/1060/1409 1411/1061/1411 1410/1062/1410
f 1408/1063/1408 1412/1064/1412 1411/1065/1411
f 1407/1066/1407 1413/1067/1413 1412/1068/1412
f 1406/1069/1406 1414/1070/1414 1413/1071/1413
f 1405/1072/1405 1415/1073/1415 1414/1074/1414
f 1404/1075/1404 1416/1076/1416 1415/1077/1415
f 1403/1078/1403 1417/1079/1417 1416/1080/1416
f 1402/1081/1402 1216/1082/1216 1417/1083/1417
f 1417/1084/1417 1217/1085/1217 1418/1086/1418
f 1416/1087/1416 1418/1088/1418 1419/1089/1419
f 1415/1090/1415 1419/1091/1419 1420/1092/1420
f 1414/1093/1414 1420/1094/1420 1421/1095/1421
f 1413/1096/1413 1421/1097/1421 1422/1098/1422
f 1412/1099/1412 1422/1100/1422 1423/1101/1423
f 1411/1102/1411 1423/1103/1423 1424/1104/1424
f 1410/1105/1410 1424/1106/1424 1425/1107/1425
f 1283/1108/1283 1425/1109/1425 1282/1110/1282
f 1282/1111/1282 1426/1112/1426 1281/1113/1281
f 1425/1114/1425 1427/1115/1427 1426/1116/1426
f 1424/1117/1424 1428/1118/1428 1427/1119/1427
f 1423/1120/1423 1429/1121/1429 1428/1122/1428
f 1422/1123/1422 1430/1124/1430 1429/1125/1429
f 1421/1126/1421 1431/1127/1431 1430/1128/1430
f 1420/1129/1420 1432/1130/1432 1431/1131/1431
f 1419/1132/1419 1433/1133/1433 1432/1134/1432
f 1418/1135/1418 1218/1136/1218 1433/1137/1433
f 1433/1138/1433 1219/1139/1219 1434/1140/1434
f 1432/1141/1432 1434/1142/1434 1435/1143/1435
f 1431/1144/1431 1435/1145/1435 1436/1146/1436
f 1430/1147/1430 1436/1148/1436 1437/1149/1437
f 1429/1150/1429 1437/1151/1437 1438/1152/1438
f 1428/1153/1428 1438/1154/1438 1439/1155/1439
f 1427/1156/1427 1439/1157/1439 1440/1158/1440
f 1426/1159/1426 1440/1160/1440 1441/1161/1441
f 1281/1162/1281 1441/1163/1441 1280/1164/1280
f 1280/1165/1280 1442/1166/1442 1279/1167/1279
f 1441/1168/1441 1443/1169/1443 1442/1170/1442
f 1440/1171/1440 1444/1172/1444 1443/1173/1443
f 1439/1174/1439 1445/1175/1445 1444/1176/1444
f 1438/1177/1438 1446/1178/1446 1445/1179/1445
f 1437/1180/1437 1447/1181/1447 1446/1182/1446
f 1436/1183/1436 1448/1184/1448 1447/1185/1447
f 1435/1186/1435 1449/1187/1449 1448/1188/1448
f 1434/1189/1434 1220/1190/1221 1449/1191/1449
f 1450/901/1450 1220/902/1221 1221/903/1220
f 1451/904/1451 1449/905/1449 1450/906/1450
f 1452/907/1452 1448/908/1448 1451/909/1451
f 1453/910/1453 1447/911/1447 1452/912/1452
f 1454/913/1454 1446/914/1446 1453/915/1453
f 1455/916/1455 1445/917/1445 1454/918/1454
f 1456/919/1456 1444/920/1444 1455/921/1455
f 1457/922/1457 1443/923/1443 1456/924/1456
f 1278/925/1278 1442/926/1442 1457/927/1457
f 1277/949/1277 1457/950/1457 1458/951/1458
f 1458/952/1458 1456/953/1456 1459/954/1459
f 1459/955/1459 1455/956/1455 1460/957/1460
f 1460/958/1460 1454/959/1454 1461/960/1461
f 1461/961/1461 1453/962/1453 1462/963/1462
f 1462/964/1462 1452/965/1452 1463/966/1463
f 1463/967/1463 1451/968/1451 1464/969/1464
f 1464/970/1464 1450/971/1450 1465/972/1465
f 1465/973/1465 1221/974/1220 1222/975/1222
f 1466/976/1466 1222/977/1222 1223/978/1223
f 1467/979/1467 1465/980/1465 1466/981/1466
f 1468/982/1468 1464/983/1464 1467/984/1467
f 1469/985/1469 1463/986/1463 1468/987/1468
f 1470/988/1470 1462/989/1462 1469/990/1469
f 1471/991/1471 1461/992/1461 1470/993/1470
f 1472/994/1472 1460/995/1460 1471/996/1471
f 1473/997/1473 1459/998/1459 1472/999/1472
f 1276/1000/1276 1458/1001/1458 1473/1002/1473
f 1275/1003/1275 1473/1004/1473 1474/1005/1474
f 1474/1006/1474 1472/1007/1472 1475/1008/1475
f 1475/1009/1475 1471/1010/1471 1476/1011/1476
f 1476/1012/1476 1470/1013/1470 1477/1014/1477
f 1477/1015/1477 1469/1016/1469 1478/1017/1478
f 1478/1018/1478 1468/1019/1468 1479/1020/1479
f 1479/1021/1479 1467/1022/1467 1480/1023/1480
f 1480/1024/1480 1466/1025/1466 1481/1026/1481
f 1481/1027/1481 1223/1028/1223 1224/1029/1224
f 1482/1030/1482 1224/1031/1224 1225/1032/1225
f 1483/1033/1483 1481/1034/1481 1482/1035/1482
f 1484/1036/1484 1480/1037/1480 1483/1038/1483
f 1485/1039/1485 1479/1040/1479 1484/1041/1484
f 1486/1042/1486 1478/1043/1478 1485/1044/1485
f 1487/1045/1487 1477/1046/1477 1486/1047/1486
f 1488/1048/1488 1476/1049/1476 1487/1050/1487
f 1489/1051/1489 1475/1052/1475 1488/1053/1488
f 1274/1054/1274 1474/1055/1474 1489/1056/1489
f 1274/1057/1274 1490/1058/1490 1273/1059/1273
f 1489/1060/1489 1491/1061/1491 1490/1062/1490
f 1488/1063/1488 1492/1064/1492 1491/1065/1491
f 1487/1066/1487 1493/1067/1493 1492/1068/1492
f 1486/1069/1486 1494/1070/1494 1493/1071/1493
f 1485/1072/1485 1495/1073/1495 1494/1074/1494
f 1484/1075/1484 1496/1076/1496 1495/1077/1495
f 1483/1078/1483 1497/1079/1497 1496/1080/1496
f 1482/1081/1482 1226/1082/1226 1497/1083/1497
f 1497/1084/1497 1227/1085/1227 1498/1086/1498
f 1496/1087/1496 1498/1088/1498 1499/1089/1499
f 1495/1090/1495 1499/1091/1499 1500/1092/1500
f 1494/1093/1494 1500/1094/1500 1501/1095/1501
f 1493/1096/1493 1501/1097/1501 1502/1098/1502
f 1492/1099/1492 1502/1100/1502 1503/1101/1503
f 1491/1102/1491 1503/1103/1503 1504/1104/1504
f 1490/1105/1490 1504/1106/1504 1505/1107/1505
f 1273/1108/1273 1505/1109/1505 1272/1110/1272
f 1272/1111/1272 1506/1112/1506 1271/1113/1271
f 1505/1114/1505 1507/1115/1507 1506/1116/1506
f 1504/1117/1504 1508/1118/1508 1507/1119/1507
f 1503/1120/1503 1509/1121/1509 1508/1122/1508
f 1502/1123/1502 1510/1124/1510 1509/1125/1509
f 1501/1126/1501 1511/1127/1511 1510/1128/1510
f 1500/1129/1500 1512/1130/1512 1511/1131/1511
f 1499/1132/1499 1513/1133/1513 1512/1134/1512
f 1498/1135/1498 1228/1136/1228 1513/1137/1513
f 1513/1138/1513 1229/1139/1229 1514/1140/1514
f 1512/1141/1512 1514/1142/1514 1515/1143/1515
f 1511/1144/1511 1515/1145/1515 1516/1146/1516
f 1510/1147/1510 1516/1148/1516 1517/1149/1517
f 1509/1150/1509 1517/1151/1517 1518/1152/1518
f 1508/1153/1508 1518/1154/1518 1519/1155/1519
f 1507/1156/1507 1519/1157/1519 1520/1158/1520
f 1506/1159/1506 1520/1160/1520 1521/1161/1521
f 1271/1162/1271 1521/1163/1521 1270/1164/1270
f 1270/1165/1270 1522/1166/1522 1269/1167/1269
f 1521/1168/1521 1523/1169/1523 1522/1170/1522
f 1520/1171/1520 1524/1172/1524 1523/1173/1523
f 1519/1174/1519 1525/1175/1525 1524/1176/1524
f 1518/1177/1518 1526/1178/1526 1525/1179/1525
f 1517/1180/1517 1527/1181/1527 1526/1182/1526
f 1516/1183/1516 1528/1184/1528 1527/1185/1527
f 1515/1186/1515 1529/1187/1529 1528/1188/1528
f 1514/1189/1514 1230/1190/1231 1529/1191/1529
f 1530/901/1530 1230/902/1231 1231/903/1230
f 1531/904/1531 1529/905/1529 1530/906/1530
f 1532/907/1532 1528/908/1528 1531/909/1531
f 1533/910/1533 1527/911/1527 1532/912/1532
f 1534/913/1534 1526/914/1526 1533/915/1533
f 1535/916/1535 1525/917/1525 1534/918/1534
f 1536/919/1536 1524/920/1524 1535/921/1535
f 1537/922/1537 1523/923/1523 1536/924/1536
f 1268/925/1268 1522/926/1522 1537/927/1537
f 1267/949/1267 1537/950/1537 1538/951/1538
f 1538/952/1538 1536/953/1536 1539/954/1539
f 1539/955/1539 1535/956/1535 1540/957/1540
f 1540/958/1540 1534/959/1534 1541/960/1541
f 1541/961/1541 1533/962/1533 1542/963/1542
f 1542/964/1542 1532/965/1532 1543/966/1543
f 1543/967/1543 1531/968/1531 1544/969/1544
f 1544/970/1544 1530/971/1530 1545/972/1545
f 1545/973/1545 1231/974/1230 1232/975/1232
f 1546/976/1546 1232/977/1232 1233/978/1233
f 1547/979/1547 1545/980/1545 1546/981/1546
f 1548/982/1548 1544/983/1544 1547/984/1547
f 1549/985/1549 1543/986/1543 1548/987/1548
f 1550/988/1550 1542/989/1542 1549/990/1549
f 1551/991/1551 1541/992/1541 1550/993/1550
f 1552/994/1552 1540/995/1540 1551/996/1551
f 1553/997/1553 1539/998/1539 1552/999/1552
f 1266/1000/1266 1538/1001/1538 1553/1002/1553
f 1265/1003/1265 1553/1004/1553 1554/1005/1554
f 1554/1006/1554 1552/1007/1552 1555/1008/1555
f 1555/1009/1555 1551/1010/1551 1556/1011/1556
f 1556/1012/1556 1550/1013/1550 1557/1014/1557
f 1557/1015/1557 1549/1016/1549 1558/1017/1558
f 1558/1018/1558 1548/1019/1548 1559/1020/1559
f 1559/1021/1559 1547/1022/1547 1560/1023/1560
f 1560/1024/1560 1546/1025/1546 1561/1026/1561
f 1561/1027/1561 1233/1028/1233 1234/1029/1234
f 1562/1030/1562 1234/1031/1234 1235/1032/1235
f 1563/1033/1563 1561/1034/1561 1562/1035/1562
f 1564/1036/1564 1560/1037/1560 1563/1038/1563
f 1565/1039/1565 1559/1040/1559 1564/1041/1564
f 1566/1042/1566 1558/1043/1558 1565/1044/1565
f 1567/1045/1567 1557/1046/1557 1566/1047/1566
f 1568/1048/1568 1556/1049/1556 1567/1050/1567
f 1569/1051/1569 1555/1052/1555 1568/1053/1568
f 1264/1054/1264 1554/1055/1554 1569/1056/1569
f 1264/1057/1264 1570/1058/1570 1263/1059/1263
f 1569/1060/1569 1571/1061/1571 1570/1062/1570
f 1568/1063/1568 1572/1064/1572 1571/1065/1571
f 1567/1066/1567 1573/1067/1573 1572/1068/1572
f 1566/1069/1566 1574/1070/1574 1573/1071/1573
f 1565/1072/1565 1575/1073/1575 1574/1074/1574
f 1564/1075/1564 1576/1076/1576 1575/1077/1575
f 1563/1078/1563 1577/1079/1577 1576/1080/1576
f 1562/1081/1562 1236/1082/1236 1577/1083/1577
f 1577/1084/1577 1237/1085/1237 1578/1086/1578
f 1576/1087/1576 1578/1088/1578 1579/1089/1579
f 1575/1090/1575 1579/1091/1579 1580/1092/1580
f 1574/1093/1574 1580/1094/1580 1581/1095/1581
f 1573/1096/1573 1581/1097/1581 1582/1098/1582
f 1572/1099/1572 1582/1100/1582 1583/1101/1583
f 1571/1102/1571 1583/1103/1583 1584/1104/1584
f 1570/1105/1570 1584/1106/1584 1585/1107/1585
f 1263/1108/1263 1585/1109/1585 1262/1110/1262
f 1262/1111/1262 1586/1112/1586 1261/1113/1261
f 1585/1114/1585 1587/1115/1587 1586/1116/1586
f 1584/1117/1584 1588/1118/1588 1587/1119/1587
f 1583/1120/1583 1589/1121/1589 1588/1122/1588
f 1582/1123/1582 1590/1124/1590 1589/1125/1589
f 1581/1126/1581 1591/1127/1591 1590/1128/1590
f 1580/1129/1580 1592/1130/1592 1591/1131/1591
f 1579/1132/1579 1593/1133/1593 1592/1134/1592
f 1578/1135/1578 1238/1136/1238 1593/1137/1593
f 1593/1138/1593 1239/1139/1239 1594/1140/1594
f 1592/1141/1592 1594/1142/1594 1595/1143/1595
f 1591/1144/1591 1595/1145/1595 1596/1146/1596
f 1590/1147/1590 1596/1148/1596 1597/1149/1597
f 1589/1150/1589 1597/1151/1597 1598/1152/1598
f 1588/1153/1588 1598/1154/1598 1599/1155/1599
f 1587/1156/1587 1599/1157/1599 1600/1158/1600
f 1586/1159/1586 1600/1160/1600 1601/1161/1601
f 1261/1162/1261 1601/1163/1601 1260/1164/1260
f 1260/1165/1260 1256/1166/1257 1258/1167/1259
f 1601/1168/1601 1254/1169/1255 1256/1170/1257
f 1600/1171/1600 1252/1172/1253 1254/1173/1255
f 1599/1174/1599 1250/1175/1251 1252/1176/1253
f 1598/1177/1598 1248/1178/1249 1250/1179/1251
f 1597/1180/1597 1246/1181/1247 1248/1182/1249
f 1596/1183/1596 1244/1184/1245 1246/1185/1247
f 1595/1186/1595 1242/1187/1243 1244/1188/1245
f 1594/1189/1594 1240/1190/1240 1242/1191/1243
f 1602/1192/1602 1603/1193/1603 1604/1194/1604
f 1602/1195/1602 1605/1196/1605 1603/1197/1603
f 1602/1198/1602 1606/1199/1606 1605/1200/1605
f 1602/1201/1602 1607/1202/1607 1606/1203/1606
f 1602/1204/1602 1608/1205/1608 1607/1206/1607
f 1602/1204/1602 1609/1207/1609 1608/1208/1608
f 1602/1201/1602 1610/1209/1610 1609/1210/1609
f 1602/1211/1602 1611/1212/1611 1610/1213/1610
f 1602/1214/1602 1612/1215/1612 1611/1216/1611
f 1602/1192/1602 1613/1217/1613 1612/1218/1612
f 1602/1219/1602 1614/1193/1614 1613/1194/1613
f 1602/1195/1602 1615/1196/1615 1614/1197/1614
f 1602/1220/1602 1616/1199/1616 1615/1200/1615
f 1602/1221/1602 1617/1202/1617 1616/1203/1616
f 1602/1204/1602 1618/1205/1618 1617/1206/1617
f 1602/1204/1602 1619/1207/1619 1618/1208/1618
f 1602/1201/1602 1620/1209/1620 1619/1210/1619
f 1602/1211/1602 1621/1212/1621 1620/1213/1620
f 1602/1222/1602 1622/1215/1622 1621/1216/1621
f 1602/1192/1602 1623/1217/1623 1622/1218/1622
f 1602/1223/1602 1624/1193/1624 1623/1194/1623
f 1602/1214/1602 1625/1196/1625 1624/1197/1624
f 1602/1211/1602 1626/1199/1626 1625/1200/1625
f 1602/1201/1602 1627/1202/1627 1626/1203/1626
f 1602/1204/1602 1628/1205/1628 1627/1206/1627
f 1602/1224/1602 1629/1207/1629 1628/1208/1628
f 1602/1201/1602 1630/1209/1630 1629/1210/1629
f 1602/1220/1602 1631/1212/1631 1630/1213/1630
f 1602/1195/1602 1632/1215/1632 1631/1216/1631
f 1602/1192/1602 1633/1217/1633 1632/1218/1632
f 1602/1192/1602 1634/1193/1634 1633/1194/1633
f 1602/1195/1602 1635/1196/1635 1634/1197/1634
f 1602/1211/1602 1636/1199/1636 1635/1200/1635
f 1602/1225/1602 1637/1202/1637 1636/1203/1636
f 1602/1224/1602 1638/1205/1638 1637/1206/1637
f 1602/1204/1602 1639/1207/1639 1638/1208/1638
f 1602/1221/1602 1640/1209/1640 1639/1210/1639
f 1602/1220/1602 1641/1212/1641 1640/1213/1640
f 1602/1214/1602 1642/1215/1642 1641/1216/1641
f 1602/1223/1602 1604/1217/1604 1642/1218/1642
f 1642/1226/1642 1643/1227/1643 1644/1228/1644
f 1603/1229/1603 1643/1230/1643 1604/1231/1604
f 1605/1232/1605 1645/1233/1645 1603/1234/1603
f 1606/1235/1606 1646/1236/1646 1605/1237/1605
f 1607/1238/1607 1647/1239/1647 1606/1240/1606
f 1608/1241/1608 1648/1242/1648 1607/1243/1607
f 1608/1244/1608 1650/1245/1649 1649/1246/1650
f 1609/1247/1609 1651/1248/1651 1650/1249/1649
f 1610/1250/1610 1652/1251/1652 1651/1252/1651
f 1611/1253/1611 1653/1254/1653 1652/1255/1652
f 1612/1226/1612 1654/1227/1654 1653/1228/1653
f 1614/1229/1614 1654/1230/1654 1613/1231/1613
f 1615/1232/1615 1655/1233/1655 1614/1234/1614
f 1616/1235/1616 1656/1236/1656 1615/1237/1615
f 1617/1238/1617 1657/1239/1657 1616/1240/1616
f 1618/1241/1618 1658/1242/1658 1617/1243/1617
f 1618/1244/1618 1660/1245/1659 1659/1246/1660
f 1619/1247/1619 1661/1248/1661 1660/1249/1659
f 1620/1250/1620 1662/1251/1662 1661/1252/1661
f 1621/1253/1621 1663/1254/1663 1662/1255/1662
f 1622/1226/1622 1664/1227/1664 1663/1228/1663
f 1624/1229/1624 1664/1230/1664 1623/1231/1623
f 1625/1232/1625 1665/1233/1665 1624/1234/1624
f 1626/1235/1626 1666/1236/1666 1625/1237/1625
f 1627/1238/1627 1667/1239/1667 1626/1240/1626
f 1628/1241/1628 1668/1242/1668 1627/1243/1627
f 1628/1244/1628 1670/1245/1669 1669/1246/1670
f 1629/1247/1629 1671/1248/1671 1670/1249/1669
f 1630/1250/1630 1672/1251/1672 1671/1252/1671
f 1631/1253/1631 1673/1254/1673 1672/1255/1672
f 1632/1226/1632 1674/1227/1674 1673/1228/1673
f 1634/1229/1634 1674/1230/1674 1633/1231/1633
f 1635/1232/1635 1675/1233/1675 1634/1234/1634
f 1636/1235/1636 1676/1236/1676 1635/1237/1635
f 1637/1238/1637 1677/1239/1677 1636/1240/1636
f 1638/1241/1638 1678/1242/1678 1637/1243/1637
f 1638/1244/1638 1680/1245/1679 1679/1246/1680
f 1639/1247/1639 1681/1248/1681 1680/1249/1679
f 1640/1250/1640 1682/1251/1682 1681/1252/1681
f 1641/1253/1641 1644/1254/1644 1682/1255/1682
f 1682/1256/1682 1683/1257/1683 1684/1258/1684
f 1644/1259/1644 1685/1260/1685 1683/1261/1683
f 1645/1262/1645 1685/1263/1685 1643/1264/1643
f 1646/1265/1646 1686/1266/1686 1645/1267/1645
f 1647/1268/1647 1687/1269/1687 1646/1270/1646
f 1648/1271/1648 1688/1272/1688 1647/1273/1647
f 1649/1274/1650 1689/1275/1689 1648/1276/1648
f 1649/1277/1650 1691/1278/1690 1690/1279/1691
f 1650/1280/1649 1692/1281/1692 1691/1282/1690
f 1651/1283/1651 1693/1284/1693 1692/1285/1692
f 1652/1256/1652 1694/1257/1694 1693/1258/1693
f 1653/1259/1653 1695/1260/1695 1694/1261/1694
f 1655/1262/1655 1695/1263/1695 1654/1264/1654
f 1656/1265/1656 1696/1266/1696 1655/1267/1655
f 1657/1268/1657 1697/1269/1697 1656/1270/1656
f 1658/1271/1658 1698/1272/1698 1657/1273/1657
f 1659/1274/1660 1699/1275/1699 1658/1276/1658
f 1659/1277/1660 1701/1278/1700 1700/1279/1701
f 1660/1280/1659 1702/1281/1702 1701/1282/1700
f 1661/1283/1661 1703/1284/1703 1702/1285/1702
f 1662/1256/1662 1704/1257/1704 1703/1258/1703
f 1663/1259/1663 1705/1260/1705 1704/1261/1704
f 1665/1262/1665 1705/1263/1705 1664/1264/1664
f 1666/1265/1666 1706/1266/1706 1665/1267/1665
f 1667/1268/1667 1707/1269/1707 1666/1270/1666
f 1668/1271/1668 1708/1272/1708 1667/1273/1667
f 1669/1274/1670 1709/1275/1709 1668/1276/1668
f 1669/1277/1670 1711/1278/1710 1710/1279/1711
f 1670/1280/1669 1712/1281/1712 1711/1282/1710
f 1671/1283/1671 1713/1284/1713 1712/1285/1712
f 1672/1256/1672 1714/1257/1714 1713/1258/1713
f 1673/1259/1673 1715/1260/1715 1714/1261/1714
f 1675/1262/1675 1715/1263/1715 1674/1264/1674
f 1676/1265/1676 1716/1266/1716 1675/1267/1675
f 1677/1268/1677 1717/1269/1717 1676/1270/1676
f 1678/1271/1678 1718/1272/1718 1677/1273/1677
f 1679/1274/1680 1719/1275/1719 1678/1276/1678
f 1679/1277/1680 1721/1278/1720 1720/1279/1721
f 1680/1280/1679 1722/1281/1722 1721/1282/1720
f 1681/1283/1681 1684/1284/1684 1722/1285/1722
f 1684/1286/1684 1724/1287/1723 1722/1288/1722
f 1683/1289/1683 1723/1290/1724 1684/1291/1684
f 1685/1292/1685 1725/1293/1725 1683/1294/1683
f 1685/1295/1685 1727/1296/1726 1726/1297/1727
f 1686/1298/1686 1728/1299/1728 1727/1300/1726
f 1687/1301/1687 1729/1302/1729 1728/1303/1728
f 1688/1304/1688 1730/1305/1730 1729/1306/1729
f 1689/1307/1689 1731/1308/1731 1730/1309/1730
f 1691/1310/1690 1731/1311/1731 1690/1312/1691
f 1692/1313/1692 1732/1314/1732 1691/1315/1690
f 1693/1286/1693 1733/1287/1733 1692/1288/1692
f 1694/1289/1694 1734/1290/1734 1693/1291/1693
f 1695/1292/1695 1735/1293/1735 1694/1294/1694
f 1695/1295/1695 1737/1296/1736 1736/1297/1737
f 1696/1298/1696 1738/1299/1738 1737/1300/1736
f 1697/1301/1697 1739/1302/1739 1738/1303/1738
f 1698/1304/1698 1740/1305/1740 1739/1306/1739
f 1699/1307/1699 1741/1308/1741 1740/1309/1740
f 1701/1310/1700 1741/1311/1741 1700/1312/1701
f 1702/1313/1702 1742/1314/1742 1701/1315/1700
f 1703/1286/1703 1743/1287/1743 1702/1288/1702
f 1704/1289/1704 1744/1290/1744 1703/1291/1703
f 1705/1292/1705 1745/1293/1745 1704/1294/1704
f 1705/1295/1705 1747/1296/1746 1746/1297/1747
f 1706/1298/1706 1748/1299/1748 1747/1300/1746
f 1707/1301/1707 1749/1302/1749 1748/1303/1748
f 1708/1304/1708 1750/1305/1750 1749/1306/1749
f 1709/1307/1709 1751/1308/1751 1750/1309/1750
f 1711/1310/1710 1751/1311/1751 1710/1312/1711
f 1712/1313/1712 1752/1314/1752 1711/1315/1710
f 1713/1286/1713 1753/1287/1753 1712/1288/1712
f 1714/1289/1714 1754/1290/1754 1713/1291/1713
f 1715/1292/1715 1755/1293/1755 1714/1294/1714
f 1715/1295/1715 1757/1296/1756 1756/1297/1757
f 1716/1298/1716 1758/1299/1758 1757/1300/1756
f 1717/1301/1717 1759/1302/1759 1758/1303/1758
f 1718/1304/1718 1760/1305/1760 1759/1306/1759
f 1719/1307/1719 1761/1308/1761 1760/1309/1760
f 1721/1310/1720 1761/1311/1761 1720/1312/1721
f 1722/1313/1722 1762/1314/1762 1721/1315/1720
f 1724/1316/1723 1764/1317/1763 1762/1318/1762
f 1723/1319/1724 1763/1320/1764 1724/1321/1723
f 1725/1322/1725 1765/1323/1765 1723/1324/1724
f 1726/1325/1727 1766/1326/1766 1725/1327/1725
f 1726/1328/1727 1768/1329/1767 1767/1330/1768
f 1727/1331/1726 1769/1332/1769 1768/1333/1767
f 1728/1334/1728 1770/1335/1770 1769/1336/1769
f 1729/1337/1729 1771/1338/1771 1770/1339/1770
f 1730/1340/1730 1772/1341/1772 1771/1342/1771
f 1732/1343/1732 1772/1344/1772 1731/1345/1731
f 1733/1316/1733 1773/1317/1773 1732/1318/1732
f 1734/1319/1734 1774/1320/1774 1733/1321/1733
f 1735/1322/1735 1775/1323/1775 1734/1324/1734
f 1736/1325/1737 1776/1326/1776 1735/1327/1735
f 1736/1328/1737 1778/1329/1777 1777/1330/1778
f 1737/1331/1736 1779/1332/1779 1778/1333/1777
f 1738/1334/1738 1780/1335/1780 1779/1336/1779
f 1739/1337/1739 1781/1338/1781 1780/1339/1780
f 1740/1340/1740 1782/1341/1782 1781/1342/1781
f 1742/1343/1742 1782/1344/1782 1741/1345/1741
f 1743/1316/1743 1783/1317/1783 1742/1318/1742
f 1744/1319/1744 1784/1320/1784 1743/1321/1743
f 1745/1322/1745 1785/1323/1785 1744/1324/1744
f 1746/1325/1747 1786/1326/1786 1745/1327/1745
f 1746/1328/1747 1788/1329/1787 1787/1330/1788
f 1747/1331/1746 1789/1332/1789 1788/1333/1787
f 1748/1334/1748 1790/1335/1790 1789/1336/1789
f 1749/1337/1749 1791/1338/1791 1790/1339/1790
f 1750/1340/1750 1792/1341/1792 1791/1342/1791
f 1752/1343/1752 1792/1344/1792 1751/1345/1751
f 1753/1316/1753 1793/1317/1793 1752/1318/1752
f 1754/1319/1754 1794/1320/1794 1753/1321/1753
f 1755/1322/1755 1795/1323/1795 1754/1324/1754
f 1756/1325/1757 1796/1326/1796 1755/1327/1755
f 1756/1328/1757 1798/1329/1797 1797/1330/1798
f 1757/1331/1756 1799/1332/1799 1798/1333/1797
f 1758/1334/1758 1800/1335/1800 1799/1336/1799
f 1759/1337/1759 1801/1338/1801 1800/1339/1800
f 1760/1340/1760 1802/1341/1802 1801/1342/1801
f 1762/1343/1762 1802/1344/1802 1761/1345/1761
f 1764/1346/1763 1804/1347/1803 1802/1348/1802
f 1763/1349/1764 1803/1350/1804 1764/1351/1763
f 1765/1352/1765 1805/1353/1805 1763/1354/1764
f 1766/1355/1766 1806/1356/1806 1765/1357/1765
f 1767/1358/1768 1807/1359/1807 1766/1360/1766
f 1767/1361/1768 1809/1362/1808 1808/1363/1809
f 1768/1364/1767 1810/1365/1810 1809/1366/1808
f 1769/1367/1769 1811/1368/1811 1810/1369/1810
f 1770/1370/1770 1812/1371/1812 1811/1372/1811
f 1771/1373/1771 1813/1374/1813 1812/1375/1812
f 1773/1346/1773 1813/1347/1813 1772/1348/1772
f 1774/1349/1774 1814/1350/1814 1773/1351/1773
f 1775/1352/1775 1815/1353/1815 1774/1354/1774
f 1776/1355/1776 1816/1356/1816 1775/1357/1775
f 1777/1358/1778 1817/1359/1817 1776/1360/1776
f 1777/1361/1778 1819/1362/1818 1818/1363/1819
f 1778/1364/1777 1820/1365/1820 1819/1366/1818
f 1779/1367/1779 1821/1368/1821 1820/1369/1820
f 1780/1370/1780 1822/1371/1822 1821/1372/1821
f 1781/1373/1781 1823/1374/1823 1822/1375/1822
f 1783/1346/1783 1823/1347/1823 1782/1348/1782
f 1784/1349/1784 1824/1350/1824 1783/1351/1783
f 1785/1352/1785 1825/1353/1825 1784/1354/1784
f 1786/1355/1786 1826/1356/1826 1785/1357/1785
f 1787/1358/1788 1827/1359/1827 1786/1360/1786
f 1787/1361/1788 1829/1362/1828 1828/1363/1829
f 1788/1364/1787 1830/1365/1830 1829/1366/1828
f 1789/1367/1789 1831/1368/1831 1830/1369/1830
f 1790/1370/1790 1832/1371/1832 1831/1372/1831
f 1791/1373/1791 1833/1374/1833 1832/1375/1832
f 1793/1346/1793 1833/1347/1833 1792/1348/1792
f 1794/1349/1794 1834/1350/1834 1793/1351/1793
f 1795/1352/1795 1835/1353/1835 1794/1354/1794
f 1796/1355/1796 1836/1356/1836 1795/1357/1795
f 1797/1358/1798 1837/1359/1837 1796/1360/1796
f 1797/1361/1798 1839/1362/1838 1838/1363/1839
f 1798/1364/1797 1840/1365/1840 1839/1366/1838
f 1799/1367/1799 1841/1368/1841 1840/1369/1840
f 1800/1370/1800 1842/1371/1842 1841/1372/1841
f 1801/1373/1801 1804/1374/1803 1842/1375/1842
f 1842/1376/1842 1843/1377/1843 1844/1378/1844
f 1803/1379/1804 1843/1380/1843 1804/1381/1803
f 1805/1382/1805 1845/1383/1845 1803/1384/1804
f 1806/1385/1806 1846/1386/1846 1805/1387/1805
f 1807/1388/1807 1847/1389/1847 1806/1390/1806
f 1808/1391/1809 1848/1392/1848 1807/1393/1807
f 1808/1394/1809 1850/1395/1849 1849/1396/1850
f 1809/1397/1808 1851/1398/1851 1850/1399/1849
f 1810/1400/1810 1852/1401/1852 1851/1402/1851
f 1811/1403/1811 1853/1404/1853 1852/1405/1852
f 1812/1376/1812 1854/1377/1854 1853/1378/1853
f 1814/1379/1814 1854/1380/1854 1813/1381/1813
f 1815/1382/1815 1855/1383/1855 1814/1384/1814
f 1816/1385/1816 1856/1386/1856 1815/1387/1815
f 1817/1388/1817 1857/1389/1857 1816/1390/1816
f 1818/1391/1819 1858/1392/1858 1817/1393/1817
f 1818/1394/1819 1860/1395/1859 1859/1396/1860
f 1819/1397/1818 1861/1398/1861 1860/1399/1859
f 1820/1400/1820 1862/1401/1862 1861/1402/1861
f 1821/1403/1821 1863/1404/1863 1862/1405/1862
f 1822/1376/1822 1864/1377/1864 1863/1378/1863
f 1824/1379/1824 1864/1380/1864 1823/1381/1823
f 1825/1382/1825 1865/1383/1865 1824/1384/1824
f 1826/1385/1826 1866/1386/1866 1825/1387/1825
f 1827/1388/1827 1867/1389/1867 1826/1390/1826
f 1828/1391/1829 1868/1392/1868 1827/1393/1827
f 1828/1394/1829 1870/1395/1869 1869/1396/1870
f 1829/1397/1828 1871/1398/1871 1870/1399/1869
f 1830/1400/1830 1872/1401/1872 1871/1402/1871
f 1831/1403/1831 1873/1404/1873 1872/1405/1872
f 1832/1376/1832 1874/1377/1874 1873/1378/1873
f 1834/1379/1834 1874/1380/1874 1833/1381/1833
f 1835/1382/1835 1875/1383/1875 1834/1384/1834
f 1836/1385/1836 1876/1386/1876 1835/1387/1835
f 1837/1388/1837 1877/1389/1877 1836/1390/1836
f 1838/1391/1839 1878/1392/1878 1837/1393/1837
f 1838/1394/1839 1880/1395/1879 1879/1396/1880
f 1839/1397/1838 1881/1398/1881 1880/1399/1879
f 1840/1400/1840 1882/1401/1882 1881/1402/1881
f 1841/1403/1841 1844/1404/1844 1882/1405/1882
f 1882/1406/1882 1883/1407/1883 1884/1408/1884
f 1844/1409/1844 1885/1410/1885 1883/1411/1883
f 1845/1412/1845 1885/1413/1885 1843/1414/1843
f 1846/1415/1846 1886/1416/1886 1845/1417/1845
f 1847/1418/1847 1887/1419/1887 1846/1420/1846
f 1848/1421/1848 1888/1422/1888 1847/1423/1847
f 1849/1424/1850 1889/1425/1889 1848/1426/1848
f 1849/1427/1850 1891/1428/1890 1890/1429/1891
f 1850/1430/1849 1892/1431/1892 1891/1432/1890
f 1851/1433/1851 1893/1434/1893 1892/1435/1892
f 1852/1406/1852 1894/1407/1894 1893/1408/1893
f 1853/1409/1853 1895/1410/1895 1894/1411/1894
f 1855/1412/1855 1895/1413/1895 1854/1414/1854
f 1856/1415/1856 1896/1416/1896 1855/1417/1855
f 1857/1418/1857 1897/1419/1897 1856/1420/1856
f 1858/1421/1858 1898/1422/1898 1857/1423/1857
f 1859/1424/1860 1899/1425/1899 1858/1426/1858
f 1859/1427/1860 1901/1428/1900 1900/1429/1901
f 1860/1430/1859 1902/1431/1902 1901/1432/1900
f 1861/1433/1861 1903/1434/1903 1902/1435/1902
f 1862/1406/1862 1904/1407/1904 1903/1408/1903
f 1863/1409/1863 1905/1410/1905 1904/1411/1904
f 1865/1412/1865 1905/1413/1905 1864/1414/1864
f 1866/1415/1866 1906/1416/1906 1865/1417/1865
f 1867/1418/1867 1907/1419/1907 1866/1420/1866
f 1868/1421/1868 1908/1422/1908 1867/1423/1867
f 1869/1424/1870 1909/1425/1909 1868/1426/1868
f 1869/1427/1870 1911/1428/1910 1910/1429/1911
f 1870/1430/1869 1912/1431/1912 1911/1432/1910
f 1871/1433/1871 1913/1434/1913 1912/1435/1912
f 1872/1406/1872 1914/1407/1914 1913/1408/1913
f 1873/1409/1873 1915/1410/1915 1914/1411/1914
f 1875/1412/1875 1915/1413/1915 1874/1414/1874
f 1876/1415/1876 1916/1416/1916 1875/1417/1875
f 1877/1418/1877 1917/1419/1917 1876/1420/1876
f 1878/1421/1878 1918/1422/1918 1877/1423/1877
f 1879/1424/1880 1919/1425/1919 1878/1426/1878
f 1879/1427/1880 1921/1428/1920 1920/1429/1921
f 1880/1430/1879 1922/1431/1922 1921/1432/1920
f 1881/1433/1881 1884/1434/1884 1922/1435/1922
f 1922/1436/1922 1923/1437/1923 1924/1438/1924
f 1884/1439/1884 1925/1440/1925 1923/1441/1923
f 1883/1442/1883 1926/1443/1926 1925/1444/1925
f 1886/1445/1886 1926/1446/1926 1885/1447/1885
f 1887/1448/1887 1927/1449/1927 1886/1450/1886
f 1888/1451/1888 1928/1452/1928 1887/1453/1887
f 1889/1454/1889 1929/1455/1929 1888/1456/1888
f 1890/1457/1891 1930/1458/1930 1889/1459/1889
f 1890/1460/1891 1932/1461/1931 1931/1462/1932
f 1891/1463/1890 1933/1464/1933 1932/1465/1931
f 1892/1436/1892 1934/1437/1934 1933/1438/1933
f 1893/1439/1893 1935/1440/1935 1934/1441/1934
f 1894/1442/1894 1936/1443/1936 1935/1444/1935
f 1896/1445/1896 1936/1446/1936 1895/1447/1895
f 1897/1448/1897 1937/1449/1937 1896/1450/1896
f 1898/1451/1898 1938/1452/1938 1897/1453/1897
f 1899/1454/1899 1939/1455/1939 1898/1456/1898
f 1900/1457/1901 1940/1458/1940 1899/1459/1899
f 1900/1460/1901 1942/1461/1941 1941/1462/1942
f 1901/1463/1900 1943/1464/1943 1942/1465/1941
f 1902/1436/1902 1944/1437/1944 1943/1438/1943
f 1903/1439/1903 1945/1440/1945 1944/1441/1944
f 1904/1442/1904 1946/1443/1946 1945/1444/1945
f 1906/1445/1906 1946/1446/1946 1905/1447/1905
f 1907/1448/1907 1947/1449/1947 1906/1450/1906
f 1908/1451/1908 1948/1452/1948 1907/1453/1907
f 1909/1454/1909 1949/1455/1949 1908/1456/1908
f 1910/1457/1911 1950/1458/1950 1909/1459/1909
f 1910/1460/1911 1952/1461/1951 1951/1462/1952
f 1911/1463/1910 1953/1464/1953 1952/1465/1951
f 1912/1436/1912 1954/1437/1954 1953/1438/1953
f 1913/1439/1913 1955/1440/1955 1954/1441/1954
f 1914/1442/1914 1956/1443/1956 1955/1444/1955
f 1916/1445/1916 1956/1446/1956 1915/1447/1915
f 1917/1448/1917 1957/1449/1957 1916/1450/1916
f 1918/1451/1918 1958/1452/1958 1917/1453/1917
f 1919/1454/1919 1959/1455/1959 1918/1456/1918
f 1920/1457/1921 1960/1458/1960 1919/1459/1919
f 1920/1460/1921 1962/1461/1961 1961/1462/1962
f 1921/1463/1920 1924/1464/1924 1962/1465/1961
f 1924/1466/1924 1964/1467/1963 1962/1468/1961
f 1923/1469/1923 1963/1470/1964 1924/1471/1924
f 1925/1472/1925 1965/1473/1965 1923/1474/1923
f 1926/1475/1926 1966/1476/1966 1925/1477/1925
f 1926/1478/1926 1968/1479/1967 1967/1480/1968
f 1927/1481/1927 1969/1482/1969 1968/1483/1967
f 1928/1484/1928 1970/1485/1970 1969/1486/1969
f 1929/1487/1929 1971/1488/1971 1970/1489/1970
f 1930/1490/1930 1972/1491/1972 1971/1492/1971
f 1932/1493/1931 1972/1494/1972 1931/1495/1932
f 1933/1466/1933 1973/1467/1973 1932/1468/1931
f 1934/1469/1934 1974/1470/1974 1933/1471/1933
f 1935/1472/1935 1975/1473/1975 1934/1474/1934
f 1936/1475/1936 1976/1476/1976 1935/1477/1935
f 1936/1478/1936 1978/1479/1977 1977/1480/1978
f 1937/1481/1937 1979/1482/1979 1978/1483/1977
f 1938/1484/1938 1980/1485/1980 1979/1486/1979
f 1939/1487/1939 1981/1488/1981 1980/1489/1980
f 1940/1490/1940 1982/1491/1982 1981/1492/1981
f 1942/1493/1941 1982/1494/1982 1941/1495/1942
f 1943/1466/1943 1983/1467/1983 1942/1468/1941
f 1944/1469/1944 1984/1470/1984 1943/1471/1943
f 1945/1472/1945 1985/1473/1985 1944/1474/1944
f 1946/1475/1946 1986/1476/1986 1945/1477/1945
f 1946/1478/1946 1988/1479/1987 1987/1480/1988
f 1947/1481/1947 1989/1482/1989 1988/1483/1987
f 1948/1484/1948 1990/1485/1990 1989/1486/1989
f 1949/1487/1949 1991/1488/1991 1990/1489/1990
f 1950/1490/1950 1992/1491/1992 1991/1492/1991
f 1952/1493/1951 1992/1494/1992 1951/1495/1952
f 1953/1466/1953 1993/1467/1993 1952/1468/1951
f 1954/1469/1954 1994/1470/1994 1953/1471/1953
f 1955/1472/1955 1995/1473/1995 1954/1474/1954
f 1956/1475/1956 1996/1476/1996 1955/1477/1955
f 1956/1478/1956 1998/1479/1997 1997/1480/1998
f 1957/1481/1957 1999/1482/1999 1998/1483/1997
f 1958/1484/1958 2000/1485/2000 1999/1486/1999
f 1959/1487/1959 2001/1488/2001 2000/1489/2000
f 1960/1490/1960 2002/1491/2002 2001/1492/2001
f 1962/1493/1961 2002/1494/2002 1961/1495/1962
f 1964/1496/1963 2004/1497/2003 2002/1498/2002
f 1963/1499/1964 2003/1500/2004 1964/1501/1963
f 1965/1502/1965 2005/1503/2005 1963/1504/1964
f 1966/1505/1966 2006/1506/2006 1965/1507/1965
f 1967/1508/1968 2007/1509/2007 1966/1510/1966
f 1967/1511/1968 2009/1512/2008 2008/1513/2009
f 1968/1514/1967 2010/1515/2010 2009/1516/2008
f 1969/1517/1969 2011/1518/2011 2010/1519/2010
f 1970/1520/1970 2012/1521/2012 2011/1522/2011
f 1971/1523/1971 2013/1524/2013 2012/1525/2012
f 1973/1496/1973 2013/1497/2013 1972/1498/1972
f 1974/1499/1974 2014/1500/2014 1973/1501/1973
f 1975/1502/1975 2015/1503/2015 1974/1504/1974
f 1976/1505/1976 2016/1506/2016 1975/1507/1975
f 1977/1508/1978 2017/1509/2017 1976/1510/1976
f 1977/1511/1978 2019/1512/2018 2018/1513/2019
f 1978/1514/1977 2020/1515/2020 2019/1516/2018
f 1979/1517/1979 2021/1518/2021 2020/1519/2020
f 1980/1520/1980 2022/1521/2022 2021/1522/2021
f 1981/1523/1981 2023/1524/2023 2022/1525/2022
f 1983/1496/1983 2023/1497/2023 1982/1498/1982
f 1984/1499/1984 2024/1500/2024 1983/1501/1983
f 1985/1502/1985 2025/1503/2025 1984/1504/1984
f 1986/1505/1986 2026/1506/2026 1985/1507/1985
f 1987/1508/1988 2027/1509/2027 1986/1510/1986
f 1987/1511/1988 2029/1512/2028 2028/1513/2029
f 1988/1514/1987 2030/1515/2030 2029/1516/2028
f 1989/1517/1989 2031/1518/2031 2030/1519/2030
f 1990/1520/1990 2032/1521/2032 2031/1522/2031
f 1991/1523/1991 2033/1524/2033 2032/1525/2032
f 1993/1496/1993 2033/1497/2033 1992/1498/1992
f 1994/1499/1994 2034/1500/2034 1993/1501/1993
f 1995/1502/1995 2035/1503/2035 1994/1504/1994
f 1996/1505/1996 2036/1506/2036 1995/1507/1995
f 1997/1508/1998 2037/1509/2037 1996/1510/1996
f 1997/1511/1998 2039/1512/2038 2038/1513/2039
f 1998/1514/1997 2040/1515/2040 2039/1516/2038
f 1999/1517/1999 2041/1518/2041 2040/1519/2040
f 2000/1520/2000 2042/1521/2042 2041/1522/2041
f 2001/1523/2001 2004/1524/2003 2042/1525/2042
f 2042/1526/2042 2043/1527/2043 2044/1528/2044
f 2003/1529/2004 2043/1530/2043 2004/1531/2003
f 2005/1532/2005 2045/1533/2045 2003/1534/2004
f 2006/1535/2006 2046/1536/2046 2005/1537/2005
f 2007/1538/2007 2047/1539/2047 2006/1540/2006
f 2008/1541/2009 2048/1542/2048 2007/1543/2007
f 2008/1544/2009 2050/1545/2049 2049/1546/2050
f 2009/1547/2008 2051/1548/2051 2050/1549/2049
f 2010/1550/2010 2052/1551/2052 2051/1552/2051
f 2011/1553/2011 2053/1554/2053 2052/1555/2052
f 2012/1526/2012 2054/1527/2054 2053/1528/2053
f 2014/1529/2014 2054/1530/2054 2013/1531/2013
f 2015/1532/2015 2055/1533/2055 2014/1534/2014
f 2016/1535/2016 2056/1536/2056 2015/1537/2015
f 2017/1538/2017 2057/1539/2057 2016/1540/2016
f 2018/1541/2019 2058/1542/2058 2017/1543/2017
f 2018/1544/2019 2060/1545/2059 2059/1546/2060
f 2019/1547/2018 2061/1548/2061 2060/1549/2059
f 2020/1550/2020 2062/1551/2062 2061/1552/2061
f 2021/1553/2021 2063/1554/2063 2062/1555/2062
f 2022/1526/2022 2064/1527/2064 2063/1528/2063
f 2024/1529/2024 2064/1530/2064 2023/1531/2023
f 2025/1532/2025 2065/1533/2065 2024/1534/2024
f 2026/1535/2026 2066/1536/2066 2025/1537/2025
f 2027/1538/2027 2067/1539/2067 2026/1540/2026
f 2028/1541/2029 2068/1542/2068 2027/1543/2027
f 2028/1544/2029 2070/1545/2069 2069/1546/2070
f 2029/1547/2028 2071/1548/2071 2070/1549/2069
f 2030/1550/2030 2072/1551/2072 2071/1552/2071
f 2031/1553/2031 2073/1554/2073 2072/1555/2072
f 2032/1526/2032 2074/1527/2074 2073/1528/2073
f 2034/1529/2034 2074/1530/2074 2033/1531/2033
f 2035/1532/2035 2075/1533/2075 2034/1534/2034
f 2036/1535/2036 2076/1536/2076 2035/1537/2035
f 2037/1538/2037 2077/1539/2077 2036/1540/2036
f 2038/1541/2039 2078/1542/2078 2037/1543/2037
f 2038/1544/2039 2080/1545/2079 2079/1546/2080
f 2039/1547/2038 2081/1548/2081 2080/1549/2079
f 2040/1550/2040 2082/1551/2082 2081/1552/2081
f 2041/1553/2041 2044/1554/2044 2082/1555/2082
f 2082/1556/2082 2083/1557/2083 2084/1558/2084
f 2044/1559/2044 2085/1560/2085 2083/1561/2083
f 2045/1562/2045 2085/1563/2085 2043/1564/2043
f 2046/1565/2046 2086/1566/2086 2045/1567/2045
f 2047/1568/2047 2087/1569/2087 2046/1570/2046
f 2048/1571/2048 2088/1572/2088 2047/1573/2047
f 2049/1574/2050 2089/1575/2089 2048/1576/2048
f 2049/1577/2050 2091/1578/2090 2090/1579/2091
f 2050/1580/2049 2092/1581/2092 2091/1582/2090
f 2051/1583/2051 2093/1584/2093 2092/1585/2092
f 2052/1556/2052 2094/1557/2094 2093/1558/2093
f 2053/1559/2053 2095/1560/2095 2094/1561/2094
f 2055/1562/2055 2095/1563/2095 2054/1564/2054
f 2056/1565/2056 2096/1566/2096 2055/1567/2055
f 2057/1568/2057 2097/1569/2097 2056/1570/2056
f 2058/1571/2058 2098/1572/2098 2057/1573/2057
f 2059/1574/2060 2099/1575/2099 2058/1576/2058
f 2059/1577/2060 2101/1578/2100 2100/1579/2101
f 2060/1580/2059 2102/1581/2102 2101/1582/2100
f 2061/1583/2061 2103/1584/2103 2102/1585/2102
f 2062/1556/2062 2104/1557/2104 2103/1558/2103
f 2063/1559/2063 2105/1560/2105 2104/1561/2104
f 2065/1562/2065 2105/1563/2105 2064/1564/2064
f 2066/1565/2066 2106/1566/2106 2065/1567/2065
f 2067/1568/2067 2107/1569/2107 2066/1570/2066
f 2068/1571/2068 2108/1572/2108 2067/1573/2067
f 2069/1574/2070 2109/1575/2109 2068/1576/2068
f 2069/1577/2070 2111/1578/2110 2110/1579/2111
f 2070/1580/2069 2112/1581/2112 2111/1582/2110
f 2071/1583/2071 2113/1584/2113 2112/1585/2112
f 2072/1556/2072 2114/1557/2114 2113/1558/2113
f 2073/1559/2073 2115/1560/2115 2114/1561/2114
f 2075/1562/2075 2115/1563/2115 2074/1564/2074
f 2076/1565/2076 2116/1566/2116 2075/1567/2075
f 2077/1568/2077 2117/1569/2117 2076/1570/2076
f 2078/1571/2078 2118/1572/2118 2077/1573/2077
f 2079/1574/2080 2119/1575/2119 2078/1576/2078
f 2079/1577/2080 2121/1578/2120 2120/1579/2121
f 2080/1580/2079 2122/1581/2122 2121/1582/2120
f 2081/1583/2081 2084/1584/2084 2122/1585/2122
f 2122/1586/2122 2123/1587/2123 2124/1588/2124
f 2084/1589/2084 2125/1590/2125 2123/1591/2123
f 2083/1592/2083 2126/1593/2126 2125/1594/2125
f 2086/1595/2086 2126/1596/2126 2085/1597/2085
f 2087/1598/2087 2127/1599/2127 2086/1600/2086
f 2088/1601/2088 2128/1602/2128 2087/1603/2087
f 2089/1604/2089 2129/1605/2129 2088/1606/2088
f 2090/1607/2091 2130/1608/2130 2089/1609/2089
f 2090/1610/2091 2132/1611/2131 2131/1612/2132
f 2091/1613/2090 2133/1614/2133 2132/1615/2131
f 2092/1586/2092 2134/1587/2134 2133/1588/2133
f 2093/1589/2093 2135/1590/2135 2134/1591/2134
f 2094/1592/2094 2136/1593/2136 2135/1594/2135
f 2096/1595/2096 2136/1596/2136 2095/1597/2095
f 2097/1598/2097 2137/1599/2137 2096/1600/2096
f 2098/1601/2098 2138/1602/2138 2097/1603/2097
f 2099/1604/2099 2139/1605/2139 2098/1606/2098
f 2100/1607/2101 2140/1608/2140 2099/1609/2099
f 2100/1610/2101 2142/1611/2141 2141/1612/2142
f 2101/1613/2100 2143/1614/2143 2142/1615/2141
f 2102/1586/2102 2144/1587/2144 2143/1588/2143
f 2103/1589/2103 2145/1590/2145 2144/1591/2144
f 2104/1592/2104 2146/1593/2146 2145/1594/2145
f 2106/1595/2106 2146/1596/2146 2105/1597/2105
f 2107/1598/2107 2147/1599/2147 2106/1600/2106
f 2108/1601/2108 2148/1602/2148 2107/1603/2107
f 2109/1604/2109 2149/1605/2149 2108/1606/2108
f 2110/1607/2111 2150/1608/2150 2109/1609/2109
f 2110/1610/2111 2152/1611/2151 2151/1612/2152
f 2111/1613/2110 2153/1614/2153 2152/1615/2151
f 2112/1586/2112 2154/1587/2154 2153/1588/2153
f 2113/1589/2113 2155/1590/2155 2154/1591/2154
f 2114/1592/2114 2156/1593/2156 2155/1594/2155
f 2116/1595/2116 2156/1596/2156 2115/1597/2115
f 2117/1598/2117 2157/1599/2157 2116/1600/2116
f 2118/1601/2118 2158/1602/2158 2117/1603/2117
f 2119/1604/2119 2159/1605/2159 2118/1606/2118
f 2120/1607/2121 2160/1608/2160 2119/1609/2119
f 2120/1610/2121 2162/1611/2161 2161/1612/2162
f 2121/1613/2120 2124/1614/2124 2162/1615/2161
f 2162/1616/2161 2163/1617/2163 2164/1618/2164
f 2124/1619/2124 2165/1620/2165 2163/1621/2163
f 2123/1622/2123 2166/1623/2166 2165/1624/2165
f 2125/1625/2125 2167/1626/2167 2166/1627/2166
f 2127/1628/2127 2167/1629/2167 2126/1630/2126
f 2128/1631/2128 2168/1632/2168 2127/1633/2127
f 2129/1634/2129 2169/1635/2169 2128/1636/2128
f 2130/1637/2130 2170/1638/2170 2129/1639/2129
f 2131/1640/2132 2171/1641/2171 2130/1642/2130
f 2131/1643/2132 2173/1644/2172 2172/1645/2173
f 2132/1616/2131 2174/1617/2174 2173/1618/2172
f 2133/1619/2133 2175/1620/2175 2174/1621/2174
f 2134/1622/2134 2176/1623/2176 2175/1624/2175
f 2135/1625/2135 2177/1626/2177 2176/1627/2176
f 2137/1628/2137 2177/1629/2177 2136/1630/2136
f 2138/1631/2138 2178/1632/2178 2137/1633/2137
f 2139/1634/2139 2179/1635/2179 2138/1636/2138
f 2140/1637/2140 2180/1638/2180 2139/1639/2139
f 2141/1640/2142 2181/1641/2181 2140/1642/2140
f 2141/1643/2142 2183/1644/2182 2182/1645/2183
f 2142/1616/2141 2184/1617/2184 2183/1618/2182
f 2143/1619/2143 2185/1620/2185 2184/1621/2184
f 2144/1622/2144 2186/1623/2186 2185/1624/2185
f 2145/1625/2145 2187/1626/2187 2186/1627/2186
f 2147/1628/2147 2187/1629/2187 2146/1630/2146
f 2148/1631/2148 2188/1632/2188 2147/1633/2147
f 2149/1634/2149 2189/1635/2189 2148/1636/2148
f 2150/1637/2150 2190/1638/2190 2149/1639/2149
f 2151/1640/2152 2191/1641/2191 2150/1642/2150
f 2151/1643/2152 2193/1644/2192 2192/1645/2193
f 2152/1616/2151 2194/1617/2194 2193/1618/2192
f 2153/1619/2153 2195/1620/2195 2194/1621/2194
f 2154/1622/2154 2196/1623/2196 2195/1624/2195
f 2155/1625/2155 2197/1626/2197 2196/1627/2196
f 2157/1628/2157 2197/1629/2197 2156/1630/2156
f 2158/1631/2158 2198/1632/2198 2157/1633/2157
f 2159/1634/2159 2199/1635/2199 2158/1636/2158
f 2160/1637/2160 2200/1638/2200 2159/1639/2159
f 2161/1640/2162 2201/1641/2201 2160/1642/2160
f 2161/1643/2162 2164/1644/2164 2202/1645/2202
f 2202/1646/2202 2203/1647/2203 2204/1648/2204
f 2164/1649/2164 2205/1650/2205 2203/1651/2203
f 2163/1652/2163 2206/1653/2206 2205/1654/2205
f 2165/1655/2165 2207/1656/2207 2206/1657/2206
f 2166/1658/2166 2208/1659/2208 2207/1660/2207
f 2168/1661/2168 2208/1662/2208 2167/1663/2167
f 2169/1664/2169 2209/1665/2209 2168/1666/2168
f 2170/1667/2170 2210/1668/2210 2169/1669/2169
f 2171/1670/2171 2211/1671/2211 2170/1672/2170
f 2172/1673/2173 2212/1674/2212 2171/1675/2171
f 2172/1646/2173 2214/1647/2213 2213/1648/2214
f 2173/1649/2172 2215/1650/2215 2214/1651/2213
f 2174/1652/2174 2216/1653/2216 2215/1654/2215
f 2175/1655/2175 2217/1656/2217 2216/1657/2216
f 2176/1658/2176 2218/1659/2218 2217/1660/2217
f 2178/1661/2178 2218/1662/2218 2177/1663/2177
f 2179/1664/2179 2219/1665/2219 2178/1666/2178
f 2180/1667/2180 2220/1668/2220 2179/1669/2179
f 2181/1670/2181 2221/1671/2221 2180/1672/2180
f 2182/1673/2183 2222/1674/2222 2181/1675/2181
f 2182/1646/2183 2224/1647/2223 2223/1648/2224
f 2183/1649/2182 2225/1650/2225 2224/1651/2223
f 2184/1652/2184 2226/1653/2226 2225/1654/2225
f 2185/1655/2185 2227/1656/2227 2226/1657/2226
f 2186/1658/2186 2228/1659/2228 2227/1660/2227
f 2188/1661/2188 2228/1662/2228 2187/1663/2187
f 2189/1664/2189 2229/1665/2229 2188/1666/2188
f 2190/1667/2190 2230/1668/2230 2189/1669/2189
f 2191/1670/2191 2231/1671/2231 2190/1672/2190
f 2192/1673/2193 2232/1674/2232 2191/1675/2191
f 2192/1646/2193 2234/1647/2233 2233/1648/2234
f 2193/1649/2192 2235/1650/2235 2234/1651/2233
f 2194/1652/2194 2236/1653/2236 2235/1654/2235
f 2195/1655/2195 2237/1656/2237 2236/1657/2236
f 2196/1658/2196 2238/1659/2238 2237/1660/2237
f 2198/1661/2198 2238/1662/2238 2197/1663/2197
f 2199/1664/2199 2239/1665/2239 2198/1666/2198
f 2200/1667/2200 2240/1668/2240 2199/1669/2199
f 2201/1670/2201 2241/1671/2241 2200/1672/2200
f 2202/1673/2202 2242/1674/2242 2201/1675/2201
f 2204/1676/2204 2244/1677/2243 2242/1678/2242
f 2204/1679/2204 2245/1680/2244 2243/1681/2245
f 2203/1682/2203 2246/1683/2246 2245/1684/2244
f 2205/1685/2205 2247/1686/2247 2246/1687/2246
f 2206/1688/2206 2248/1689/2248 2247/1690/2247
f 2207/1691/2207 2249/1692/2249 2248/1693/2248
f 2209/1694/2209 2249/1695/2249 2208/1696/2208
f 2210/1697/2210 2250/1698/2250 2209/1699/2209
f 2211/1700/2211 2251/1701/2251 2210/1702/2210
f 2212/1703/2212 2252/1704/2252 2211/1705/2211
f 2213/1676/2214 2253/1677/2253 2212/1678/2212
f 2213/1679/2214 2255/1680/2254 2254/1681/2255
f 2214/1682/2213 2256/1683/2256 2255/1684/2254
f 2215/1685/2215 2257/1686/2257 2256/1687/2256
f 2216/1688/2216 2258/1689/2258 2257/1690/2257
f 2217/1691/2217 2259/1692/2259 2258/1693/2258
f 2219/1694/2219 2259/1695/2259 2218/1696/2218
f 2220/1697/2220 2260/1698/2260 2219/1699/2219
f 2221/1700/2221 2261/1701/2261 2220/1702/2220
f 2222/1703/2222 2262/1704/2262 2221/1705/2221
f 2223/1676/2224 2263/1677/2263 2222/1678/2222
f 2223/1679/2224 2265/1680/2264 2264/1681/2265
f 2224/1682/2223 2266/1683/2266 2265/1684/2264
f 2225/1685/2225 2267/1686/2267 2266/1687/2266
f 2226/1688/2226 2268/1689/2268 2267/1690/2267
f 2227/1691/2227 2269/1692/2269 2268/1693/2268
f 2229/1694/2229 2269/1695/2269 2228/1696/2228
f 2230/1697/2230 2270/1698/2270 2229/1699/2229
f 2231/1700/2231 2271/1701/2271 2230/1702/2230
f 2232/1703/2232 2272/1704/2272 2231/1705/2231
f 2233/1676/2234 2273/1677/2273 2232/1678/2232
f 2233/1679/2234 2275/1680/2274 2274/1681/2275
f 2234/1682/2233 2276/1683/2276 2275/1684/2274
f 2235/1685/2235 2277/1686/2277 2276/1687/2276
f 2236/1688/2236 2278/1689/2278 2277/1690/2277
f 2237/1691/2237 2279/1692/2279 2278/1693/2278
f 2239/1694/2239 2279/1695/2279 2238/1696/2238
f 2240/1697/2240 2280/1698/2280 2239/1699/2239
f 2241/1700/2241 2281/1701/2281 2240/1702/2240
f 2242/1703/2242 2282/1704/2282 2241/1705/2241
f 2244/1706/2243 2284/1707/2283 2282/1708/2282
f 2243/1709/2245 2283/1710/2284 2244/1711/2243
f 2243/1712/2245 2286/1713/2285 2285/1714/2286
f 2245/1715/2244 2287/1716/2287 2286/1717/2285
f 2246/1718/2246 2288/1719/2288 2287/1720/2287
f 2247/1721/2247 2289/1722/2289 2288/1723/2288
f 2248/1724/2248 2290/1725/2290 2289/1726/2289
f 2250/1727/2250 2290/1728/2290 2249/1729/2249
f 2251/1730/2251 2291/1731/2291 2250/1732/2250
f 2252/1733/2252 2292/1734/2292 2251/1735/2251
f 2253/1706/2253 2293/1707/2293 2252/1708/2252
f 2254/1709/2255 2294/1710/2294 2253/1711/2253
f 2254/1712/2255 2296/1713/2295 2295/1714/2296
f 2255/1715/2254 2297/1716/2297 2296/1717/2295
f 2256/1718/2256 2298/1719/2298 2297/1720/2297
f 2257/1721/2257 2299/1722/2299 2298/1723/2298
f 2258/1724/2258 2300/1725/2300 2299/1726/2299
f 2260/1727/2260 2300/1728/2300 2259/1729/2259
f 2261/1730/2261 2301/1731/2301 2260/1732/2260
f 2262/1733/2262 2302/1734/2302 2261/1735/2261
f 2263/1706/2263 2303/1707/2303 2262/1708/2262
f 2264/1709/2265 2304/1710/2304 2263/1711/2263
f 2264/1712/2265 2306/1713/2305 2305/1714/2306
f 2265/1715/2264 2307/1716/2307 2306/1717/2305
f 2266/1718/2266 2308/1719/2308 2307/1720/2307
f 2267/1721/2267 2309/1722/2309 2308/1723/2308
f 2268/1724/2268 2310/1725/2310 2309/1726/2309
f 2270/1727/2270 2310/1728/2310 2269/1729/2269
f 2271/1730/2271 2311/1731/2311 2270/1732/2270
f 2272/1733/2272 2312/1734/2312 2271/1735/2271
f 2273/1706/2273 2313/1707/2313 2272/1708/2272
f 2274/1709/2275 2314/1710/2314 2273/1711/2273
f 2274/1712/2275 2316/1713/2315 2315/1714/2316
f 2275/1715/2274 2317/1716/2317 2316/1717/2315
f 2276/1718/2276 2318/1719/2318 2317/1720/2317
f 2277/1721/2277 2319/1722/2319 2318/1723/2318
f 2278/1724/2278 2320/1725/2320 2319/1726/2319
f 2280/1727/2280 2320/1728/2320 2279/1729/2279
f 2281/1730/2281 2321/1731/2321 2280/1732/2280
f 2282/1733/2282 2322/1734/2322 2281/1735/2281
f 2284/1736/2283 2324/1737/2323 2322/1738/2322
f 2283/1739/2284 2323/1740/2324 2284/1741/2283
f 2285/1742/2286 2325/1743/2325 2283/1744/2284
f 2285/1745/2286 2327/1746/2326 2326/1747/2327
f 2286/1748/2285 2328/1749/2328 2327/1750/2326
f 2287/1751/2287 2329/1752/2329 2328/1753/2328
f 2288/1754/2288 2330/1755/2330 2329/1756/2329
f 2289/1757/2289 2331/1758/2331 2330/1759/2330
f 2291/1760/2291 2331/1761/2331 2290/1762/2290
f 2292/1763/2292 2332/1764/2332 2291/1765/2291
f 2293/1736/2293 2333/1737/2333 2292/1738/2292
f 2294/1739/2294 2334/1740/2334 2293/1741/2293
f 2295/1742/2296 2335/1743/2335 2294/1744/2294
f 2295/1745/2296 2337/1746/2336 2336/1747/2337
f 2296/1748/2295 2338/1749/2338 2337/1750/2336
f 2297/1751/2297 2339/1752/2339 2338/1753/2338
f 2298/1754/2298 2340/1755/2340 2339/1756/2339
f 2299/1757/2299 2341/1758/2341 2340/1759/2340
f 2301/1760/2301 2341/1761/2341 2300/1762/2300
f 2302/1763/2302 2342/1764/2342 2301/1765/2301
f 2303/1736/2303 2343/1737/2343 2302/1738/2302
f 2304/1739/2304 2344/1740/2344 2303/1741/2303
f 2305/1742/2306 2345/1743/2345 2304/1744/2304
f 2305/1745/2306 2347/1746/2346 2346/1747/2347
f 2306/1748/2305 2348/1749/2348 2347/1750/2346
f 2307/1751/2307 2349/1752/2349 2348/1753/2348
f 2308/1754/2308 2350/1755/2350 2349/1756/2349
f 2309/1757/2309 2351/1758/2351 2350/1759/2350
f 2311/1760/2311 2351/1761/2351 2310/1762/2310
f 2312/1763/2312 2352/1764/2352 2311/1765/2311
f 2313/1736/2313 2353/1737/2353 2312/1738/2312
f 2314/1739/2314 2354/1740/2354 2313/1741/2313
f 2315/1742/2316 2355/1743/2355 2314/1744/2314
f 2315/1745/2316 2357/1746/2356 2356/1747/2357
f 2316/1748/2315 2358/1749/2358 2357/1750/2356
f 2317/1751/2317 2359/1752/2359 2358/1753/2358
f 2318/1754/2318 2360/1755/2360 2359/1756/2359
f 2319/1757/2319 2361/1758/2361 2360/1759/2360
f 2321/1760/2321 2361/1761/2361 2320/1762/2320
f 2322/1763/2322 2362/1764/2362 2321/1765/2321
f 2324/1766/2323 2364/1767/2363 2362/1768/2362
f 2323/1769/2324 2363/1770/2364 2324/1771/2323
f 2325/1772/2325 2365/1773/2365 2323/1774/2324
f 2326/1775/2327 2366/1776/2366 2325/1777/2325
f 2326/1778/2327 2368/1779/2367 2367/1780/2368
f 2327/1781/2326 2369/1782/2369 2368/1783/2367
f 2328/1784/2328 2370/1785/2370 2369/1786/2369
f 2329/1787/2329 2371/1788/2371 2370/1789/2370
f 2330/1790/2330 2372/1791/2372 2371/1792/2371
f 2332/1793/2332 2372/1794/2372 2331/1795/2331
f 2333/1766/2333 2373/1767/2373 2332/1768/2332
f 2334/1769/2334 2374/1770/2374 2333/1771/2333
f 2335/1772/2335 2375/1773/2375 2334/1774/2334
f 2336/1775/2337 2376/1776/2376 2335/1777/2335
f 2336/1778/2337 2378/1779/2377 2377/1780/2378
f 2337/1781/2336 2379/1782/2379 2378/1783/2377
f 2338/1784/2338 2380/1785/2380 2379/1786/2379
f 2339/1787/2339 2381/1788/2381 2380/1789/2380
f 2340/1790/2340 2382/1791/2382 2381/1792/2381
f 2342/1793/2342 2382/1794/2382 2341/1795/2341
f 2343/1766/2343 2383/1767/2383 2342/1768/2342
f 2344/1769/2344 2384/1770/2384 2343/1771/2343
f 2345/1772/2345 2385/1773/2385 2344/1774/2344
f 2346/1775/2347 2386/1776/2386 2345/1777/2345
f 2346/1778/2347 2388/1779/2387 2387/1780/2388
f 2347/1781/2346 2389/1782/2389 2388/1783/2387
f 2348/1784/2348 2390/1785/2390 2389/1786/2389
f 2349/1787/2349 2391/1788/2391 2390/1789/2390
f 2350/1790/2350 2392/1791/2392 2391/1792/2391
f 2352/1793/2352 2392/1794/2392 2351/1795/2351
f 2353/1766/2353 2393/1767/2393 2352/1768/2352
f 2354/1769/2354 2394/1770/2394 2353/1771/2353
f 2355/1772/2355 2395/1773/2395 2354/1774/2354
f 2356/1775/2357 2396/1776/2396 2355/1777/2355
f 2356/1778/2357 2398/1779/2397 2397/1780/2398
f 2357/1781/2356 2399/1782/2399 2398/1783/2397
f 2358/1784/2358 2400/1785/2400 2399/1786/2399
f 2359/1787/2359 2401/1788/2401 2400/1789/2400
f 2360/1790/2360 2402/1791/2402 2401/1792/2401
f 2362/1793/2362 2402/1794/2402 2361/1795/2361
f 2403/1796/2403 2405/1797/2404 2406/1798/2405
f 2404/1799/2406 2408/1800/2407 2405/1801/2404
f 2407/1802/2408 2410/1803/2409 2408/1804/2407
f 2409/1805/2410 2412/1806/2411 2410/1807/2409
f 2411/1808/2412 2414/1809/2413 2412/1810/2411
f 2413/1811/2414 2416/1812/2415 2414/1813/2413
f 2415/1814/2416 2418/1815/2417 2416/1816/2415
f 2417/1817/2418 2420/1818/2419 2418/1819/2417
f 2419/1820/2420 2422/1821/2421 2420/1822/2419
f 2421/1823/2422 2424/1824/2423 2422/1825/2421
f 2424/1826/2423 2426/1827/2424 2425/1828/2425
f 2427/1829/2426 2424/1830/2423 2425/1831/2425
f 2429/1832/2427 2428/1833/2428 2427/1834/2426
f 2431/1835/2429 2430/1836/2430 2429/1837/2427
f 2433/1838/2431 2432/1839/2432 2431/1840/2429
f 2435/1841/2433 2434/1842/2434 2433/1843/2431
f 2437/1844/2435 2436/1845/2436 2435/1846/2433
f 2439/1847/2437 2438/1848/2438 2437/1849/2435
f 2441/1850/2439 2440/1851/2440 2439/1852/2437
f 2443/1853/2441 2442/1854/2442 2441/1855/2439
f 2445/1856/2443 2444/1857/2444 2443/1858/2441
f 2447/1859/2445 2446/1860/2446 2445/1861/2443
f 2449/1862/2447 2448/1863/2448 2447/1864/2445
f 2451/1865/2449 2450/1866/2450 2449/1867/2447
f 2453/1868/2451 2452/1869/2452 2451/1870/2449
f 2455/1871/2453 2454/1872/2454 2453/1873/2451
f 2457/1874/2455 2456/1875/2456 2455/1876/2453
f 2459/1877/2457 2458/1878/2458 2457/1879/2455
f 2461/1880/2459 2460/1881/2460 2459/1882/2457
f 2463/1883/2461 2462/1884/2462 2461/1885/2459
f 2462/1886/2462 2466/1887/2463 2465/1888/2464
f 2460/1889/2460 2465/1890/2464 2467/1891/2465
f 2458/1892/2458 2467/1893/2465 2468/1894/2466
f 2456/1895/2456 2468/1896/2466 2469/1897/2467
f 2454/1898/2454 2469/1899/2467 2470/1900/2468
f 2452/1901/2452 2470/1902/2468 2471/1903/2469
f 2450/1904/2450 2471/1905/2469 2472/1906/2470
f 2448/1907/2448 2472/1908/2470 2473/1909/2471
f 2446/1910/2446 2473/1911/2471 2474/1912/2472
f 2444/1913/2444 2474/1914/2472 2475/1915/2473
f 2442/1916/2442 2475/1917/2473 2476/1918/2474
f 2440/1919/2440 2476/1920/2474 2477/1921/2475
f 2438/1922/2438 2477/1923/2475 2478/1924/2476
f 2436/1925/2436 2478/1926/2476 2479/1927/2477
f 2434/1928/2434 2479/1929/2477 2480/1930/2478
f 2432/1931/2432 2480/1932/2478 2481/1933/2479
f 2430/1934/2430 2481/1935/2479 2482/1936/2480
f 2428/1937/2428 2482/1938/2480 2483/1939/2481
f 2424/1940/2423 2483/1941/2481 2422/1942/2421
f 2422/1943/2421 2484/1944/2482 2420/1945/2419
f 2483/1946/2481 2485/1947/2483 2484/1948/2482
f 2482/1949/2480 2486/1950/2484 2485/1951/2483
f 2481/1952/2479 2487/1953/2485 2486/1954/2484
f 2480/1955/2478 2488/1956/2486 2487/1957/2485
f 2479/1958/2477 2489/1959/2487 2488/1960/2486
f 2489/1961/2487 2478/1962/2476 2477/1963/2475
f 2489/1964/2487 2477/1965/2475 2490/1966/2488
f 2477/1967/2475 2491/1968/2489 2490/1969/2488
f 2476/1970/2474 2492/1971/2490 2491/1972/2489
f 2475/1973/2473 2493/1974/2491 2492/1975/2490
f 2474/1976/2472 2494/1977/2492 2493/1978/2491
f 2473/1979/2471 2495/1980/2493 2494/1981/2492
f 2472/1982/2470 2496/1983/2494 2495/1984/2493
f 2496/1985/2494 2471/1986/2469 2470/1987/2468
f 2496/1988/2494 2470/1989/2468 2497/1990/2495
f 2497/1991/2495 2470/1992/2468 2469/1993/2467
f 2497/1994/2495 2469/1995/2467 2498/1996/2496
f 2498/1997/2496 2469/1998/2467 2468/1999/2466
f 2498/2000/2496 2468/2001/2466 2499/2002/2497
f 2499/2003/2497 2468/2004/2466 2467/2005/2465
f 2499/2006/2497 2467/2007/2465 2500/2008/2498
f 2467/2009/2465 2501/2010/2499 2500/2011/2498
f 2465/2012/2464 2502/2013/2500 2501/2014/2499
f 2501/2015/2499 2504/2016/2501 2503/2017/2502
f 2505/2018/2503 2501/2019/2499 2503/2020/2502
f 2505/2021/2503 2500/2022/2498 2501/2023/2499
f 2506/2024/2504 2500/2025/2498 2505/2026/2503
f 2506/2027/2504 2499/2028/2497 2500/2029/2498
f 2507/2030/2505 2499/2031/2497 2506/2032/2504
f 2507/2033/2505 2498/2034/2496 2499/2035/2497
f 2508/2036/2506 2498/2037/2496 2507/2038/2505
f 2508/2039/2506 2497/2040/2495 2498/2041/2496
f 2509/2042/2507 2497/2043/2495 2508/2044/2506
f 2509/2045/2507 2496/2046/2494 2497/2047/2495
f 2510/2048/2508 2496/2049/2494 2509/2050/2507
f 2510/2051/2508 2495/2052/2493 2496/2053/2494
f 2494/2054/2492 2510/2055/2508 2511/2056/2509
f 2493/2057/2491 2511/2058/2509 2512/2059/2510
f 2492/2060/2490 2512/2061/2510 2513/2062/2511
f 2491/2063/2489 2513/2064/2511 2514/2065/2512
f 2515/2066/2513 2491/2067/2489 2514/2068/2512
f 2515/2069/2513 2490/2070/2488 2491/2071/2489
f 2516/2072/2514 2490/2073/2488 2515/2074/2513
f 2516/2075/2514 2489/2076/2487 2490/2077/2488
f 2517/2078/2515 2489/2079/2487 2516/2080/2514
f 2517/2081/2515 2488/2082/2486 2489/2083/2487
f 2487/2084/2485 2517/2085/2515 2518/2086/2516
f 2486/2087/2484 2518/2088/2516 2519/2089/2517
f 2485/2090/2483 2519/2091/2517 2520/2092/2518
f 2484/2093/2482 2520/2094/2518 2521/2095/2519
f 2420/2096/2419 2521/2097/2519 2418/2098/2417
f 2418/2099/2417 2522/2100/2520 2416/2101/2415
f 2521/2102/2519 2523/2103/2521 2522/2104/2520
f 2520/2105/2518 2524/2106/2522 2523/2107/2521
f 2519/2108/2517 2525/2109/2523 2524/2110/2522
f 2518/2111/2516 2526/2112/2524 2525/2113/2523
f 2526/2114/2524 2517/2115/2515 2516/2116/2514
f 2526/2117/2524 2516/2118/2514 2527/2119/2525
f 2527/2120/2525 2516/2121/2514 2515/2122/2513
f 2527/2123/2525 2515/2124/2513 2528/2125/2526
f 2515/2126/2513 2529/2127/2527 2528/2128/2526
f 2514/2129/2512 2530/2130/2528 2529/2131/2527
f 2513/2132/2511 2531/2133/2529 2530/2134/2528
f 2512/2135/2510 2532/2136/2530 2531/2137/2529
f 2511/2138/2509 2533/2139/2531 2532/2140/2530
f 2510/2141/2508 2534/2142/2532 2533/2143/2531
f 2534/2144/2532 2509/2145/2507 2508/2146/2506
f 2534/2147/2532 2508/2148/2506 2535/2149/2533
f 2535/2150/2533 2508/2151/2506 2507/2152/2505
f 2535/2153/2533 2507/2154/2505 2536/2155/2534
f 2536/2156/2534 2507/2157/2505 2506/2158/2504
f 2536/2159/2534 2506/2160/2504 2537/2161/2535
f 2537/2162/2535 2506/2163/2504 2505/2164/2503
f 2537/2165/2535 2505/2166/2503 2538/2167/2536
f 2538/2168/2536 2505/2169/2503 2503/2170/2502
f 2538/2171/2536 2503/2172/2502 2539/2173/2537
f 2503/2174/2502 2540/2175/2538 2539/2176/2537
f 2539/2177/2537 2542/2178/2539 2541/2179/2540
f 2538/2180/2536 2541/2181/2540 2543/2182/2541
f 2537/2183/2535 2543/2184/2541 2544/2185/2542
f 2536/2186/2534 2544/2187/2542 2545/2188/2543
f 2535/2189/2533 2545/2190/2543 2546/2191/2544
f 2534/2192/2532 2546/2193/2544 2547/2194/2545
f 2533/2195/2531 2547/2196/2545 2548/2197/2546
f 2532/2198/2530 2548/2199/2546 2549/2200/2547
f 2531/2201/2529 2549/2202/2547 2550/2203/2548
f 2530/2204/2528 2550/2205/2548 2551/2206/2549
f 2529/2207/2527 2551/2208/2549 2552/2209/2550
f 2528/2210/2526 2552/2211/2550 2553/2212/2551
f 2527/2213/2525 2553/2214/2551 2554/2215/2552
f 2526/2216/2524 2554/2217/2552 2555/2218/2553
f 2525/2219/2523 2555/2220/2553 2556/2221/2554
f 2524/2222/2522 2556/2223/2554 2557/2224/2555
f 2523/2225/2521 2557/2226/2555 2558/2227/2556
f 2522/2228/2520 2558/2229/2556 2559/2230/2557
f 2416/2231/2415 2559/2232/2557 2414/2233/2413
f 2414/2234/2413 2560/2235/2558 2412/2236/2411
f 2559/2237/2557 2561/2238/2559 2560/2239/2558
f 2558/2240/2556 2562/2241/2560 2561/2242/2559
f 2557/2243/2555 2563/2244/2561 2562/2245/2560
f 2556/2246/2554 2564/2247/2562 2563/2248/2561
f 2555/2249/2553 2565/2250/2563 2564/2251/2562
f 2554/2252/2552 2566/2253/2564 2565/2254/2563
f 2553/2255/2551 2567/2256/2565 2566/2257/2564
f 2552/2258/2550 2568/2259/2566 2567/2260/2565
f 2551/2261/2549 2569/2262/2567 2568/2263/2566
f 2550/2264/2548 2570/2265/2568 2569/2266/2567
f 2549/2267/2547 2571/2268/2569 2570/2269/2568
f 2548/2270/2546 2572/2271/2570 2571/2272/2569
f 2547/2273/2545 2573/2274/2571 2572/2275/2570
f 2546/2276/2544 2574/2277/2572 2573/2278/2571
f 2545/2279/2543 2575/2280/2573 2574/2281/2572
f 2544/2282/2542 2576/2283/2574 2575/2284/2573
f 2543/2285/2541 2577/2286/2575 2576/2287/2574
f 2541/2288/2540 2578/2289/2576 2577/2290/2575
f 2577/2291/2575 2580/2292/2577 2579/2293/2578
f 2581/2294/2579 2577/2295/2575 2579/2296/2578
f 2581/2297/2579 2576/2298/2574 2577/2299/2575
f 2582/2300/2580 2576/2301/2574 2581/2302/2579
f 2582/2303/2580 2575/2304/2573 2576/2305/2574
f 2583/2306/2581 2575/2307/2573 2582/2308/2580
f 2583/2309/2581 2574/2310/2572 2575/2311/2573
f 2584/2312/2582 2574/2313/2572 2583/2314/2581
f 2584/2315/2582 2573/2316/2571 2574/2317/2572
f 2585/2318/2583 2573/2319/2571 2584/2320/2582
f 2585/2321/2583 2572/2322/2570 2573/2323/2571
f 2586/2324/2584 2572/2325/2570 2585/2326/2583
f 2586/2327/2584 2571/2328/2569 2572/2329/2570
f 2570/2330/2568 2586/2331/2584 2587/2332/2585
f 2569/2333/2567 2587/2334/2585 2588/2335/2586
f 2568/2336/2566 2588/2337/2586 2589/2338/2587
f 2567/2339/2565 2589/2340/2587 2590/2341/2588
f 2591/2342/2589 2567/2343/2565 2590/2344/2588
f 2591/2345/2589 2566/2346/2564 2567/2347/2565
f 2592/2348/2590 2566/2349/2564 2591/2350/2589
f 2592/2351/2590 2565/2352/2563 2566/2353/2564
f 2593/2354/2591 2565/2355/2563 2592/2356/2590
f 2593/2357/2591 2564/2358/2562 2565/2359/2563
f 2594/2360/2592 2564/2361/2562 2593/2362/2591
f 2594/2363/2592 2563/2364/2561 2564/2365/2562
f 2562/2366/2560 2594/2367/2592 2595/2368/2593
f 2561/2369/2559 2595/2370/2593 2596/2371/2594
f 2560/2372/2558 2596/2373/2594 2597/2374/2595
f 2412/2375/2411 2597/2376/2595 2410/2377/2409
f 2410/2378/2409 2598/2379/2596 2408/2380/2407
f 2597/2381/2595 2599/2382/2597 2598/2383/2596
f 2596/2384/2594 2600/2385/2598 2599/2386/2597
f 2595/2387/2593 2601/2388/2599 2600/2389/2598
f 2601/2390/2599 2594/2391/2592 2593/2392/2591
f 2601/2393/2599 2593/2394/2591 2602/2395/2600
f 2602/2396/2600 2593/2397/2591 2592/2398/2590
f 2602/2399/2600 2592/2400/2590 2603/2401/2601
f 2603/2402/2601 2592/2403/2590 2591/2404/2589
f 2603/2405/2601 2591/2406/2589 2604/2407/2602
f 2604/2408/2602 2591/2409/2589 2590/2410/2588
f 2604/2411/2602 2590/2412/2588 2605/2413/2603
f 2590/2414/2588 2606/2415/2604 2605/2416/2603
f 2589/2417/2587 2607/2418/2605 2606/2419/2604
f 2588/2420/2586 2608/2421/2606 2607/2422/2605
f 2587/2423/2585 2609/2424/2607 2608/2425/2606
f 2609/2426/2607 2586/2427/2584 2585/2428/2583
f 2609/2429/2607 2585/2430/2583 2610/2431/2608
f 2610/2432/2608 2585/2433/2583 2584/2434/2582
f 2610/2435/2608 2584/2436/2582 2611/2437/2609
f 2611/2438/2609 2584/2439/2582 2583/2440/2581
f 2611/2441/2609 2583/2442/2581 2612/2443/2610
f 2612/2444/2610 2583/2445/2581 2582/2446/2580
f 2612/2447/2610 2582/2448/2580 2613/2449/2611
f 2613/2450/2611 2582/2451/2580 2581/2452/2579
f 2613/2453/2611 2581/2454/2579 2614/2455/2612
f 2614/2456/2612 2581/2457/2579 2579/2458/2578
f 2614/2459/2612 2579/2460/2578 2615/2461/2613
f 2579/2462/2578 2616/2463/2614 2615/2464/2613
f 2615/2465/2613 2618/2466/2615 2617/2467/2616
f 2619/2468/2617 2615/2469/2613 2617/2470/2616
f 2619/2471/2617 2614/2472/2612 2615/2473/2613
f 2620/2474/2618 2614/2475/2612 2619/2476/2617
f 2620/2477/2618 2613/2478/2611 2614/2479/2612
f 2621/2480/2619 2613/2481/2611 2620/2482/2618
f 2621/2483/2619 2612/2484/2610 2613/2485/2611
f 2622/2486/2620 2612/2487/2610 2621/2488/2619
f 2622/2489/2620 2611/2490/2609 2612/2491/2610
f 2623/2492/2621 2611/2493/2609 2622/2494/2620
f 2623/2495/2621 2610/2496/2608 2611/2497/2609
f 2624/2498/2622 2610/2499/2608 2623/2500/2621
f 2624/2501/2622 2609/2502/2607 2610/2503/2608
f 2608/2504/2606 2624/2505/2622 2625/2506/2623
f 2607/2507/2605 2625/2508/2623 2626/2509/2624
f 2606/2510/2604 2626/2511/2624 2627/2512/2625
f 2605/2513/2603 2627/2514/2625 2628/2515/2626
f 2629/2516/2627 2605/2517/2603 2628/2518/2626
f 2629/2519/2627 2604/2520/2602 2605/2521/2603
f 2630/2522/2628 2604/2523/2602 2629/2524/2627
f 2630/2525/2628 2603/2526/2601 2604/2527/2602
f 2631/2528/2629 2603/2529/2601 2630/2530/2628
f 2631/2531/2629 2602/2532/2600 2603/2533/2601
f 2601/2534/2599 2631/2535/2629 2632/2536/2630
f 2600/2537/2598 2632/2538/2630 2633/2539/2631
f 2599/2540/2597 2633/2541/2631 2634/2542/2632
f 2598/2543/2596 2634/2544/2632 2635/2545/2633
f 2408/2546/2407 2635/2547/2633 2405/2548/2404
f 2405/2549/2404 2636/2550/2634 2406/2551/2405
f 2635/2552/2633 2637/2553/2635 2636/2554/2634
f 2634/2555/2632 2638/2556/2636 2637/2557/2635
f 2633/2558/2631 2639/2559/2637 2638/2560/2636
f 2632/2561/2630 2640/2562/2638 2639/2563/2637
f 2631/2564/2629 2641/2565/2639 2640/2566/2638
f 2630/2567/2628 2642/2568/2640 2641/2569/2639
f 2629/2570/2627 2643/2571/2641 2642/2572/2640
f 2628/2573/2626 2644/2574/2642 2643/2575/2641
f 2627/2576/2625 2645/2577/2643 2644/2578/2642
f 2626/2579/2624 2646/2580/2644 2645/2581/2643
f 2625/2582/2623 2647/2583/2645 2646/2584/2644
f 2624/2585/2622 2648/2586/2646 2647/2587/2645
f 2623/2588/2621 2649/2589/2647 2648/2590/2646
f 2622/2591/2620 2650/2592/2648 2649/2593/2647
f 2621/2594/2619 2651/2595/2649 2650/2596/2648
f 2620/2597/2618 2652/2598/2650 2651/2599/2649
f 2619/2600/2617 2653/2601/2651 2652/2602/2650
f 2617/2603/2616 840/2604/2652 2653/2605/2651
f 840/2606/2652 2655/2607/2653 2653/2608/2651
f 2654/2609/2654 2657/2610/2655 2655/2611/2653
f 2656/2612/2656 2659/2613/2657 2657/2614/2655
f 2658/2615/2658 2661/2616/2659 2659/2617/2657
f 2660/2618/2660 2663/2619/2661 2661/2620/2659
f 2662/2621/2662 2665/2622/2663 2663/2623/2661
f 2664/2624/2664 2667/2625/2665 2665/2626/2663
f 2666/2627/2666 2669/2628/2667 2667/2629/2665
f 2668/2630/2668 2461/2631/2459 2669/2632/2667
f 2669/2633/2667 2459/2634/2457 2670/2635/2669
f 2670/2636/2669 2459/2637/2457 2457/2638/2455
f 2670/2639/2669 2457/2640/2455 2671/2641/2670
f 2671/2642/2670 2457/2643/2455 2455/2644/2453
f 2671/2645/2670 2455/2646/2453 2672/2647/2671
f 2672/2648/2671 2455/2649/2453 2453/2650/2451
f 2672/2651/2671 2453/2652/2451 2673/2653/2672
f 2673/2654/2672 2453/2655/2451 2451/2656/2449
f 2673/2657/2672 2451/2658/2449 2674/2659/2673
f 2674/2660/2673 2449/2661/2447 2675/2662/2674
f 2675/2663/2674 2447/2664/2445 2676/2665/2675
f 2676/2666/2675 2445/2667/2443 2677/2668/2676
f 2677/2669/2676 2443/2670/2441 2678/2671/2677
f 2678/2672/2677 2441/2673/2439 2679/2674/2678
f 2679/2675/2678 2439/2676/2437 2680/2677/2679
f 2680/2678/2679 2439/2679/2437 2437/2680/2435
f 2680/2681/2679 2437/2682/2435 2681/2683/2680
f 2681/2684/2680 2435/2685/2433 2682/2686/2681
f 2682/2687/2681 2433/2688/2431 2683/2689/2682
f 2683/2690/2682 2431/2691/2429 2684/2692/2683
f 2684/2693/2683 2429/2694/2427 2685/2695/2684
f 2685/2696/2684 2427/2697/2426 2686/2698/2685
f 2686/2699/2685 2425/2700/2425 2687/2701/2686
f 2425/2702/2425 2688/2703/2687 2687/2704/2686
f 2687/2705/2686 2690/2706/2688 2689/2707/2689
f 2691/2708/2690 2687/2709/2686 2689/2710/2689
f 2692/2711/2691 2686/2712/2685 2691/2713/2690
f 2693/2714/2692 2685/2715/2684 2692/2716/2691
f 2694/2717/2693 2684/2718/2683 2693/2719/2692
f 2695/2720/2694 2683/2721/2682 2694/2722/2693
f 2696/2723/2695 2682/2724/2681 2695/2725/2694
f 2696/2726/2695 2681/2727/2680 2682/2728/2681
f 2697/2729/2696 2681/2730/2680 2696/2731/2695
f 2697/2732/2696 2680/2733/2679 2681/2734/2680
f 2698/2735/2697 2680/2736/2679 2697/2737/2696
f 2698/2738/2697 2679/2739/2678 2680/2740/2679
f 2699/2741/2698 2679/2742/2678 2698/2743/2697
f 2700/2744/2699 2678/2745/2677 2699/2746/2698
f 2701/2747/2700 2677/2748/2676 2700/2749/2699
f 2702/2750/2701 2676/2751/2675 2701/2752/2700
f 2703/2753/2702 2675/2754/2674 2702/2755/2701
f 2703/2756/2702 2674/2757/2673 2675/2758/2674
f 2704/2759/2703 2674/2760/2673 2703/2761/2702
f 2704/2762/2703 2673/2763/2672 2674/2764/2673
f 2705/2765/2704 2673/2766/2672 2704/2767/2703
f 2705/2768/2704 2672/2769/2671 2673/2770/2672
f 2706/2771/2705 2672/2772/2671 2705/2773/2704
f 2706/2774/2705 2671/2775/2670 2672/2776/2671
f 2707/2777/2706 2671/2778/2670 2706/2779/2705
f 2707/2780/2706 2670/2781/2669 2671/2782/2670
f 2667/2783/2665 2670/2784/2669 2707/2785/2706
f 2667/2786/2665 2669/2787/2667 2670/2788/2669
f 2665/2789/2663 2667/2790/2665 2707/2791/2706
f 2665/2792/2663 2707/2793/2706 2708/2794/2707
f 2708/2795/2707 2707/2796/2706 2706/2797/2705
f 2708/2798/2707 2706/2799/2705 2709/2800/2708
f 2709/2801/2708 2706/2802/2705 2705/2803/2704
f 2709/2804/2708 2705/2805/2704 2710/2806/2709
f 2710/2807/2709 2705/2808/2704 2704/2809/2703
f 2710/2810/2709 2704/2811/2703 2711/2812/2710
f 2711/2813/2710 2704/2814/2703 2703/2815/2702
f 2711/2816/2710 2703/2817/2702 2712/2818/2711
f 2712/2819/2711 2702/2820/2701 2713/2821/2712
f 2713/2822/2712 2701/2823/2700 2714/2824/2713
f 2714/2825/2713 2700/2826/2699 2715/2827/2714
f 2715/2828/2714 2699/2829/2698 2716/2830/2715
f 2716/2831/2715 2698/2832/2697 2717/2833/2716
f 2717/2834/2716 2697/2835/2696 2718/2836/2717
f 2718/2837/2717 2697/2838/2696 2696/2839/2695
f 2718/2840/2717 2696/2841/2695 2719/2842/2718
f 2719/2843/2718 2696/2844/2695 2695/2845/2694
f 2719/2846/2718 2695/2847/2694 2720/2848/2719
f 2720/2849/2719 2694/2850/2693 2721/2851/2720
f 2721/2852/2720 2693/2853/2692 2722/2854/2721
f 2722/2855/2721 2692/2856/2691 2723/2857/2722
f 2723/2858/2722 2691/2859/2690 2724/2860/2723
f 2724/2861/2723 2689/2862/2689 2725/2863/2724
f 2689/2864/2689 2726/2865/2725 2725/2866/2724
f 2725/2867/2724 2728/2868/2726 2727/2869/2727
f 2729/2870/2728 2725/2871/2724 2727/2872/2727
f 2730/2873/2729 2724/2874/2723 2729/2875/2728
f 2731/2876/2730 2723/2877/2722 2730/2878/2729
f 2732/2879/2731 2722/2880/2721 2731/2881/2730
f 2733/2882/2732 2721/2883/2720 2732/2884/2731
f 2734/2885/2733 2720/2886/2719 2733/2887/2732
f 2735/2888/2734 2719/2889/2718 2734/2890/2733
f 2736/2891/2735 2718/2892/2717 2735/2893/2734
f 2737/2894/2736 2717/2895/2716 2736/2896/2735
f 2738/2897/2737 2716/2898/2715 2737/2899/2736
f 2739/2900/2738 2715/2901/2714 2738/2902/2737
f 2740/2903/2739 2714/2904/2713 2739/2905/2738
f 2741/2906/2740 2713/2907/2712 2740/2908/2739
f 2742/2909/2741 2712/2910/2711 2741/2911/2740
f 2743/2912/2742 2711/2913/2710 2742/2914/2741
f 2744/2915/2743 2710/2916/2709 2743/2917/2742
f 2745/2918/2744 2709/2919/2708 2744/2920/2743
f 2663/2921/2661 2708/2922/2707 2745/2923/2744
f 2661/2924/2659 2745/2925/2744 2746/2926/2745
f 2746/2927/2745 2744/2928/2743 2747/2929/2746
f 2747/2930/2746 2743/2931/2742 2748/2932/2747
f 2748/2933/2747 2742/2934/2741 2749/2935/2748
f 2749/2936/2748 2741/2937/2740 2750/2938/2749
f 2750/2939/2749 2740/2940/2739 2751/2941/2750
f 2751/2942/2750 2739/2943/2738 2752/2944/2751
f 2752/2945/2751 2738/2946/2737 2753/2947/2752
f 2753/2948/2752 2737/2949/2736 2754/2950/2753
f 2754/2951/2753 2736/2952/2735 2755/2953/2754
f 2755/2954/2754 2735/2955/2734 2756/2956/2755
f 2756/2957/2755 2734/2958/2733 2757/2959/2756
f 2757/2960/2756 2733/2961/2732 2758/2962/2757
f 2758/2963/2757 2732/2964/2731 2759/2965/2758
f 2759/2966/2758 2731/2967/2730 2760/2968/2759
f 2760/2969/2759 2730/2970/2729 2761/2971/2760
f 2761/2972/2760 2729/2973/2728 2762/2974/2761
f 2762/2975/2761 2727/2976/2727 2763/2977/2762
f 2727/2978/2727 2764/2979/2763 2763/2980/2762
f 2763/2981/2762 2766/2982/2764 2765/2983/2765
f 2767/2984/2766 2763/2985/2762 2765/2986/2765
f 2768/2987/2767 2762/2988/2761 2767/2989/2766
f 2769/2990/2768 2761/2991/2760 2768/2992/2767
f 2770/2993/2769 2760/2994/2759 2769/2995/2768
f 2771/2996/2770 2759/2997/2758 2770/2998/2769
f 2771/2999/2770 2758/3000/2757 2759/3001/2758
f 2772/3002/2771 2758/3003/2757 2771/3004/2770
f 2772/3005/2771 2757/3006/2756 2758/3007/2757
f 2773/3008/2772 2757/3009/2756 2772/3010/2771
f 2773/3011/2772 2756/3012/2755 2757/3013/2756
f 2774/3014/2773 2756/3015/2755 2773/3016/2772
f 2774/3017/2773 2755/3018/2754 2756/3019/2755
f 2775/3020/2774 2755/3021/2754 2774/3022/2773
f 2776/3023/2775 2754/3024/2753 2775/3025/2774
f 2777/3026/2776 2753/3027/2752 2776/3028/2775
f 2778/3029/2777 2752/3030/2751 2777/3031/2776
f 2779/3032/2778 2751/3033/2750 2778/3034/2777
f 2779/3035/2778 2750/3036/2749 2751/3037/2750
f 2780/3038/2779 2750/3039/2749 2779/3040/2778
f 2780/3041/2779 2749/3042/2748 2750/3043/2749
f 2781/3044/2780 2749/3045/2748 2780/3046/2779
f 2781/3047/2780 2748/3048/2747 2749/3049/2748
f 2782/3050/2781 2748/3051/2747 2781/3052/2780
f 2782/3053/2781 2747/3054/2746 2748/3055/2747
f 2783/3056/2782 2747/3057/2746 2782/3058/2781
f 2783/3059/2782 2746/3060/2745 2747/3061/2746
f 2659/3062/2657 2746/3063/2745 2783/3064/2782
f 2659/3065/2657 2661/3066/2659 2746/3067/2745
f 2657/3068/2655 2659/3069/2657 2783/3070/2782
f 2657/3071/2655 2783/3072/2782 2784/3073/2783
f 2784/3074/2783 2783/3075/2782 2782/3076/2781
f 2784/3077/2783 2782/3078/2781 2785/3079/2784
f 2785/3080/2784 2782/3081/2781 2781/3082/2780
f 2785/3083/2784 2781/3084/2780 2786/3085/2785
f 2786/3086/2785 2781/3087/2780 2780/3088/2779
f 2786/3089/2785 2780/3090/2779 2787/3091/2786
f 2787/3092/2786 2780/3093/2779 2779/3094/2778
f 2787/3095/2786 2779/3096/2778 2788/3097/2787
f 2788/3098/2787 2779/3099/2778 2778/3100/2777
f 2788/3101/2787 2778/3102/2777 2789/3103/2788
f 2789/3104/2788 2777/3105/2776 2790/3106/2789
f 2790/3107/2789 2776/3108/2775 2791/3109/2790
f 2791/3110/2790 2775/3111/2774 2792/3112/2791
f 2792/3113/2791 2774/3114/2773 2793/3115/2792
f 2793/3116/2792 2774/3117/2773 2773/3118/2772
f 2793/3119/2792 2773/3120/2772 2794/3121/2793
f 2794/3122/2793 2773/3123/2772 2772/3124/2771
f 2794/3125/2793 2772/3126/2771 2795/3127/2794
f 2795/3128/2794 2772/3129/2771 2771/3130/2770
f 2795/3131/2794 2771/3132/2770 2796/3133/2795
f 2796/3134/2795 2771/3135/2770 2770/3136/2769
f 2796/3137/2795 2770/3138/2769 2797/3139/2796
f 2797/3140/2796 2769/3141/2768 2798/3142/2797
f 2798/3143/2797 2768/3144/2767 2799/3145/2798
f 2799/3146/2798 2767/3147/2766 2800/3148/2799
f 2800/3149/2799 2765/3150/2765 2801/3151/2800
f 2765/3152/2765 2802/3153/2801 2801/3154/2800
f 2801/3155/2800 2804/3156/2802 2803/3157/2803
f 2805/3158/2804 2801/3159/2800 2803/3160/2803
f 2806/3161/2805 2800/3162/2799 2805/3163/2804
f 2807/3164/2806 2799/3165/2798 2806/3166/2805
f 2808/3167/2807 2798/3168/2797 2807/3169/2806
f 2809/3170/2808 2797/3171/2796 2808/3172/2807
f 2810/3173/2809 2796/3174/2795 2809/3175/2808
f 2810/3176/2809 2795/3177/2794 2796/3178/2795
f 2811/3179/2810 2795/3180/2794 2810/3181/2809
f 2811/3182/2810 2794/3183/2793 2795/3184/2794
f 2812/3185/2811 2794/3186/2793 2811/3187/2810
f 2812/3188/2811 2793/3189/2792 2794/3190/2793
f 2813/3191/2812 2793/3192/2792 2812/3193/2811
f 2814/3194/2813 2792/3195/2791 2813/3196/2812
f 2815/3197/2814 2791/3198/2790 2814/3199/2813
f 2816/3200/2815 2790/3201/2789 2815/3202/2814
f 2817/3203/2816 2789/3204/2788 2816/3205/2815
f 2817/3206/2816 2788/3207/2787 2789/3208/2788
f 2818/3209/2817 2788/3210/2787 2817/3211/2816
f 2818/3212/2817 2787/3213/2786 2788/3214/2787
f 2819/3215/2818 2787/3216/2786 2818/3217/2817
f 2819/3218/2818 2786/3219/2785 2787/3220/2786
f 2820/3221/2819 2786/3222/2785 2819/3223/2818
f 2820/3224/2819 2785/3225/2784 2786/3226/2785
f 2821/3227/2820 2785/3228/2784 2820/3229/2819
f 2821/3230/2820 2784/3231/2783 2785/3232/2784
f 2655/3233/2653 2784/3234/2783 2821/3235/2820
f 2655/3236/2653 2657/3237/2655 2784/3238/2783
f 2653/3239/2651 2821/3240/2820 2652/3241/2650
f 2652/3242/2650 2820/3243/2819 2651/3244/2649
f 2651/3245/2649 2819/3246/2818 2650/3247/2648
f 2650/3248/2648 2818/3249/2817 2649/3250/2647
f 2649/3251/2647 2817/3252/2816 2648/3253/2646
f 2648/3254/2646 2816/3255/2815 2647/3256/2645
f 2647/3257/2645 2815/3258/2814 2646/3259/2644
f 2646/3260/2644 2814/3261/2813 2645/3262/2643
f 2645/3263/2643 2813/3264/2812 2644/3265/2642
f 2644/3266/2642 2812/3267/2811 2643/3268/2641
f 2643/3269/2641 2811/3270/2810 2642/3271/2640
f 2642/3272/2640 2810/3273/2809 2641/3274/2639
f 2641/3275/2639 2809/3276/2808 2640/3277/2638
f 2640/3278/2638 2808/3279/2807 2639/3280/2637
f 2639/3281/2637 2807/3282/2806 2638/3283/2636
f 2638/3284/2636 2806/3285/2805 2637/3286/2635
f 2637/3287/2635 2805/3288/2804 2636/3289/2634
f 2636/3290/2634 2803/3291/2803 2406/3292/2405
f 2803/3293/2803 2403/3294/2403 2406/3295/2405
f 2822/3296/2821 2823/3297/2822 2824/3298/2823
f 2823/3299/2822 2825/3300/2824 2824/3301/2823
f 2823/3302/2822 2826/3303/2825 2825/3304/2824
f 2826/3305/2825 2827/3306/2826 2825/3307/2824
f 2826/3308/2825 2828/3309/2827 2827/3310/2826
f 2828/3311/2827 2829/3312/2828 2827/3313/2826
f 2828/3314/2827 2830/3315/2829 2829/3316/2828
f 2830/3317/2829 2831/3318/2830 2829/3319/2828
f 2830/3320/2829 2832/3321/2831 2831/3322/2830
f 2832/3323/2831 2834/3324/2832 2831/3325/2830
f 2833/3326/2833 2835/3327/2834 2834/3328/2832
f 2833/3329/2833 2836/3330/2835 2835/3331/2834
f 2836/3332/2835 2837/3333/2836 2835/3334/2834
f 2836/3335/2835 2838/3336/2837 2837/3337/2836
f 2838/3338/2837 2839/3339/2838 2837/3340/2836
f 2838/3341/2837 2840/3342/2839 2839/3343/2838
f 2840/3344/2839 2842/3345/2840 2839/3346/2838
f 2842/3347/2840 2844/3348/2841 2843/3349/2842
f 2846/3350/2843 2843/3351/2842 2845/3352/2844
f 2848/3353/2845 2845/3354/2844 2847/3355/2846
f 2850/3356/2847 2847/3357/2846 2849/3358/2848
f 2852/3359/2849 2849/3360/2848 2851/3361/2850
f 2853/3362/2851 2852/3363/2849 2851/3364/2850
f 2853/3365/2851 2854/3366/2852 2852/3367/2849
f 2855/3368/2853 2854/3369/2852 2853/3370/2851
f 2855/3371/2853 2856/3372/2854 2854/3373/2852
f 2857/3374/2855 2856/3375/2854 2855/3376/2853
f 2857/3377/2855 2858/3378/2856 2856/3379/2854
f 2859/3380/2857 2858/3381/2856 2857/3382/2855
f 2859/3383/2857 2860/3384/2858 2858/3385/2856
f 2861/3386/2859 2860/3387/2858 2859/3388/2857
f 2861/3389/2859 2862/3390/2860 2860/3391/2858
f 2863/3392/2861 2862/3393/2860 2861/3394/2859
f 2865/3395/2862 2864/3396/2863 2863/3397/2861
f 2867/3398/2864 2866/3399/2865 2865/3400/2862
f 2869/3401/2866 2868/3402/2867 2867/3403/2864
f 2871/3404/2868 2870/3405/2869 2869/3406/2866
f 2874/3407/2870 2871/3408/2868 2873/3409/2871
f 2876/3410/2872 2873/3411/2871 2875/3412/2873
f 2878/3413/2874 2875/3414/2873 2877/3415/2875
f 2880/3416/2876 2877/3417/2875 2879/3418/2877
f 2882/3419/2878 2879/3420/2877 2881/3421/2879
f 2883/3422/2880 2882/3423/2878 2884/3424/2881
f 2885/3425/2882 2880/3426/2876 2883/3427/2880
f 2886/3428/2883 2878/3429/2874 2885/3430/2882
f 2887/3431/2884 2876/3432/2872 2886/3433/2883
f 2888/3434/2885 2874/3435/2870 2887/3436/2884
f 2870/3437/2869 2888/3438/2885 2889/3439/2886
f 2868/3440/2867 2889/3441/2886 2890/3442/2887
f 2866/3443/2865 2890/3444/2887 2891/3445/2888
f 2864/3446/2863 2891/3447/2888 2892/3448/2889
f 2862/3449/2860 2892/3450/2889 2893/3451/2890
f 2894/3452/2891 2862/3453/2860 2893/3454/2890
f 2894/3455/2891 2860/3456/2858 2862/3457/2860
f 2895/3458/2892 2860/3459/2858 2894/3460/2891
f 2895/3461/2892 2858/3462/2856 2860/3463/2858
f 2896/3464/2893 2858/3465/2856 2895/3466/2892
f 2896/3467/2893 2856/3468/2854 2858/3469/2856
f 2897/3470/2894 2856/3471/2854 2896/3472/2893
f 2897/3473/2894 2854/3474/2852 2856/3475/2854
f 2898/3476/2895 2854/3477/2852 2897/3478/2894
f 2898/3479/2895 2852/3480/2849 2854/3481/2852
f 2899/3482/2896 2852/3483/2849 2898/3484/2895
f 2900/3485/2897 2850/3486/2847 2899/3487/2896
f 2901/3488/2898 2848/3489/2845 2900/3490/2897
f 2839/3491/2838 2846/3492/2843 2901/3493/2898
f 2837/3494/2836 2901/3495/2898 2902/3496/2899
f 2902/3497/2899 2900/3498/2897 2903/3499/2900
f 2903/3500/2900 2900/3501/2897 2899/3502/2896
f 2903/3503/2900 2899/3504/2896 2904/3505/2901
f 2904/3506/2901 2899/3507/2896 2898/3508/2895
f 2904/3509/2901 2898/3510/2895 2905/3511/2902
f 2905/3512/2902 2898/3513/2895 2897/3514/2894
f 2905/3515/2902 2897/3516/2894 2906/3517/2903
f 2906/3518/2903 2897/3519/2894 2896/3520/2893
f 2906/3521/2903 2896/3522/2893 2907/3523/2904
f 2907/3524/2904 2896/3525/2893 2895/3526/2892
f 2907/3527/2904 2895/3528/2892 2908/3529/2905
f 2908/3530/2905 2895/3531/2892 2894/3532/2891
f 2908/3533/2905 2894/3534/2891 2909/3535/2906
f 2909/3536/2906 2894/3537/2891 2893/3538/2890
f 2909/3539/2906 2893/3540/2890 2910/3541/2907
f 2893/3542/2890 2911/3543/2908 2910/3544/2907
f 2892/3545/2889 2912/3546/2909 2911/3547/2908
f 2891/3548/2888 2913/3549/2910 2912/3550/2909
f 2913/3551/2910 2890/3552/2887 2889/3553/2886
f 2913/3554/2910 2889/3555/2886 2914/3556/2911
f 2889/3557/2886 2915/3558/2912 2914/3559/2911
f 2915/3560/2912 2887/3561/2884 2916/3562/2913
f 2916/3563/2913 2886/3564/2883 2917/3565/2914
f 2917/3566/2914 2885/3567/2882 2918/3568/2915
f 2918/3569/2915 2883/3570/2880 2919/3571/2916
f 2919/3572/2916 2884/3573/2881 2920/3574/2917
f 2921/3575/2918 2920/3576/2917 2922/3577/2919
f 2923/3578/2920 2919/3579/2916 2921/3580/2918
f 2924/3581/2921 2918/3582/2915 2923/3583/2920
f 2925/3584/2922 2917/3585/2914 2924/3586/2921
f 2926/3587/2923 2916/3588/2913 2925/3589/2922
f 2914/3590/2911 2926/3591/2923 2927/3592/2924
f 2928/3593/2925 2914/3594/2911 2927/3595/2924
f 2928/3596/2925 2913/3597/2910 2914/3598/2911
f 2929/3599/2926 2913/3600/2910 2928/3601/2925
f 2929/3602/2926 2912/3603/2909 2913/3604/2910
f 2911/3605/2908 2929/3606/2926 2930/3607/2927
f 2910/3608/2907 2930/3609/2927 2931/3610/2928
f 2932/3611/2929 2910/3612/2907 2931/3613/2928
f 2932/3614/2929 2909/3615/2906 2910/3616/2907
f 2933/3617/2930 2909/3618/2906 2932/3619/2929
f 2933/3620/2930 2908/3621/2905 2909/3622/2906
f 2934/3623/2931 2908/3624/2905 2933/3625/2930
f 2934/3626/2931 2907/3627/2904 2908/3628/2905
f 2935/3629/2932 2907/3630/2904 2934/3631/2931
f 2935/3632/2932 2906/3633/2903 2907/3634/2904
f 2936/3635/2933 2906/3636/2903 2935/3637/2932
f 2936/3638/2933 2905/3639/2902 2906/3640/2903
f 2937/3641/2934 2905/3642/2902 2936/3643/2933
f 2937/3644/2934 2904/3645/2901 2905/3646/2902
f 2938/3647/2935 2904/3648/2901 2937/3649/2934
f 2938/3650/2935 2903/3651/2900 2904/3652/2901
f 2939/3653/2936 2903/3654/2900 2938/3655/2935
f 2939/3656/2936 2902/3657/2899 2903/3658/2900
f 2835/3659/2834 2902/3660/2899 2939/3661/2936
f 2834/3662/2832 2939/3663/2936 2940/3664/2937
f 2940/3665/2937 2939/3666/2936 2938/3667/2935
f 2940/3668/2937 2938/3669/2935 2941/3670/2938
f 2941/3671/2938 2938/3672/2935 2937/3673/2934
f 2941/3674/2938 2937/3675/2934 2942/3676/2939
f 2942/3677/2939 2937/3678/2934 2936/3679/2933
f 2942/3680/2939 2936/3681/2933 2943/3682/2940
f 2943/3683/2940 2936/3684/2933 2935/3685/2932
f 2943/3686/2940 2935/3687/2932 2944/3688/2941
f 2944/3689/2941 2935/3690/2932 2934/3691/2931
f 2944/3692/2941 2934/3693/2931 2945/3694/2942
f 2945/3695/2942 2934/3696/2931 2933/3697/2930
f 2945/3698/2942 2933/3699/2930 2946/3700/2943
f 2946/3701/2943 2933/3702/2930 2932/3703/2929
f 2946/3704/2943 2932/3705/2929 2947/3706/2944
f 2947/3707/2944 2932/3708/2929 2931/3709/2928
f 2947/3710/2944 2931/3711/2928 2948/3712/2945
f 2931/3713/2928 2949/3714/2946 2948/3715/2945
f 2930/3716/2927 2950/3717/2947 2949/3718/2946
f 2929/3719/2926 2951/3720/2948 2950/3721/2947
f 2928/3722/2925 2952/3723/2949 2951/3724/2948
f 2927/3725/2924 2953/3726/2950 2952/3727/2949
f 2953/3728/2950 2925/3729/2922 2954/3730/2951
f 2954/3731/2951 2924/3732/2921 2955/3733/2952
f 2955/3734/2952 2923/3735/2920 2956/3736/2953
f 2956/3737/2953 2921/3738/2918 2957/3739/2954
f 2957/3740/2954 2922/3741/2919 2958/3742/2955
f 2959/3743/2956 2958/3744/2955 2960/3745/2957
f 2961/3746/2958 2957/3747/2954 2959/3748/2956
f 2962/3749/2959 2956/3750/2953 2961/3751/2958
f 2963/3752/2960 2955/3753/2952 2962/3754/2959
f 2964/3755/2961 2954/3756/2951 2963/3757/2960
f 2952/3758/2949 2964/3759/2961 2965/3760/2962
f 2951/3761/2948 2965/3762/2962 2966/3763/2963
f 2950/3764/2947 2966/3765/2963 2967/3766/2964
f 2949/3767/2946 2967/3768/2964 2968/3769/2965
f 2948/3770/2945 2968/3771/2965 2969/3772/2966
f 2970/3773/2967 2948/3774/2945 2969/3775/2966
f 2970/3776/2967 2947/3777/2944 2948/3778/2945
f 2971/3779/2968 2947/3780/2944 2970/3781/2967
f 2971/3782/2968 2946/3783/2943 2947/3784/2944
f 2972/3785/2969 2946/3786/2943 2971/3787/2968
f 2972/3788/2969 2945/3789/2942 2946/3790/2943
f 2973/3791/2970 2945/3792/2942 2972/3793/2969
f 2973/3794/2970 2944/3795/2941 2945/3796/2942
f 2974/3797/2971 2944/3798/2941 2973/3799/2970
f 2974/3800/2971 2943/3801/2940 2944/3802/2941
f 2975/3803/2972 2943/3804/2940 2974/3805/2971
f 2975/3806/2972 2942/3807/2939 2943/3808/2940
f 2976/3809/2973 2942/3810/2939 2975/3811/2972
f 2976/3812/2973 2941/3813/2938 2942/3814/2939
f 2977/3815/2974 2941/3816/2938 2976/3817/2973
f 2977/3818/2974 2940/3819/2937 2941/3820/2938
f 2831/3821/2830 2940/3822/2937 2977/3823/2974
f 2831/3824/2830 2834/3825/2832 2940/3826/2937
f 2829/3827/2828 2831/3828/2830 2977/3829/2974
f 2829/3830/2828 2977/3831/2974 2978/3832/2975
f 2978/3833/2975 2977/3834/2974 2976/3835/2973
f 2978/3836/2975 2976/3837/2973 2979/3838/2976
f 2979/3839/2976 2976/3840/2973 2975/3841/2972
f 2979/3842/2976 2975/3843/2972 2980/3844/2977
f 2980/3845/2977 2975/3846/2972 2974/3847/2971
f 2980/3848/2977 2974/3849/2971 2981/3850/2978
f 2981/3851/2978 2974/3852/2971 2973/3853/2970
f 2981/3854/2978 2973/3855/2970 2982/3856/2979
f 2982/3857/2979 2973/3858/2970 2972/3859/2969
f 2982/3860/2979 2972/3861/2969 2983/3862/2980
f 2972/3863/2969 2984/3864/2981 2983/3865/2980
f 2971/3866/2968 2985/3867/2982 2984/3868/2981
f 2985/3869/2982 2970/3870/2967 2969/3871/2966
f 2985/3872/2982 2969/3873/2966 2986/3874/2983
f 2969/3875/2966 2987/3876/2984 2986/3877/2983
f 2968/3878/2965 2988/3879/2985 2987/3880/2984
f 2967/3881/2964 2989/3882/2986 2988/3883/2985
f 2966/3884/2963 2990/3885/2987 2989/3886/2986
f 2965/3887/2962 2991/3888/2988 2990/3889/2987
f 2991/3890/2988 2963/3891/2960 2992/3892/2989
f 2992/3893/2989 2962/3894/2959 2993/3895/2990
f 2993/3896/2990 2961/3897/2958 2994/3898/2991
f 2994/3899/2991 2959/3900/2956 2995/3901/2992
f 2995/3902/2992 2960/3903/2957 2996/3904/2993
f 2997/3905/2994 2996/3906/2993 2998/3907/2995
f 2999/3908/2996 2995/3909/2992 2997/3910/2994
f 3000/3911/2997 2994/3912/2991 2999/3913/2996
f 3001/3914/2998 2993/3915/2990 3000/3916/2997
f 2991/3917/2988 3001/3918/2998 3002/3919/2999
f 2990/3920/2987 3002/3921/2999 3003/3922/3000
f 2989/3923/2986 3003/3924/3000 3004/3925/3001
f 2988/3926/2985 3004/3927/3001 3005/3928/3002
f 2987/3929/2984 3005/3930/3002 3006/3931/3003
f 2986/3932/2983 3006/3933/3003 3007/3934/3004
f 3008/3935/3005 2986/3936/2983 3007/3937/3004
f 3008/3938/3005 2985/3939/2982 2986/3940/2983
f 3009/3941/3006 2985/3942/2982 3008/3943/3005
f 3009/3944/3006 2984/3945/2981 2985/3946/2982
f 3010/3947/3007 2984/3948/2981 3009/3949/3006
f 3010/3950/3007 2983/3951/2980 2984/3952/2981
f 3011/3953/3008 2983/3954/2980 3010/3955/3007
f 3011/3956/3008 2982/3957/2979 2983/3958/2980
f 3012/3959/3009 2982/3960/2979 3011/3961/3008
f 3013/3962/3010 2981/3963/2978 3012/3964/3009
f 3014/3965/3011 2980/3966/2977 3013/3967/3010
f 3015/3968/3012 2979/3969/2976 3014/3970/3011
f 3015/3971/3012 2978/3972/2975 2979/3973/2976
f 2827/3974/2826 2978/3975/2975 3015/3976/3012
f 2827/3977/2826 2829/3978/2828 2978/3979/2975
f 2825/3980/2824 2827/3981/2826 3015/3982/3012
f 2825/3983/2824 3015/3984/3012 3016/3985/3013
f 3016/3986/3013 3015/3987/3012 3014/3988/3011
f 3016/3989/3013 3014/3990/3011 3017/3991/3014
f 3017/3992/3014 3013/3993/3010 3018/3994/3015
f 3018/3995/3015 3013/3996/3010 3012/3997/3009
f 3018/3998/3015 3012/3999/3009 3019/4000/3016
f 3019/4001/3016 3012/4002/3009 3011/4003/3008
f 3019/4004/3016 3011/4005/3008 3020/4006/3017
f 3020/4007/3017 3011/4008/3008 3010/4009/3007
f 3020/4010/3017 3010/4011/3007 3021/4012/3018
f 3021/4013/3018 3010/4014/3007 3009/4015/3006
f 3021/4016/3018 3009/4017/3006 3022/4018/3019
f 3022/4019/3019 3009/4020/3006 3008/4021/3005
f 3022/4022/3019 3008/4023/3005 3023/4024/3020
f 3023/4025/3020 3008/4026/3005 3007/4027/3004
f 3023/4028/3020 3007/4029/3004 3024/4030/3021
f 3024/4031/3021 3007/4032/3004 3006/4033/3003
f 3024/4034/3021 3006/4035/3003 3025/4036/3022
f 3006/4037/3003 3026/4038/3023 3025/4039/3022
f 3005/4040/3002 3027/4041/3024 3026/4042/3023
f 3004/4043/3001 3028/4044/3025 3027/4045/3024
f 3003/4046/3000 3029/4047/3026 3028/4048/3025
f 3002/4049/2999 3030/4050/3027 3029/4051/3026
f 3030/4052/3027 3000/4053/2997 3031/4054/3028
f 3031/4055/3028 2999/4056/2996 3032/4057/3029
f 3032/4058/3029 2997/4059/2994 3033/4060/3030
f 3033/4061/3030 2997/4062/2994 2998/4063/2995
f 3033/4064/3030 2998/4065/2995 3034/4066/3031
f 3035/4067/3032 3034/4068/3031 3036/4069/3033
f 3037/4070/3034 3033/4071/3030 3035/4072/3032
f 3038/4073/3035 3032/4074/3029 3037/4075/3034
f 3039/4076/3036 3031/4077/3028 3038/4078/3035
f 3029/4079/3026 3039/4080/3036 3040/4081/3037
f 3028/4082/3025 3040/4083/3037 3041/4084/3038
f 3027/4085/3024 3041/4086/3038 3042/4087/3039
f 3026/4088/3023 3042/4089/3039 3043/4090/3040
f 3025/4091/3022 3043/4092/3040 3044/4093/3041
f 3024/4094/3021 3044/4095/3041 3045/4096/3042
f 3046/4097/3043 3024/4098/3021 3045/4099/3042
f 3046/4100/3043 3023/4101/3020 3024/4102/3021
f 3047/4103/3044 3023/4104/3020 3046/4105/3043
f 3047/4106/3044 3022/4107/3019 3023/4108/3020
f 3048/4109/3045 3022/4110/3019 3047/4111/3044
f 3048/4112/3045 3021/4113/3018 3022/4114/3019
f 3049/4115/3046 3021/4116/3018 3048/4117/3045
f 3049/4118/3046 3020/4119/3017 3021/4120/3018
f 3050/4121/3047 3020/4122/3017 3049/4123/3046
f 3050/4124/3047 3019/4125/3016 3020/4126/3017
f 3051/4127/3048 3019/4128/3016 3050/4129/3047
f 3051/4130/3048 3018/4131/3015 3019/4132/3016
f 3052/4133/3049 3018/4134/3015 3051/4135/3048
f 3053/4136/3050 3017/4137/3014 3052/4138/3049
f 2824/4139/2823 3016/4140/3013 3053/4141/3050
f 2824/4142/2823 2825/4143/2824 3016/4144/3013
f 3054/4145/3051 3053/4146/3050 3055/4147/3052
f 2822/4148/2821 2824/4149/2823 3054/4150/3051
f 3054/4151/3051 3056/4152/3053 2822/4153/2821
f 3054/4154/3051 3057/4155/3054 3056/4156/3053
f 3058/4157/3055 3054/4158/3051 3055/4159/3052
f 3060/4160/3056 3055/4161/3052 3059/4162/3057
f 3062/4163/3058 3059/4164/3057 3061/4165/3059
f 3064/4166/3060 3061/4167/3059 3063/4168/3061
f 3066/4169/3062 3063/4170/3061 3065/4171/3063
f 3067/4172/3064 3066/4173/3062 3065/4174/3063
f 3067/4175/3064 3068/4176/3065 3066/4177/3062
f 3069/4178/3066 3068/4179/3065 3067/4180/3064
f 3069/4181/3066 3070/4182/3067 3068/4183/3065
f 3071/4184/3068 3070/4185/3067 3069/4186/3066
f 3071/4187/3068 3072/4188/3069 3070/4189/3067
f 3073/4190/3070 3072/4191/3069 3071/4192/3068
f 3073/4193/3070 3074/4194/3071 3072/4195/3069
f 3075/4196/3072 3074/4197/3071 3073/4198/3070
f 3077/4199/3073 3076/4200/3074 3075/4201/3072
f 3079/4202/3075 3078/4203/3076 3077/4204/3073
f 3081/4205/3077 3080/4206/3078 3079/4207/3075
f 3083/4208/3079 3082/4209/3080 3081/4210/3077
f 3085/4211/3081 3084/4212/3082 3083/4213/3079
f 3088/4214/3083 3085/4215/3081 3087/4216/3084
f 3090/4217/3085 3087/4218/3084 3089/4219/3086
f 3092/4220/3087 3089/4221/3086 3091/4222/3088
f 3094/4223/3089 3091/4224/3088 3093/4225/3090
f 3095/4226/3091 3092/4227/3087 3094/4228/3089
f 3095/4229/3091 3097/4230/3092 3096/4231/3093
f 3095/4232/3091 3098/4233/3094 3097/4234/3092
f 3099/4235/3095 3097/4236/3092 3098/4237/3094
f 3101/4238/3096 3100/4239/3097 3099/4240/3095
f 3103/4241/3098 3102/4242/3099 3101/4243/3096
f 3105/4244/3100 3104/4245/3101 3103/4246/3098
f 3107/4247/3102 3106/4248/3103 3105/4249/3100
f 2881/4250/2879 3108/4251/3104 3107/4252/3102
f 2879/4253/2877 3109/4254/3105 3108/4255/3104
f 2877/4256/2875 3110/4257/3106 3109/4258/3105
f 2875/4259/2873 3111/4260/3107 3110/4261/3106
f 2873/4262/2871 3112/4263/3108 3111/4264/3107
f 3112/4265/3108 2869/4266/2866 3113/4267/3109
f 3113/4268/3109 2869/4269/2866 2867/4270/2864
f 3113/4271/3109 2867/4272/2864 3114/4273/3110
f 3114/4274/3110 2865/4275/2862 3115/4276/3111
f 3115/4277/3111 2863/4278/2861 3116/4279/3112
f 3116/4280/3112 2861/4281/2859 3117/4282/3113
f 3117/4283/3113 2861/4284/2859 2859/4285/2857
f 3117/4286/3113 2859/4287/2857 3118/4288/3114
f 3118/4289/3114 2859/4290/2857 2857/4291/2855
f 3118/4292/3114 2857/4293/2855 3119/4294/3115
f 3119/4295/3115 2857/4296/2855 2855/4297/2853
f 3119/4298/3115 2855/4299/2853 3120/4300/3116
f 3120/4301/3116 2855/4302/2853 2853/4303/2851
f 3120/4304/3116 2853/4305/2851 3121/4306/3117
f 3121/4307/3117 2853/4308/2851 2851/4309/2850
f 3121/4310/3117 2851/4311/2850 3122/4312/3118
f 3122/4313/3118 2851/4314/2850 2849/4315/2848
f 3122/4316/3118 2849/4317/2848 3123/4318/3119
f 3123/4319/3119 2849/4320/2848 2847/4321/2846
f 3123/4322/3119 2847/4323/2846 3124/4324/3120
f 2847/4325/2846 3125/4326/3121 3124/4327/3120
f 2845/4328/2844 3126/4329/3122 3125/4330/3121
f 3126/4331/3122 2843/4332/2842 2844/4333/2841
f 3126/4334/3122 2844/4335/2841 3127/4336/3123
f 3128/4337/3124 3126/4338/3122 3127/4339/3123
f 3125/4340/3121 3128/4341/3124 3129/4342/3125
f 3130/4343/3126 3125/4344/3121 3129/4345/3125
f 3130/4346/3126 3124/4347/3120 3125/4348/3121
f 3131/4349/3127 3124/4350/3120 3130/4351/3126
f 3131/4352/3127 3123/4353/3119 3124/4354/3120
f 3132/4355/3128 3123/4356/3119 3131/4357/3127
f 3132/4358/3128 3122/4359/3118 3123/4360/3119
f 3133/4361/3129 3122/4362/3118 3132/4363/3128
f 3133/4364/3129 3121/4365/3117 3122/4366/3118
f 3134/4367/3130 3121/4368/3117 3133/4369/3129
f 3134/4370/3130 3120/4371/3116 3121/4372/3117
f 3135/4373/3131 3120/4374/3116 3134/4375/3130
f 3135/4376/3131 3119/4377/3115 3120/4378/3116
f 3136/4379/3132 3119/4380/3115 3135/4381/3131
f 3136/4382/3132 3118/4383/3114 3119/4384/3115
f 3137/4385/3133 3118/4386/3114 3136/4387/3132
f 3137/4388/3133 3117/4389/3113 3118/4390/3114
f 3138/4391/3134 3117/4392/3113 3137/4393/3133
f 3139/4394/3135 3116/4395/3112 3138/4396/3134
f 3140/4397/3136 3115/4398/3111 3139/4399/3135
f 3140/4400/3136 3114/4401/3110 3115/4402/3111
f 3141/4403/3137 3114/4404/3110 3140/4405/3136
f 3141/4406/3137 3113/4407/3109 3114/4408/3110
f 3142/4409/3138 3113/4410/3109 3141/4411/3137
f 3111/4412/3107 3142/4413/3138 3143/4414/3139
f 3110/4415/3106 3143/4416/3139 3144/4417/3140
f 3109/4418/3105 3144/4419/3140 3145/4420/3141
f 3108/4421/3104 3145/4422/3141 3106/4423/3103
f 3106/4424/3103 3146/4425/3142 3104/4426/3101
f 3145/4427/3141 3147/4428/3143 3146/4429/3142
f 3144/4430/3140 3148/4431/3144 3147/4432/3143
f 3143/4433/3139 3149/4434/3145 3148/4435/3144
f 3149/4436/3145 3141/4437/3137 3150/4438/3146
f 3150/4439/3146 3140/4440/3136 3151/4441/3147
f 3151/4442/3147 3139/4443/3135 3152/4444/3148
f 3152/4445/3148 3138/4446/3134 3153/4447/3149
f 3153/4448/3149 3137/4449/3133 3154/4450/3150
f 3154/4451/3150 3137/4452/3133 3136/4453/3132
f 3154/4454/3150 3136/4455/3132 3155/4456/3151
f 3155/4457/3151 3136/4458/3132 3135/4459/3131
f 3155/4460/3151 3135/4461/3131 3156/4462/3152
f 3156/4463/3152 3135/4464/3131 3134/4465/3130
f 3156/4466/3152 3134/4467/3130 3157/4468/3153
f 3157/4469/3153 3134/4470/3130 3133/4471/3129
f 3157/4472/3153 3133/4473/3129 3158/4474/3154
f 3158/4475/3154 3133/4476/3129 3132/4477/3128
f 3158/4478/3154 3132/4479/3128 3159/4480/3155
f 3159/4481/3155 3132/4482/3128 3131/4483/3127
f 3159/4484/3155 3131/4485/3127 3160/4486/3156
f 3160/4487/3156 3131/4488/3127 3130/4489/3126
f 3160/4490/3156 3130/4491/3126 3161/4492/3157
f 3161/4493/3157 3130/4494/3126 3129/4495/3125
f 3161/4496/3157 3129/4497/3125 3162/4498/3158
f 3129/4499/3125 3163/4500/3159 3162/4501/3158
f 3163/4502/3159 3128/4503/3124 3164/4504/3160
f 3128/4505/3124 3127/4506/3123 3164/4507/3160
f 3163/4508/3159 3164/4509/3160 3165/4510/3161
f 3163/4511/3159 3167/4512/3162 3166/4513/3163
f 3168/4514/3164 3163/4515/3159 3166/4516/3163
f 3168/4517/3164 3162/4518/3158 3163/4519/3159
f 3169/4520/3165 3162/4521/3158 3168/4522/3164
f 3169/4523/3165 3161/4524/3157 3162/4525/3158
f 3170/4526/3166 3161/4527/3157 3169/4528/3165
f 3170/4529/3166 3160/4530/3156 3161/4531/3157
f 3171/4532/3167 3160/4533/3156 3170/4534/3166
f 3171/4535/3167 3159/4536/3155 3160/4537/3156
f 3172/4538/3168 3159/4539/3155 3171/4540/3167
f 3172/4541/3168 3158/4542/3154 3159/4543/3155
f 3173/4544/3169 3158/4545/3154 3172/4546/3168
f 3173/4547/3169 3157/4548/3153 3158/4549/3154
f 3174/4550/3170 3157/4551/3153 3173/4552/3169
f 3174/4553/3170 3156/4554/3152 3157/4555/3153
f 3175/4556/3171 3156/4557/3152 3174/4558/3170
f 3175/4559/3171 3155/4560/3151 3156/4561/3152
f 3176/4562/3172 3155/4563/3151 3175/4564/3171
f 3176/4565/3172 3154/4566/3150 3155/4567/3151
f 3177/4568/3173 3154/4569/3150 3176/4570/3172
f 3178/4571/3174 3153/4572/3149 3177/4573/3173
f 3179/4574/3175 3152/4575/3148 3178/4576/3174
f 3180/4577/3176 3151/4578/3147 3179/4579/3175
f 3181/4580/3177 3150/4581/3146 3180/4582/3176
f 3148/4583/3144 3181/4584/3177 3182/4585/3178
f 3147/4586/3143 3182/4587/3178 3183/4588/3179
f 3146/4589/3142 3183/4590/3179 3184/4591/3180
f 3104/4592/3101 3184/4593/3180 3102/4594/3099
f 3102/4595/3099 3185/4596/3181 3100/4597/3097
f 3184/4598/3180 3186/4599/3182 3185/4600/3181
f 3183/4601/3179 3187/4602/3183 3186/4603/3182
f 3182/4604/3178 3188/4605/3184 3187/4606/3183
f 3188/4607/3184 3180/4608/3176 3189/4609/3185
f 3189/4610/3185 3179/4611/3175 3190/4612/3186
f 3190/4613/3186 3178/4614/3174 3191/4615/3187
f 3191/4616/3187 3177/4617/3173 3192/4618/3188
f 3192/4619/3188 3176/4620/3172 3193/4621/3189
f 3193/4622/3189 3176/4623/3172 3175/4624/3171
f 3193/4625/3189 3175/4626/3171 3194/4627/3190
f 3194/4628/3190 3174/4629/3170 3195/4630/3191
f 3195/4631/3191 3173/4632/3169 3196/4633/3192
f 3196/4634/3192 3173/4635/3169 3172/4636/3168
f 3196/4637/3192 3172/4638/3168 3197/4639/3193
f 3197/4640/3193 3172/4641/3168 3171/4642/3167
f 3197/4643/3193 3171/4644/3167 3198/4645/3194
f 3198/4646/3194 3171/4647/3167 3170/4648/3166
f 3198/4649/3194 3170/4650/3166 3199/4651/3195
f 3199/4652/3195 3170/4653/3166 3169/4654/3165
f 3199/4655/3195 3169/4656/3165 3200/4657/3196
f 3200/4658/3196 3169/4659/3165 3168/4660/3164
f 3200/4661/3196 3168/4662/3164 3201/4663/3197
f 3201/4664/3197 3168/4665/3164 3166/4666/3163
f 3201/4667/3197 3166/4668/3163 3202/4669/3198
f 3202/4670/3198 3166/4671/3163 3167/4672/3162
f 3202/4673/3198 3167/4674/3162 3203/4675/3199
f 3204/4676/3200 3202/4677/3198 3203/4678/3199
f 3205/4679/3201 3202/4680/3198 3204/4681/3200
f 3205/4682/3201 3201/4683/3197 3202/4684/3198
f 3206/4685/3202 3201/4686/3197 3205/4687/3201
f 3206/4688/3202 3200/4689/3196 3201/4690/3197
f 3199/4691/3195 3206/4692/3202 3207/4693/3203
f 3198/4694/3194 3207/4695/3203 3208/4696/3204
f 3197/4697/3193 3208/4698/3204 3209/4699/3205
f 3210/4700/3206 3197/4701/3193 3209/4702/3205
f 3210/4703/3206 3196/4704/3192 3197/4705/3193
f 3211/4706/3207 3196/4707/3192 3210/4708/3206
f 3211/4709/3207 3195/4710/3191 3196/4711/3192
f 3212/4712/3208 3195/4713/3191 3211/4714/3207
f 3212/4715/3208 3194/4716/3190 3195/4717/3191
f 3213/4718/3209 3194/4719/3190 3212/4720/3208
f 3213/4721/3209 3193/4722/3189 3194/4723/3190
f 3214/4724/3210 3193/4725/3189 3213/4726/3209
f 3215/4727/3211 3192/4728/3188 3214/4729/3210
f 3216/4730/3212 3191/4731/3187 3215/4732/3211
f 3217/4733/3213 3190/4734/3186 3216/4735/3212
f 3218/4736/3214 3189/4737/3185 3217/4738/3213
f 3219/4739/3215 3188/4740/3184 3218/4741/3214
f 3186/4742/3182 3219/4743/3215 3220/4744/3216
f 3185/4745/3181 3220/4746/3216 3221/4747/3217
f 3100/4748/3097 3221/4749/3217 3097/4750/3092
f 3097/4751/3092 3222/4752/3218 3096/4753/3093
f 3221/4754/3217 3223/4755/3219 3222/4756/3218
f 3220/4757/3216 3224/4758/3220 3223/4759/3219
f 3224/4760/3220 3218/4761/3214 3225/4762/3221
f 3225/4763/3221 3217/4764/3213 3226/4765/3222
f 3226/4766/3222 3216/4767/3212 3227/4768/3223
f 3227/4769/3223 3215/4770/3211 3228/4771/3224
f 3228/4772/3224 3214/4773/3210 3229/4774/3225
f 3229/4775/3225 3214/4776/3210 3213/4777/3209
f 3229/4778/3225 3213/4779/3209 3230/4780/3226
f 3230/4781/3226 3213/4782/3209 3212/4783/3208
f 3230/4784/3226 3212/4785/3208 3231/4786/3227
f 3231/4787/3227 3212/4788/3208 3211/4789/3207
f 3231/4790/3227 3211/4791/3207 3232/4792/3228
f 3232/4793/3228 3211/4794/3207 3210/4795/3206
f 3232/4796/3228 3210/4797/3206 3233/4798/3229
f 3233/4799/3229 3210/4800/3206 3209/4801/3205
f 3233/4802/3229 3209/4803/3205 3234/4804/3230
f 3234/4805/3230 3209/4806/3205 3208/4807/3204
f 3234/4808/3230 3208/4809/3204 3235/4810/3231
f 3235/4811/3231 3208/4812/3204 3207/4813/3203
f 3235/4814/3231 3207/4815/3203 3236/4816/3232
f 3207/4817/3203 3237/4818/3233 3236/4819/3232
f 3237/4820/3233 3206/4821/3202 3205/4822/3201
f 3237/4823/3233 3205/4824/3201 3238/4825/3234
f 3238/4826/3234 3205/4827/3201 3204/4828/3200
f 3238/4829/3234 3204/4830/3200 3239/4831/3235
f 3239/4832/3235 3204/4833/3200 3240/4834/3236
f 3204/4835/3200 3203/4836/3199 3240/4837/3236
f 3239/4838/3235 3240/4839/3236 3241/4840/3237
f 3057/4841/3054 3239/4842/3235 3241/4843/3237
f 3058/4844/3055 3239/4845/3235 3057/4846/3054
f 3058/4847/3055 3238/4848/3234 3239/4849/3235
f 3237/4850/3233 3058/4851/3055 3060/4852/3056
f 3236/4853/3232 3060/4854/3056 3062/4855/3058
f 3064/4856/3060 3236/4857/3232 3062/4858/3058
f 3064/4859/3060 3235/4860/3231 3236/4861/3232
f 3066/4862/3062 3235/4863/3231 3064/4864/3060
f 3066/4865/3062 3234/4866/3230 3235/4867/3231
f 3068/4868/3065 3234/4869/3230 3066/4870/3062
f 3068/4871/3065 3233/4872/3229 3234/4873/3230
f 3070/4874/3067 3233/4875/3229 3068/4876/3065
f 3070/4877/3067 3232/4878/3228 3233/4879/3229
f 3072/4880/3069 3232/4881/3228 3070/4882/3067
f 3072/4883/3069 3231/4884/3227 3232/4885/3228
f 3074/4886/3071 3231/4887/3227 3072/4888/3069
f 3074/4889/3071 3230/4890/3226 3231/4891/3227
f 3076/4892/3074 3230/4893/3226 3074/4894/3071
f 3078/4895/3076 3229/4896/3225 3076/4897/3074
f 3080/4898/3078 3228/4899/3224 3078/4900/3076
f 3082/4901/3080 3227/4902/3223 3080/4903/3078
f 3084/4904/3082 3226/4905/3222 3082/4906/3080
f 3086/4907/3238 3225/4908/3221 3084/4909/3082
f 3223/4910/3219 3086/4911/3238 3088/4912/3083
f 3222/4913/3218 3088/4914/3083 3090/4915/3085
f 3096/4916/3093 3090/4917/3085 3092/4918/3087
f 3057/4919/3054 3241/4920/3237 3056/4921/3053
f 3091/4922/3088 3036/4923/3033 3093/4924/3090
f 3089/4925/3086 3035/4926/3032 3091/4927/3088
f 3087/4928/3084 3037/4929/3034 3089/4930/3086
f 3085/4931/3081 3038/4932/3035 3087/4933/3084
f 3040/4934/3037 3085/4935/3081 3083/4936/3079
f 3041/4937/3038 3083/4938/3079 3081/4939/3077
f 3042/4940/3039 3081/4941/3077 3079/4942/3075
f 3043/4943/3040 3079/4944/3075 3077/4945/3073
f 3044/4946/3041 3077/4947/3073 3075/4948/3072
f 3045/4949/3042 3075/4950/3072 3073/4951/3070
f 3071/4952/3068 3045/4953/3042 3073/4954/3070
f 3071/4955/3068 3046/4956/3043 3045/4957/3042
f 3069/4958/3066 3046/4959/3043 3071/4960/3068
f 3069/4961/3066 3047/4962/3044 3046/4963/3043
f 3067/4964/3064 3047/4965/3044 3069/4966/3066
f 3067/4967/3064 3048/4968/3045 3047/4969/3044
f 3065/4970/3063 3048/4971/3045 3067/4972/3064
f 3065/4973/3063 3049/4974/3046 3048/4975/3045
f 3063/4976/3061 3049/4977/3046 3065/4978/3063
f 3061/4979/3059 3050/4980/3047 3063/4981/3061
f 3059/4982/3057 3051/4983/3048 3061/4984/3059
f 3055/4985/3052 3052/4986/3049 3059/4987/3057
f 1/1/1 2/4988/4 3/2/2
f 2/4/4 5/4989/6 6/5/5
f 5/7/6 7/4990/8 8/8/7
f 7/10/8 9/4991/10 10/11/9
f 9/13/10 11/4992/13 12/14/11
f 13/16/12 14/4993/15 12/17/11
f 15/19/14 16/4994/17 14/20/15
f 17/22/16 18/4995/19 16/23/17
f 19/25/18 20/4996/21 18/26/19
f 21/28/20 22/4997/23 20/29/21
f 21/1/20 23/4988/24 24/2/22
f 23/4/24 25/4989/26 26/5/25
f 25/7/26 27/4990/28 28/8/27
f 27/10/28 29/4991/30 30/11/29
f 29/13/30 31/4992/33 32/14/31
f 33/16/32 34/4993/35 32/17/31
f 35/19/34 36/4994/37 34/20/35
f 37/22/36 38/4995/39 36/23/37
f 39/25/38 40/4996/41 38/26/39
f 41/28/40 42/4997/43 40/29/41
f 41/1/40 43/4988/44 44/2/42
f 43/4/44 45/4989/46 46/5/45
f 45/7/46 47/4990/48 48/8/47
f 47/10/48 49/4991/50 50/11/49
f 49/13/50 51/4992/53 52/14/51
f 53/16/52 54/4993/55 52/17/51
f 55/19/54 56/4994/57 54/20/55
f 57/22/56 58/4995/59 56/23/57
f 59/25/58 60/4996/61 58/26/59
f 61/28/60 62/4997/63 60/29/61
f 61/1/60 63/4988/64 64/2/62
f 63/4/64 65/4989/66 66/5/65
f 65/7/66 67/4990/68 68/8/67
f 67/10/68 69/4991/70 70/11/69
f 69/13/70 71/4992/73 72/14/71
f 73/16/72 74/4993/75 72/17/71
f 75/19/74 76/4994/77 74/20/75
f 77/22/76 78/4995/79 76/23/77
f 79/25/78 80/4996/80 78/26/79
f 1/28/1 4/4997/3 80/29/80
f 4/31/3 81/4998/83 82/32/81
f 4/34/3 3/4999/2 83/35/82
f 3/37/2 6/5000/5 84/38/84
f 6/40/5 8/5001/7 85/41/85
f 8/43/7 10/5002/9 86/44/86
f 10/46/9 12/5003/11 87/47/87
f 14/49/15 88/5004/88 87/50/87
f 16/52/17 89/5005/89 88/53/88
f 18/55/19 90/5006/90 89/56/89
f 20/58/21 91/5007/91 90/59/90
f 22/31/23 92/4998/93 91/32/91
f 22/34/23 24/4999/22 93/35/92
f 24/37/22 26/5000/25 94/38/94
f 26/40/25 28/5001/27 95/41/95
f 28/43/27 30/5002/29 96/44/96
f 30/46/29 32/5003/31 97/47/97
f 34/49/35 98/5004/98 97/50/97
f 36/52/37 99/5005/99 98/53/98
f 38/55/39 100/5006/100 99/56/99
f 40/58/41 101/5007/101 100/59/100
f 42/31/43 102/4998/103 101/32/101
f 42/34/43 44/4999/42 103/35/102
f 44/37/42 46/5000/45 104/38/104
f 46/40/45 48/5001/47 105/41/105
f 48/43/47 50/5002/49 106/44/106
f 50/46/49 52/5003/51 107/47/107
f 54/49/55 108/5004/108 107/50/107
f 56/52/57 109/5005/109 108/53/108
f 58/55/59 110/5006/110 109/56/109
f 60/58/61 111/5007/111 110/59/110
f 62/31/63 112/4998/113 111/32/111
f 62/34/63 64/4999/62 113/35/112
f 64/37/62 66/5000/65 114/38/114
f 66/40/65 68/5001/67 115/41/115
f 68/43/67 70/5002/69 116/44/116
f 70/46/69 72/5003/71 117/47/117
f 74/49/75 118/5004/118 117/50/117
f 76/52/77 119/5005/119 118/53/118
f 78/55/79 120/5006/120 119/56/119
f 80/58/80 82/5007/81 120/59/120
f 120/61/120 82/5008/81 121/62/121
f 82/64/81 81/5009/83 123/65/123
f 83/67/82 124/5010/124 123/68/123
f 84/70/84 125/5011/125 124/71/124
f 85/73/85 126/5012/126 125/74/125
f 86/76/86 127/5013/127 126/77/126
f 87/79/87 128/5014/129 127/80/127
f 87/82/87 88/5015/88 129/83/128
f 88/85/88 89/5016/89 130/86/130
f 89/88/89 90/5017/90 131/89/131
f 90/61/90 91/5008/91 132/62/132
f 91/64/91 92/5009/93 133/65/133
f 93/67/92 134/5010/134 133/68/133
f 94/70/94 135/5011/135 134/71/134
f 95/73/95 136/5012/136 135/74/135
f 96/76/96 137/5013/137 136/77/136
f 97/79/97 138/5014/139 137/80/137
f 97/82/97 98/5015/98 139/83/138
f 98/85/98 99/5016/99 140/86/140
f 99/88/99 100/5017/100 141/89/141
f 100/61/100 101/5008/101 142/62/142
f 101/64/101 102/5009/103 143/65/143
f 103/67/102 144/5010/144 143/68/143
f 104/70/104 145/5011/145 144/71/144
f 105/73/105 146/5012/146 145/74/145
f 106/76/106 147/5013/147 146/77/146
f 107/79/107 148/5014/149 147/80/147
f 107/82/107 108/5015/108 149/83/148
f 108/85/108 109/5016/109 150/86/150
f 109/88/109 110/5017/110 151/89/151
f 110/61/110 111/5008/111 152/62/152
f 111/64/111 112/5009/113 153/65/153
f 113/67/112 154/5010/154 153/68/153
f 114/70/114 155/5011/155 154/71/154
f 115/73/115 156/5012/156 155/74/155
f 116/76/116 157/5013/157 156/77/156
f 117/79/117 158/5014/159 157/80/157
f 117/82/117 118/5015/118 159/83/158
f 118/85/118 119/5016/119 160/86/160
f 119/88/119 120/5017/120 122/89/122
f 160/91/160 122/5018/122 161/92/161
f 122/94/122 121/5019/121 163/95/163
f 121/97/121 123/5020/123 164/98/164
f 124/100/124 165/5021/165 164/101/164
f 125/103/125 166/5022/166 165/104/165
f 126/106/126 167/5023/167 166/107/166
f 127/109/127 168/5024/168 167/110/167
f 128/112/129 169/5025/170 168/113/168
f 128/115/129 129/5026/128 170/116/169
f 129/118/128 130/5027/130 171/119/171
f 130/91/130 131/5018/131 172/92/172
f 131/94/131 132/5019/132 173/95/173
f 132/97/132 133/5020/133 174/98/174
f 134/100/134 175/5021/175 174/101/174
f 135/103/135 176/5022/176 175/104/175
f 136/106/136 177/5023/177 176/107/176
f 137/109/137 178/5024/178 177/110/177
f 138/112/139 179/5025/180 178/113/178
f 138/115/139 139/5026/138 180/116/179
f 139/118/138 140/5027/140 181/119/181
f 140/91/140 141/5018/141 182/92/182
f 141/94/141 142/5019/142 183/95/183
f 142/97/142 143/5020/143 184/98/184
f 144/100/144 185/5021/185 184/101/184
f 145/103/145 186/5022/186 185/104/185
f 146/106/146 187/5023/187 186/107/186
f 147/109/147 188/5024/188 187/110/187
f 148/112/149 189/5025/190 188/113/188
f 148/115/149 149/5026/148 190/116/189
f 149/118/148 150/5027/150 191/119/191
f 150/91/150 151/5018/151 192/92/192
f 151/94/151 152/5019/152 193/95/193
f 152/97/152 153/5020/153 194/98/194
f 154/100/154 195/5021/195 194/101/194
f 155/103/155 196/5022/196 195/104/195
f 156/106/156 197/5023/197 196/107/196
f 157/109/157 198/5024/198 197/110/197
f 158/112/159 199/5025/200 198/113/198
f 158/115/159 159/5026/158 200/116/199
f 159/118/158 160/5027/160 162/119/162
f 200/121/199 162/5028/162 201/122/201
f 162/124/162 161/5029/161 203/125/203
f 161/127/161 163/5030/163 204/128/204
f 163/130/163 164/5031/164 205/131/205
f 165/133/165 206/5032/206 205/134/205
f 166/136/166 207/5033/207 206/137/206
f 167/139/167 208/5034/208 207/140/207
f 168/142/168 209/5035/209 208/143/208
f 169/145/170 210/5036/211 209/146/209
f 169/148/170 170/5037/169 211/149/210
f 170/121/169 171/5028/171 212/122/212
f 171/124/171 172/5029/172 213/125/213
f 172/127/172 173/5030/173 214/128/214
f 173/130/173 174/5031/174 215/131/215
f 175/133/175 216/5032/216 215/134/215
f 176/136/176 217/5033/217 216/137/216
f 177/139/177 218/5034/218 217/140/217
f 178/142/178 219/5035/219 218/143/218
f 179/145/180 220/5036/221 219/146/219
f 179/148/180 180/5037/179 221/149/220
f 180/121/179 181/5028/181 222/122/222
f 181/124/181 182/5029/182 223/125/223
f 182/127/182 183/5030/183 224/128/224
f 183/130/183 184/5031/184 225/131/225
f 185/133/185 226/5032/226 225/134/225
f 186/136/186 227/5033/227 226/137/226
f 187/139/187 228/5034/228 227/140/227
f 188/142/188 229/5035/229 228/143/228
f 189/145/190 230/5036/231 229/146/229
f 189/148/190 190/5037/189 231/149/230
f 190/121/189 191/5028/191 232/122/232
f 191/124/191 192/5029/192 233/125/233
f 192/127/192 193/5030/193 234/128/234
f 193/130/193 194/5031/194 235/131/235
f 195/133/195 236/5032/236 235/134/235
f 196/136/196 237/5033/237 236/137/236
f 197/139/197 238/5034/238 237/140/237
f 198/142/198 239/5035/239 238/143/238
f 199/145/200 240/5036/240 239/146/239
f 199/148/200 200/5037/199 202/149/202
f 240/151/240 202/5038/202 241/152/241
f 202/154/202 201/5039/201 243/155/243
f 201/157/201 203/5040/203 244/158/244
f 203/160/203 204/5041/204 245/161/245
f 204/163/204 205/5042/205 246/164/246
f 206/166/206 247/5043/247 246/167/246
f 207/169/207 248/5044/248 247/170/247
f 208/172/208 249/5045/249 248/173/248
f 209/175/209 250/5046/250 249/176/249
f 210/178/211 251/5047/252 250/179/250
f 210/151/211 211/5038/210 252/152/251
f 211/154/210 212/5039/212 253/155/253
f 212/157/212 213/5040/213 254/158/254
f 213/160/213 214/5041/214 255/161/255
f 214/163/214 215/5042/215 256/164/256
f 216/166/216 257/5043/257 256/167/256
f 217/169/217 258/5044/258 257/170/257
f 218/172/218 259/5045/259 258/173/258
f 219/175/219 260/5046/260 259/176/259
f 220/178/221 261/5047/262 260/179/260
f 220/151/221 221/5038/220 262/152/261
f 221/154/220 222/5039/222 263/155/263
f 222/157/222 223/5040/223 264/158/264
f 223/160/223 224/5041/224 265/161/265
f 224/163/224 225/5042/225 266/164/266
f 226/166/226 267/5043/267 266/167/266
f 227/169/227 268/5044/268 267/170/267
f 228/172/228 269/5045/269 268/173/268
f 229/175/229 270/5046/270 269/176/269
f 230/178/231 271/5047/272 270/179/270
f 230/151/231 231/5038/230 272/152/271
f 231/154/230 232/5039/232 273/155/273
f 232/157/232 233/5040/233 274/158/274
f 233/160/233 234/5041/234 275/161/275
f 234/163/234 235/5042/235 276/164/276
f 236/166/236 277/5043/277 276/167/276
f 237/169/237 278/5044/278 277/170/277
f 238/172/238 279/5045/279 278/173/278
f 239/175/239 280/5046/280 279/176/279
f 240/178/240 242/5047/242 280/179/280
f 242/181/242 281/5048/283 282/182/281
f 242/184/242 241/5049/241 283/185/282
f 241/187/241 243/5050/243 284/188/284
f 243/190/243 244/5051/244 285/191/285
f 244/193/244 245/5052/245 286/194/286
f 245/196/245 246/5053/246 287/197/287
f 247/199/247 288/5054/288 287/200/287
f 248/202/248 289/5055/289 288/203/288
f 249/205/249 290/5056/290 289/206/289
f 250/208/250 291/5057/291 290/209/290
f 251/181/252 292/5048/293 291/182/291
f 251/184/252 252/5049/251 293/185/292
f 252/187/251 253/5050/253 294/188/294
f 253/190/253 254/5051/254 295/191/295
f 254/193/254 255/5052/255 296/194/296
f 255/196/255 256/5053/256 297/197/297
f 257/199/257 298/5054/298 297/200/297
f 258/202/258 299/5055/299 298/203/298
f 259/205/259 300/5056/300 299/206/299
f 260/208/260 301/5057/301 300/209/300
f 261/181/262 302/5048/303 301/182/301
f 261/184/262 262/5049/261 303/185/302
f 262/187/261 263/5050/263 304/188/304
f 263/190/263 264/5051/264 305/191/305
f 264/193/264 265/5052/265 306/194/306
f 265/196/265 266/5053/266 307/197/307
f 267/199/267 308/5054/308 307/200/307
f 268/202/268 309/5055/309 308/203/308
f 269/205/269 310/5056/310 309/206/309
f 270/208/270 311/5057/311 310/209/310
f 271/181/272 312/5048/313 311/182/311
f 271/184/272 272/5049/271 313/185/312
f 272/187/271 273/5050/273 314/188/314
f 273/190/273 274/5051/274 315/191/315
f 274/193/274 275/5052/275 316/194/316
f 275/196/275 276/5053/276 317/197/317
f 277/199/277 318/5054/318 317/200/317
f 278/202/278 319/5055/319 318/203/318
f 279/205/279 320/5056/320 319/206/319
f 280/208/280 282/5057/281 320/209/320
f 282/211/281 321/5058/322 322/212/321
f 281/214/283 323/5059/324 321/215/322
f 281/217/283 283/5060/282 324/218/323
f 283/220/282 284/5061/284 325/221/325
f 284/223/284 285/5062/285 326/224/326
f 285/226/285 286/5063/286 327/227/327
f 286/229/286 287/5064/287 328/230/328
f 288/232/288 329/5065/329 328/233/328
f 289/235/289 330/5066/330 329/236/329
f 290/238/290 331/5067/331 330/239/330
f 291/211/291 332/5058/332 331/212/331
f 292/214/293 333/5059/334 332/215/332
f 292/217/293 293/5060/292 334/218/333
f 293/220/292 294/5061/294 335/221/335
f 294/223/294 295/5062/295 336/224/336
f 295/226/295 296/5063/296 337/227/337
f 296/229/296 297/5064/297 338/230/338
f 298/232/298 339/5065/339 338/233/338
f 299/235/299 340/5066/340 339/236/339
f 300/238/300 341/5067/341 340/239/340
f 301/211/301 342/5058/342 341/212/341
f 302/214/303 343/5059/344 342/215/342
f 302/217/303 303/5060/302 344/218/343
f 303/220/302 304/5061/304 345/221/345
f 304/223/304 305/5062/305 346/224/346
f 305/226/305 306/5063/306 347/227/347
f 306/229/306 307/5064/307 348/230/348
f 308/232/308 349/5065/349 348/233/348
f 309/235/309 350/5066/350 349/236/349
f 310/238/310 351/5067/351 350/239/350
f 311/211/311 352/5058/352 351/212/351
f 312/214/313 353/5059/354 352/215/352
f 312/217/313 313/5060/312 354/218/353
f 313/220/312 314/5061/314 355/221/355
f 314/223/314 315/5062/315 356/224/356
f 315/226/315 316/5063/316 357/227/357
f 316/229/316 317/5064/317 358/230/358
f 318/232/318 359/5065/359 358/233/358
f 319/235/319 360/5066/360 359/236/359
f 320/238/320 322/5067/321 360/239/360
f 322/241/321 361/5068/362 362/242/361
f 321/244/322 363/5069/363 361/245/362
f 323/247/324 364/5070/365 363/248/363
f 323/250/324 324/5071/323 365/251/364
f 324/253/323 325/5072/325 366/254/366
f 325/256/325 326/5073/326 367/257/367
f 326/259/326 327/5074/327 368/260/368
f 327/262/327 328/5075/328 369/263/369
f 329/265/329 370/5076/370 369/266/369
f 330/268/330 371/5077/371 370/269/370
f 331/241/331 372/5068/372 371/242/371
f 332/244/332 373/5069/373 372/245/372
f 333/247/334 374/5070/375 373/248/373
f 333/250/334 334/5071/333 375/251/374
f 334/253/333 335/5072/335 376/254/376
f 335/256/335 336/5073/336 377/257/377
f 336/259/336 337/5074/337 378/260/378
f 337/262/337 338/5075/338 379/263/379
f 339/265/339 380/5076/380 379/266/379
f 340/268/340 381/5077/381 380/269/380
f 341/241/341 382/5068/382 381/242/381
f 342/244/342 383/5069/383 382/245/382
f 343/247/344 384/5070/385 383/248/383
f 343/250/344 344/5071/343 385/251/384
f 344/253/343 345/5072/345 386/254/386
f 345/256/345 346/5073/346 387/257/387
f 346/259/346 347/5074/347 388/260/388
f 347/262/347 348/5075/348 389/263/389
f 349/265/349 390/5076/390 389/266/389
f 350/268/350 391/5077/391 390/269/390
f 351/241/351 392/5068/392 391/242/391
f 352/244/352 393/5069/393 392/245/392
f 353/247/354 394/5070/395 393/248/393
f 353/250/354 354/5071/353 395/251/394
f 354/253/353 355/5072/355 396/254/396
f 355/256/355 356/5073/356 397/257/397
f 356/259/356 357/5074/357 398/260/398
f 357/262/357 358/5075/358 399/263/399
f 359/265/359 400/5076/400 399/266/399
f 360/268/360 362/5077/361 400/269/400
f 362/271/361 401/5078/402 402/272/401
f 361/274/362 403/5079/403 401/275/402
f 363/277/363 404/5080/404 403/278/403
f 364/280/365 405/5081/406 404/281/404
f 364/283/365 365/5082/364 406/284/405
f 365/286/364 366/5083/366 407/287/407
f 366/289/366 367/5084/367 408/290/408
f 367/292/367 368/5085/368 409/293/409
f 368/295/368 369/5086/369 410/296/410
f 370/298/370 411/5087/411 410/299/410
f 371/271/371 412/5078/412 411/272/411
f 372/274/372 413/5079/413 412/275/412
f 373/277/373 414/5080/414 413/278/413
f 374/280/375 415/5081/416 414/281/414
f 374/283/375 375/5082/374 416/284/415
f 375/286/374 376/5083/376 417/287/417
f 376/289/376 377/5084/377 418/290/418
f 377/292/377 378/5085/378 419/293/419
f 378/295/378 379/5086/379 420/296/420
f 380/298/380 421/5087/421 420/299/420
f 381/271/381 422/5078/422 421/272/421
f 382/274/382 423/5079/423 422/275/422
f 383/277/383 424/5080/424 423/278/423
f 384/280/385 425/5081/426 424/281/424
f 384/283/385 385/5082/384 426/284/425
f 385/286/384 386/5083/386 427/287/427
f 386/289/386 387/5084/387 428/290/428
f 387/292/387 388/5085/388 429/293/429
f 388/295/388 389/5086/389 430/296/430
f 390/298/390 431/5087/431 430/299/430
f 391/271/391 432/5078/432 431/272/431
f 392/274/392 433/5079/433 432/275/432
f 393/277/393 434/5080/434 433/278/433
f 394/280/395 435/5081/436 434/281/434
f 394/283/395 395/5082/394 436/284/435
f 395/286/394 396/5083/396 437/287/437
f 396/289/396 397/5084/397 438/290/438
f 397/292/397 398/5085/398 439/293/439
f 398/295/398 399/5086/399 440/296/440
f 400/298/400 402/5087/401 440/299/440
f 402/301/401 441/5088/442 442/302/441
f 401/304/402 443/5089/443 441/305/442
f 403/307/403 444/5090/444 443/308/443
f 404/310/404 445/5091/445 444/311/444
f 405/313/406 446/5092/447 445/314/445
f 405/316/406 406/5093/405 447/317/446
f 406/319/405 407/5094/407 448/320/448
f 407/322/407 408/5095/408 449/323/449
f 408/325/408 409/5096/409 450/326/450
f 409/328/409 410/5097/410 451/329/451
f 411/301/411 452/5088/452 451/302/451
f 412/304/412 453/5089/453 452/305/452
f 413/307/413 454/5090/454 453/308/453
f 414/310/414 455/5091/455 454/311/454
f 415/313/416 456/5092/457 455/314/455
f 415/316/416 416/5093/415 457/317/456
f 416/319/415 417/5094/417 458/320/458
f 417/322/417 418/5095/418 459/323/459
f 418/325/418 419/5096/419 460/326/460
f 419/328/419 420/5097/420 461/329/461
f 421/301/421 462/5088/462 461/302/461
f 422/304/422 463/5089/463 462/305/462
f 423/307/423 464/5090/464 463/308/463
f 424/310/424 465/5091/465 464/311/464
f 425/313/426 466/5092/467 465/314/465
f 425/316/426 426/5093/425 467/317/466
f 426/319/425 427/5094/427 468/320/468
f 427/322/427 428/5095/428 469/323/469
f 428/325/428 429/5096/429 470/326/470
f 429/328/429 430/5097/430 471/329/471
f 431/301/431 472/5088/472 471/302/471
f 432/304/432 473/5089/473 472/305/472
f 433/307/433 474/5090/474 473/308/473
f 434/310/434 475/5091/475 474/311/474
f 435/313/436 476/5092/477 475/314/475
f 435/316/436 436/5093/435 477/317/476
f 436/319/435 437/5094/437 478/320/478
f 437/322/437 438/5095/438 479/323/479
f 438/325/438 439/5096/439 480/326/480
f 439/328/439 440/5097/440 442/329/441
f 480/331/480 442/5098/441 481/332/481
f 441/334/442 483/5099/483 481/335/481
f 443/337/443 484/5100/484 483/338/483
f 444/340/444 485/5101/485 484/341/484
f 445/343/445 486/5102/486 485/344/485
f 446/346/447 487/5103/488 486/347/486
f 446/349/447 447/5104/446 488/350/487
f 447/352/446 448/5105/448 489/353/489
f 448/355/448 449/5106/449 490/356/490
f 449/358/449 450/5107/450 491/359/491
f 450/331/450 451/5098/451 492/332/492
f 452/334/452 493/5099/493 492/335/492
f 453/337/453 494/5100/494 493/338/493
f 454/340/454 495/5101/495 494/341/494
f 455/343/455 496/5102/496 495/344/495
f 456/346/457 497/5103/498 496/347/496
f 456/349/457 457/5104/456 498/350/497
f 457/352/456 458/5105/458 499/353/499
f 458/355/458 459/5106/459 500/356/500
f 459/358/459 460/5107/460 501/359/501
f 460/331/460 461/5098/461 502/332/502
f 462/334/462 503/5099/503 502/335/502
f 463/337/463 504/5100/504 503/338/503
f 464/340/464 505/5101/505 504/341/504
f 465/343/465 506/5102/506 505/344/505
f 466/346/467 507/5103/508 506/347/506
f 466/349/467 467/5104/466 508/350/507
f 467/352/466 468/5105/468 509/353/509
f 468/355/468 469/5106/469 510/356/510
f 469/358/469 470/5107/470 511/359/511
f 470/331/470 471/5098/471 512/332/512
f 472/334/472 513/5099/513 512/335/512
f 473/337/473 514/5100/514 513/338/513
f 474/340/474 515/5101/515 514/341/514
f 475/343/475 516/5102/516 515/344/515
f 476/346/477 517/5103/518 516/347/516
f 476/349/477 477/5104/476 518/350/517
f 477/352/476 478/5105/478 519/353/519
f 478/355/478 479/5106/479 520/356/520
f 479/358/479 480/5107/480 482/359/482
f 520/361/520 482/5108/482 521/362/521
f 482/364/482 481/5109/481 523/365/523
f 483/367/483 524/5110/524 523/368/523
f 484/370/484 525/5111/525 524/371/524
f 485/373/485 526/5112/526 525/374/525
f 486/376/486 527/5113/527 526/377/526
f 487/379/488 528/5114/529 527/380/527
f 487/382/488 488/5115/487 529/383/528
f 488/385/487 489/5116/489 530/386/530
f 489/388/489 490/5117/490 531/389/531
f 490/361/490 491/5108/491 532/362/532
f 491/364/491 492/5109/492 533/365/533
f 493/367/493 534/5110/534 533/368/533
f 494/370/494 535/5111/535 534/371/534
f 495/373/495 536/5112/536 535/374/535
f 496/376/496 537/5113/537 536/377/536
f 497/379/498 538/5114/539 537/380/537
f 497/382/498 498/5115/497 539/383/538
f 498/385/497 499/5116/499 540/386/540
f 499/388/499 500/5117/500 541/389/541
f 500/361/500 501/5108/501 542/362/542
f 501/364/501 502/5109/502 543/365/543
f 503/367/503 544/5110/544 543/368/543
f 504/370/504 545/5111/545 544/371/544
f 505/373/505 546/5112/546 545/374/545
f 506/376/506 547/5113/547 546/377/546
f 507/379/508 548/5114/549 547/380/547
f 507/382/508 508/5115/507 549/383/548
f 508/385/507 509/5116/509 550/386/550
f 509/388/509 510/5117/510 551/389/551
f 510/361/510 511/5108/511 552/362/552
f 511/364/511 512/5109/512 553/365/553
f 513/367/513 554/5110/554 553/368/553
f 514/370/514 555/5111/555 554/371/554
f 515/373/515 556/5112/556 555/374/555
f 516/376/516 557/5113/557 556/377/556
f 517/379/518 558/5114/559 557/380/557
f 517/382/518 518/5115/517 559/383/558
f 518/385/517 519/5116/519 560/386/560
f 519/388/519 520/5117/520 522/389/522
f 560/391/560 522/5118/522 561/392/561
f 522/394/522 521/5119/521 563/395/563
f 521/397/521 523/5120/523 564/398/564
f 524/400/524 565/5121/565 564/401/564
f 525/403/525 566/5122/566 565/404/565
f 526/406/526 567/5123/567 566/407/566
f 527/409/527 568/5124/568 567/410/567
f 528/412/529 569/5125/570 568/413/568
f 528/415/529 529/5126/528 570/416/569
f 529/418/528 530/5127/530 571/419/571
f 530/391/530 531/5118/531 572/392/572
f 531/394/531 532/5119/532 573/395/573
f 532/397/532 533/5120/533 574/398/574
f 534/400/534 575/5121/575 574/401/574
f 535/403/535 576/5122/576 575/404/575
f 536/406/536 577/5123/577 576/407/576
f 537/409/537 578/5124/578 577/410/577
f 538/412/539 579/5125/580 578/413/578
f 538/415/539 539/5126/538 580/416/579
f 539/418/538 540/5127/540 581/419/581
f 540/391/540 541/5118/541 582/392/582
f 541/394/541 542/5119/542 583/395/583
f 542/397/542 543/5120/543 584/398/584
f 544/400/544 585/5121/585 584/401/584
f 545/403/545 586/5122/586 585/404/585
f 546/406/546 587/5123/587 586/407/586
f 547/409/547 588/5124/588 587/410/587
f 548/412/549 589/5125/590 588/413/588
f 548/415/549 549/5126/548 590/416/589
f 549/418/548 550/5127/550 591/419/591
f 550/391/550 551/5118/551 592/392/592
f 551/394/551 552/5119/552 593/395/593
f 552/397/552 553/5120/553 594/398/594
f 554/400/554 595/5121/595 594/401/594
f 555/403/555 596/5122/596 595/404/595
f 556/406/556 597/5123/597 596/407/596
f 557/409/557 598/5124/598 597/410/597
f 558/412/559 599/5125/600 598/413/598
f 558/415/559 559/5126/558 600/416/599
f 559/418/558 560/5127/560 562/419/562
f 600/421/599 562/5128/562 601/422/601
f 562/424/562 561/5129/561 603/425/603
f 561/427/561 563/5130/563 604/428/604
f 563/430/563 564/5131/564 605/431/605
f 565/433/565 606/5132/606 605/434/605
f 566/436/566 607/5133/607 606/437/606
f 567/439/567 608/5134/608 607/440/607
f 568/442/568 609/5135/609 608/443/608
f 569/445/570 610/5136/611 609/446/609
f 569/448/570 570/5137/569 611/449/610
f 570/421/569 571/5128/571 612/422/612
f 571/424/571 572/5129/572 613/425/613
f 572/427/572 573/5130/573 614/428/614
f 573/430/573 574/5131/574 615/431/615
f 575/433/575 616/5132/616 615/434/615
f 576/436/576 617/5133/617 616/437/616
f 577/439/577 618/5134/618 617/440/617
f 578/442/578 619/5135/619 618/443/618
f 579/445/580 620/5136/621 619/446/619
f 579/448/580 580/5137/579 621/449/620
f 580/421/579 581/5128/581 622/422/622
f 581/424/581 582/5129/582 623/425/623
f 582/427/582 583/5130/583 624/428/624
f 583/430/583 584/5131/584 625/431/625
f 585/433/585 626/5132/626 625/434/625
f 586/436/586 627/5133/627 626/437/626
f 587/439/587 628/5134/628 627/440/627
f 588/442/588 629/5135/629 628/443/628
f 589/445/590 630/5136/631 629/446/629
f 589/448/590 590/5137/589 631/449/630
f 590/421/589 591/5128/591 632/422/632
f 591/424/591 592/5129/592 633/425/633
f 592/427/592 593/5130/593 634/428/634
f 593/430/593 594/5131/594 635/431/635
f 595/433/595 636/5132/636 635/434/635
f 596/436/596 637/5133/637 636/437/636
f 597/439/597 638/5134/638 637/440/637
f 598/442/598 639/5135/639 638/443/638
f 599/445/600 640/5136/640 639/446/639
f 599/448/600 600/5137/599 602/449/602
f 640/451/640 602/5138/602 641/452/641
f 602/454/602 601/5139/601 643/455/643
f 601/457/601 603/5140/603 644/458/644
f 603/460/603 604/5141/604 645/461/645
f 604/463/604 605/5142/605 646/464/646
f 606/466/606 647/5143/647 646/467/646
f 607/469/607 648/5144/648 647/470/647
f 608/472/608 649/5145/649 648/473/648
f 609/475/609 650/5146/650 649/476/649
f 610/478/611 651/5147/652 650/479/650
f 610/451/611 611/5138/610 652/452/651
f 611/454/610 612/5139/612 653/455/653
f 612/457/612 613/5140/613 654/458/654
f 613/460/613 614/5141/614 655/461/655
f 614/463/614 615/5142/615 656/464/656
f 616/466/616 657/5143/657 656/467/656
f 617/469/617 658/5144/658 657/470/657
f 618/472/618 659/5145/659 658/473/658
f 619/475/619 660/5146/660 659/476/659
f 620/478/621 661/5147/662 660/479/660
f 620/451/621 621/5138/620 662/452/661
f 621/454/620 622/5139/622 663/455/663
f 622/457/622 623/5140/623 664/458/664
f 623/460/623 624/5141/624 665/461/665
f 624/463/624 625/5142/625 666/464/666
f 626/466/626 667/5143/667 666/467/666
f 627/469/627 668/5144/668 667/470/667
f 628/472/628 669/5145/669 668/473/668
f 629/475/629 670/5146/670 669/476/669
f 630/478/631 671/5147/672 670/479/670
f 630/451/631 631/5138/630 672/452/671
f 631/454/630 632/5139/632 673/455/673
f 632/457/632 633/5140/633 674/458/674
f 633/460/633 634/5141/634 675/461/675
f 634/463/634 635/5142/635 676/464/676
f 636/466/636 677/5143/677 676/467/676
f 637/469/637 678/5144/678 677/470/677
f 638/472/638 679/5145/679 678/473/678
f 639/475/639 680/5146/680 679/476/679
f 640/478/640 642/5147/642 680/479/680
f 642/481/642 681/5148/683 682/482/681
f 642/484/642 641/5149/641 683/485/682
f 641/487/641 643/5150/643 684/488/684
f 643/490/643 644/5151/644 685/491/685
f 644/493/644 645/5152/645 686/494/686
f 645/496/645 646/5153/646 687/497/687
f 647/499/647 688/5154/688 687/500/687
f 648/502/648 689/5155/689 688/503/688
f 649/505/649 690/5156/690 689/506/689
f 650/508/650 691/5157/691 690/509/690
f 651/481/652 692/5148/693 691/482/691
f 651/484/652 652/5149/651 693/485/692
f 652/487/651 653/5150/653 694/488/694
f 653/490/653 654/5151/654 695/491/695
f 654/493/654 655/5152/655 696/494/696
f 655/496/655 656/5153/656 697/497/697
f 657/499/657 698/5154/698 697/500/697
f 658/502/658 699/5155/699 698/503/698
f 659/505/659 700/5156/700 699/506/699
f 660/508/660 701/5157/701 700/509/700
f 661/481/662 702/5148/703 701/482/701
f 661/484/662 662/5149/661 703/485/702
f 662/487/661 663/5150/663 704/488/704
f 663/490/663 664/5151/664 705/491/705
f 664/493/664 665/5152/665 706/494/706
f 665/496/665 666/5153/666 707/497/707
f 667/499/667 708/5154/708 707/500/707
f 668/502/668 709/5155/709 708/503/708
f 669/505/669 710/5156/710 709/506/709
f 670/508/670 711/5157/711 710/509/710
f 671/481/672 712/5148/713 711/482/711
f 671/484/672 672/5149/671 713/485/712
f 672/487/671 673/5150/673 714/488/714
f 673/490/673 674/5151/674 715/491/715
f 674/493/674 675/5152/675 716/494/716
f 675/496/675 676/5153/676 717/497/717
f 677/499/677 718/5154/718 717/500/717
f 678/502/678 719/5155/719 718/503/718
f 679/505/679 720/5156/720 719/506/719
f 680/508/680 682/5157/681 720/509/720
f 682/511/681 721/5158/722 722/512/721
f 681/514/683 723/5159/724 721/515/722
f 681/517/683 683/5160/682 724/518/723
f 683/520/682 684/5161/684 725/521/725
f 684/523/684 685/5162/685 726/524/726
f 685/526/685 686/5163/686 727/527/727
f 686/529/686 687/5164/687 728/530/728
f 688/532/688 729/5165/729 728/533/728
f 689/535/689 730/5166/730 729/536/729
f 690/538/690 731/5167/731 730/539/730
f 691/511/691 732/5158/732 731/512/731
f 692/514/693 733/5159/734 732/515/732
f 692/517/693 693/5160/692 734/518/733
f 693/520/692 694/5161/694 735/521/735
f 694/523/694 695/5162/695 736/524/736
f 695/526/695 696/5163/696 737/527/737
f 696/529/696 697/5164/697 738/530/738
f 698/532/698 739/5165/739 738/533/738
f 699/535/699 740/5166/740 739/536/739
f 700/538/700 741/5167/741 740/539/740
f 701/511/701 742/5158/742 741/512/741
f 702/514/703 743/5159/744 742/515/742
f 702/517/703 703/5160/702 744/518/743
f 703/520/702 704/5161/704 745/521/745
f 704/523/704 705/5162/705 746/524/746
f 705/526/705 706/5163/706 747/527/747
f 706/529/706 707/5164/707 748/530/748
f 708/532/708 749/5165/749 748/533/748
f 709/535/709 750/5166/750 749/536/749
f 710/538/710 751/5167/751 750/539/750
f 711/511/711 752/5158/752 751/512/751
f 712/514/713 753/5159/754 752/515/752
f 712/517/713 713/5160/712 754/518/753
f 713/520/712 714/5161/714 755/521/755
f 714/523/714 715/5162/715 756/524/756
f 715/526/715 716/5163/716 757/527/757
f 716/529/716 717/5164/717 758/530/758
f 718/532/718 759/5165/759 758/533/758
f 719/535/719 760/5166/760 759/536/759
f 720/538/720 722/5167/721 760/539/760
f 722/541/721 761/5168/762 762/542/761
f 721/544/722 763/5169/763 761/545/762
f 723/547/724 764/5170/765 763/548/763
f 723/550/724 724/5171/723 765/551/764
f 724/553/723 725/5172/725 766/554/766
f 725/556/725 726/5173/726 767/557/767
f 726/559/726 727/5174/727 768/560/768
f 727/562/727 728/5175/728 769/563/769
f 729/565/729 770/5176/770 769/566/769
f 730/568/730 771/5177/771 770/569/770
f 731/541/731 772/5168/772 771/542/771
f 732/544/732 773/5169/773 772/545/772
f 733/547/734 774/5170/775 773/548/773
f 733/550/734 734/5171/733 775/551/774
f 734/553/733 735/5172/735 776/554/776
f 735/556/735 736/5173/736 777/557/777
f 736/559/736 737/5174/737 778/560/778
f 737/562/737 738/5175/738 779/563/779
f 739/565/739 780/5176/780 779/566/779
f 740/568/740 781/5177/781 780/569/780
f 741/541/741 782/5168/782 781/542/781
f 742/544/742 783/5169/783 782/545/782
f 743/547/744 784/5170/785 783/548/783
f 743/550/744 744/5171/743 785/551/784
f 744/553/743 745/5172/745 786/554/786
f 745/556/745 746/5173/746 787/557/787
f 746/559/746 747/5174/747 788/560/788
f 747/562/747 748/5175/748 789/563/789
f 749/565/749 790/5176/790 789/566/789
f 750/568/750 791/5177/791 790/569/790
f 751/541/751 792/5168/792 791/542/791
f 752/544/752 793/5169/793 792/545/792
f 753/547/754 794/5170/795 793/548/793
f 753/550/754 754/5171/753 795/551/794
f 754/553/753 755/5172/755 796/554/796
f 755/556/755 756/5173/756 797/557/797
f 756/559/756 757/5174/757 798/560/798
f 757/562/757 758/5175/758 799/563/799
f 759/565/759 800/5176/800 799/566/799
f 760/568/760 762/5177/761 800/569/800
f 762/571/761 801/5178/802 802/572/801
f 761/574/762 803/5179/803 801/575/802
f 763/577/763 804/5180/804 803/578/803
f 764/580/765 805/5181/806 804/581/804
f 764/583/765 765/5182/764 806/584/805
f 765/586/764 766/5183/766 807/587/807
f 766/589/766 767/5184/767 808/590/808
f 767/592/767 768/5185/768 809/593/809
f 768/595/768 769/5186/769 810/596/810
f 770/598/770 811/5187/811 810/599/810
f 771/571/771 812/5178/812 811/572/811
f 772/574/772 813/5179/813 812/575/812
f 773/577/773 814/5180/814 813/578/813
f 774/580/775 815/5181/816 814/581/814
f 774/583/775 775/5182/774 816/584/815
f 775/586/774 776/5183/776 817/587/817
f 776/589/776 777/5184/777 818/590/818
f 777/592/777 778/5185/778 819/593/819
f 778/595/778 779/5186/779 820/596/820
f 780/598/780 821/5187/821 820/599/820
f 781/571/781 822/5178/822 821/572/821
f 782/574/782 823/5179/823 822/575/822
f 783/577/783 824/5180/824 823/578/823
f 784/580/785 825/5181/826 824/581/824
f 784/583/785 785/5182/784 826/584/825
f 785/586/784 786/5183/786 827/587/827
f 786/589/786 787/5184/787 828/590/828
f 787/592/787 788/5185/788 829/593/829
f 788/595/788 789/5186/789 830/596/830
f 790/598/790 831/5187/831 830/599/830
f 791/571/791 832/5178/832 831/572/831
f 792/574/792 833/5179/833 832/575/832
f 793/577/793 834/5180/834 833/578/833
f 794/580/795 835/5181/836 834/581/834
f 794/583/795 795/5182/794 836/584/835
f 795/586/794 796/5183/796 837/587/837
f 796/589/796 797/5184/797 838/590/838
f 797/592/797 798/5185/798 839/593/839
f 798/595/798 799/5186/799 840/596/840
f 800/598/800 802/5187/801 840/599/840
f 840/601/840 802/5188/801 841/602/841
f 802/604/801 801/5189/802 843/605/843
f 801/607/802 803/5190/803 844/608/844
f 803/610/803 804/5191/804 845/611/845
f 804/613/804 805/5192/806 846/614/846
f 806/616/805 847/5193/847 846/617/846
f 807/619/807 848/5194/848 847/620/847
f 808/622/808 849/5195/849 848/623/848
f 809/625/809 850/5196/850 849/626/849
f 810/628/810 851/5197/852 850/629/850
f 810/601/810 811/5188/811 852/602/851
f 811/604/811 812/5189/812 853/605/853
f 812/607/812 813/5190/813 854/608/854
f 813/610/813 814/5191/814 855/611/855
f 814/613/814 815/5192/816 856/614/856
f 816/616/815 857/5193/857 856/617/856
f 817/619/817 858/5194/858 857/620/857
f 818/622/818 859/5195/859 858/623/858
f 819/625/819 860/5196/860 859/626/859
f 820/628/820 861/5197/862 860/629/860
f 820/601/820 821/5188/821 862/602/861
f 821/604/821 822/5189/822 863/605/863
f 822/607/822 823/5190/823 864/608/864
f 823/610/823 824/5191/824 865/611/865
f 824/613/824 825/5192/826 866/614/866
f 826/616/825 867/5193/867 866/617/866
f 827/619/827 868/5194/868 867/620/867
f 828/622/828 869/5195/869 868/623/868
f 829/625/829 870/5196/870 869/626/869
f 830/628/830 871/5197/872 870/629/870
f 830/601/830 831/5188/831 872/602/871
f 831/604/831 832/5189/832 873/605/873
f 832/607/832 833/5190/833 874/608/874
f 833/610/833 834/5191/834 875/611/875
f 834/613/834 835/5192/836 876/614/876
f 836/616/835 877/5193/877 876/617/876
f 837/619/837 878/5194/878 877/620/877
f 838/622/838 879/5195/879 878/623/878
f 839/625/839 880/5196/880 879/626/879
f 840/628/840 842/5197/842 880/629/880
f 842/631/842 881/5198/883 882/632/881
f 842/634/842 841/5199/841 883/635/882
f 841/637/841 843/5200/843 884/638/884
f 843/640/843 844/5201/844 885/641/885
f 844/643/844 845/5202/845 886/644/886
f 845/646/845 846/5203/846 887/647/887
f 847/649/847 888/5204/888 887/650/887
f 848/652/848 889/5205/889 888/653/888
f 849/655/849 890/5206/890 889/656/889
f 850/658/850 891/5207/891 890/659/890
f 851/631/852 892/5198/893 891/632/891
f 851/634/852 852/5199/851 893/635/892
f 852/637/851 853/5200/853 894/638/894
f 853/640/853 854/5201/854 895/641/895
f 854/643/854 855/5202/855 896/644/896
f 855/646/855 856/5203/856 897/647/897
f 857/649/857 898/5204/898 897/650/897
f 858/652/858 899/5205/899 898/653/898
f 859/655/859 900/5206/900 899/656/899
f 860/658/860 901/5207/901 900/659/900
f 861/631/862 902/5198/903 901/632/901
f 861/634/862 862/5199/861 903/635/902
f 862/637/861 863/5200/863 904/638/904
f 863/640/863 864/5201/864 905/641/905
f 864/643/864 865/5202/865 906/644/906
f 865/646/865 866/5203/866 907/647/907
f 867/649/867 908/5204/908 907/650/907
f 868/652/868 909/5205/909 908/653/908
f 869/655/869 910/5206/910 909/656/909
f 870/658/870 911/5207/911 910/659/910
f 871/631/872 912/5198/913 911/632/911
f 871/634/872 872/5199/871 913/635/912
f 872/637/871 873/5200/873 914/638/914
f 873/640/873 874/5201/874 915/641/915
f 874/643/874 875/5202/875 916/644/916
f 875/646/875 876/5203/876 917/647/917
f 877/649/877 918/5204/918 917/650/917
f 878/652/878 919/5205/919 918/653/918
f 879/655/879 920/5206/920 919/656/919
f 880/658/880 882/5207/881 920/659/920
f 882/661/881 921/5208/922 922/662/921
f 881/664/883 923/5209/924 921/665/922
f 881/667/883 883/5210/882 924/668/923
f 883/670/882 884/5211/884 925/671/925
f 884/673/884 885/5212/885 926/674/926
f 885/676/885 886/5213/886 927/677/927
f 886/679/886 887/5214/887 928/680/928
f 888/682/888 929/5215/929 928/683/928
f 889/685/889 930/5216/930 929/686/929
f 890/688/890 931/5217/931 930/689/930
f 891/661/891 932/5208/932 931/662/931
f 892/664/893 933/5209/934 932/665/932
f 892/667/893 893/5210/892 934/668/933
f 893/670/892 894/5211/894 935/671/935
f 894/673/894 895/5212/895 936/674/936
f 895/676/895 896/5213/896 937/677/937
f 896/679/896 897/5214/897 938/680/938
f 898/682/898 939/5215/939 938/683/938
f 899/685/899 940/5216/940 939/686/939
f 900/688/900 941/5217/941 940/689/940
f 901/661/901 942/5208/942 941/662/941
f 902/664/903 943/5209/944 942/665/942
f 902/667/903 903/5210/902 944/668/943
f 903/670/902 904/5211/904 945/671/945
f 904/673/904 905/5212/905 946/674/946
f 905/676/905 906/5213/906 947/677/947
f 906/679/906 907/5214/907 948/680/948
f 908/682/908 949/5215/949 948/683/948
f 909/685/909 950/5216/950 949/686/949
f 910/688/910 951/5217/951 950/689/950
f 911/661/911 952/5208/952 951/662/951
f 912/664/913 953/5209/954 952/665/952
f 912/667/913 913/5210/912 954/668/953
f 913/670/912 914/5211/914 955/671/955
f 914/673/914 915/5212/915 956/674/956
f 915/676/915 916/5213/916 957/677/957
f 916/679/916 917/5214/917 958/680/958
f 918/682/918 959/5215/959 958/683/958
f 919/685/919 960/5216/960 959/686/959
f 920/688/920 922/5217/921 960/689/960
f 922/691/921 961/5218/962 962/692/961
f 921/694/922 963/5219/963 961/695/962
f 923/697/924 964/5220/965 963/698/963
f 923/700/924 924/5221/923 965/701/964
f 924/703/923 925/5222/925 966/704/966
f 925/706/925 926/5223/926 967/707/967
f 926/709/926 927/5224/927 968/710/968
f 927/712/927 928/5225/928 969/713/969
f 929/715/929 970/5226/970 969/716/969
f 930/718/930 971/5227/971 970/719/970
f 931/691/931 972/5218/972 971/692/971
f 932/694/932 973/5219/973 972/695/972
f 933/697/934 974/5220/975 973/698/973
f 933/700/934 934/5221/933 975/701/974
f 934/703/933 935/5222/935 976/704/976
f 935/706/935 936/5223/936 977/707/977
f 936/709/936 937/5224/937 978/710/978
f 937/712/937 938/5225/938 979/713/979
f 939/715/939 980/5226/980 979/716/979
f 940/718/940 981/5227/981 980/719/980
f 941/691/941 982/5218/982 981/692/981
f 942/694/942 983/5219/983 982/695/982
f 943/697/944 984/5220/985 983/698/983
f 943/700/944 944/5221/943 985/701/984
f 944/703/943 945/5222/945 986/704/986
f 945/706/945 946/5223/946 987/707/987
f 946/709/946 947/5224/947 988/710/988
f 947/712/947 948/5225/948 989/713/989
f 949/715/949 990/5226/990 989/716/989
f 950/718/950 991/5227/991 990/719/990
f 951/691/951 992/5218/992 991/692/991
f 952/694/952 993/5219/993 992/695/992
f 953/697/954 994/5220/995 993/698/993
f 953/700/954 954/5221/953 995/701/994
f 954/703/953 955/5222/955 996/704/996
f 955/706/955 956/5223/956 997/707/997
f 956/709/956 957/5224/957 998/710/998
f 957/712/957 958/5225/958 999/713/999
f 959/715/959 1000/5226/1000 999/716/999
f 960/718/960 962/5227/961 1000/719/1000
f 962/721/961 1001/5228/1002 1002/722/1001
f 961/724/962 1003/5229/1003 1001/725/1002
f 963/727/963 1004/5230/1004 1003/728/1003
f 964/730/965 1005/5231/1006 1004/731/1004
f 964/733/965 965/5232/964 1006/734/1005
f 965/736/964 966/5233/966 1007/737/1007
f 966/739/966 967/5234/967 1008/740/1008
f 967/742/967 968/5235/968 1009/743/1009
f 968/745/968 969/5236/969 1010/746/1010
f 970/748/970 1011/5237/1011 1010/749/1010
f 971/721/971 1012/5228/1012 1011/722/1011
f 972/724/972 1013/5229/1013 1012/725/1012
f 973/727/973 1014/5230/1014 1013/728/1013
f 974/730/975 1015/5231/1016 1014/731/1014
f 974/733/975 975/5232/974 1016/734/1015
f 975/736/974 976/5233/976 1017/737/1017
f 976/739/976 977/5234/977 1018/740/1018
f 977/742/977 978/5235/978 1019/743/1019
f 978/745/978 979/5236/979 1020/746/1020
f 980/748/980 1021/5237/1021 1020/749/1020
f 981/721/981 1022/5228/1022 1021/722/1021
f 982/724/982 1023/5229/1023 1022/725/1022
f 983/727/983 1024/5230/1024 1023/728/1023
f 984/730/985 1025/5231/1026 1024/731/1024
f 984/733/985 985/5232/984 1026/734/1025
f 985/736/984 986/5233/986 1027/737/1027
f 986/739/986 987/5234/987 1028/740/1028
f 987/742/987 988/5235/988 1029/743/1029
f 988/745/988 989/5236/989 1030/746/1030
f 990/748/990 1031/5237/1031 1030/749/1030
f 991/721/991 1032/5228/1032 1031/722/1031
f 992/724/992 1033/5229/1033 1032/725/1032
f 993/727/993 1034/5230/1034 1033/728/1033
f 994/730/995 1035/5231/1036 1034/731/1034
f 994/733/995 995/5232/994 1036/734/1035
f 995/736/994 996/5233/996 1037/737/1037
f 996/739/996 997/5234/997 1038/740/1038
f 997/742/997 998/5235/998 1039/743/1039
f 998/745/998 999/5236/999 1040/746/1040
f 1000/748/1000 1002/5237/1001 1040/749/1040
f 1002/751/1001 1041/5238/1042 1042/752/1041
f 1001/754/1002 1043/5239/1043 1041/755/1042
f 1003/757/1003 1044/5240/1044 1043/758/1043
f 1004/760/1004 1045/5241/1045 1044/761/1044
f 1005/763/1006 1046/5242/1047 1045/764/1045
f 1005/766/1006 1006/5243/1005 1047/767/1046
f 1006/769/1005 1007/5244/1007 1048/770/1048
f 1007/772/1007 1008/5245/1008 1049/773/1049
f 1008/775/1008 1009/5246/1009 1050/776/1050
f 1009/778/1009 1010/5247/1010 1051/779/1051
f 1011/751/1011 1052/5238/1052 1051/752/1051
f 1012/754/1012 1053/5239/1053 1052/755/1052
f 1013/757/1013 1054/5240/1054 1053/758/1053
f 1014/760/1014 1055/5241/1055 1054/761/1054
f 1015/763/1016 1056/5242/1057 1055/764/1055
f 1015/766/1016 1016/5243/1015 1057/767/1056
f 1016/769/1015 1017/5244/1017 1058/770/1058
f 1017/772/1017 1018/5245/1018 1059/773/1059
f 1018/775/1018 1019/5246/1019 1060/776/1060
f 1019/778/1019 1020/5247/1020 1061/779/1061
f 1021/751/1021 1062/5238/1062 1061/752/1061
f 1022/754/1022 1063/5239/1063 1062/755/1062
f 1023/757/1023 1064/5240/1064 1063/758/1063
f 1024/760/1024 1065/5241/1065 1064/761/1064
f 1025/763/1026 1066/5242/1067 1065/764/1065
f 1025/766/1026 1026/5243/1025 1067/767/1066
f 1026/769/1025 1027/5244/1027 1068/770/1068
f 1027/772/1027 1028/5245/1028 1069/773/1069
f 1028/775/1028 1029/5246/1029 1070/776/1070
f 1029/778/1029 1030/5247/1030 1071/779/1071
f 1031/751/1031 1072/5238/1072 1071/752/1071
f 1032/754/1032 1073/5239/1073 1072/755/1072
f 1033/757/1033 1074/5240/1074 1073/758/1073
f 1034/760/1034 1075/5241/1075 1074/761/1074
f 1035/763/1036 1076/5242/1077 1075/764/1075
f 1035/766/1036 1036/5243/1035 1077/767/1076
f 1036/769/1035 1037/5244/1037 1078/770/1078
f 1037/772/1037 1038/5245/1038 1079/773/1079
f 1038/775/1038 1039/5246/1039 1080/776/1080
f 1039/778/1039 1040/5247/1040 1042/779/1041
f 1080/781/1080 1042/5248/1041 1081/782/1081
f 1041/784/1042 1083/5249/1083 1081/785/1081
f 1043/787/1043 1084/5250/1084 1083/788/1083
f 1044/790/1044 1085/5251/1085 1084/791/1084
f 1045/793/1045 1086/5252/1086 1085/794/1085
f 1046/796/1047 1087/5253/1088 1086/797/1086
f 1046/799/1047 1047/5254/1046 1088/800/1087
f 1047/802/1046 1048/5255/1048 1089/803/1089
f 1048/805/1048 1049/5256/1049 1090/806/1090
f 1049/808/1049 1050/5257/1050 1091/809/1091
f 1050/781/1050 1051/5248/1051 1092/782/1092
f 1052/784/1052 1093/5249/1093 1092/785/1092
f 1053/787/1053 1094/5250/1094 1093/788/1093
f 1054/790/1054 1095/5251/1095 1094/791/1094
f 1055/793/1055 1096/5252/1096 1095/794/1095
f 1056/796/1057 1097/5253/1098 1096/797/1096
f 1056/799/1057 1057/5254/1056 1098/800/1097
f 1057/802/1056 1058/5255/1058 1099/803/1099
f 1058/805/1058 1059/5256/1059 1100/806/1100
f 1059/808/1059 1060/5257/1060 1101/809/1101
f 1060/781/1060 1061/5248/1061 1102/782/1102
f 1062/784/1062 1103/5249/1103 1102/785/1102
f 1063/787/1063 1104/5250/1104 1103/788/1103
f 1064/790/1064 1105/5251/1105 1104/791/1104
f 1065/793/1065 1106/5252/1106 1105/794/1105
f 1066/796/1067 1107/5253/1108 1106/797/1106
f 1066/799/1067 1067/5254/1066 1108/800/1107
f 1067/802/1066 1068/5255/1068 1109/803/1109
f 1068/805/1068 1069/5256/1069 1110/806/1110
f 1069/808/1069 1070/5257/1070 1111/809/1111
f 1070/781/1070 1071/5248/1071 1112/782/1112
f 1072/784/1072 1113/5249/1113 1112/785/1112
f 1073/787/1073 1114/5250/1114 1113/788/1113
f 1074/790/1074 1115/5251/1115 1114/791/1114
f 1075/793/1075 1116/5252/1116 1115/794/1115
f 1076/796/1077 1117/5253/1118 1116/797/1116
f 1076/799/1077 1077/5254/1076 1118/800/1117
f 1077/802/1076 1078/5255/1078 1119/803/1119
f 1078/805/1078 1079/5256/1079 1120/806/1120
f 1079/808/1079 1080/5257/1080 1082/809/1082
f 1120/811/1120 1082/5258/1082 1121/812/1121
f 1082/814/1082 1081/5259/1081 1123/815/1123
f 1083/817/1083 1124/5260/1124 1123/818/1123
f 1084/820/1084 1125/5261/1125 1124/821/1124
f 1085/823/1085 1126/5262/1126 1125/824/1125
f 1086/826/1086 1127/5263/1127 1126/827/1126
f 1087/829/1088 1128/5264/1129 1127/830/1127
f 1087/832/1088 1088/5265/1087 1129/833/1128
f 1088/835/1087 1089/5266/1089 1130/836/1130
f 1089/838/1089 1090/5267/1090 1131/839/1131
f 1090/811/1090 1091/5258/1091 1132/812/1132
f 1091/814/1091 1092/5259/1092 1133/815/1133
f 1093/817/1093 1134/5260/1134 1133/818/1133
f 1094/820/1094 1135/5261/1135 1134/821/1134
f 1095/823/1095 1136/5262/1136 1135/824/1135
f 1096/826/1096 1137/5263/1137 1136/827/1136
f 1097/829/1098 1138/5264/1139 1137/830/1137
f 1097/832/1098 1098/5265/1097 1139/833/1138
f 1098/835/1097 1099/5266/1099 1140/836/1140
f 1099/838/1099 1100/5267/1100 1141/839/1141
f 1100/811/1100 1101/5258/1101 1142/812/1142
f 1101/814/1101 1102/5259/1102 1143/815/1143
f 1103/817/1103 1144/5260/1144 1143/818/1143
f 1104/820/1104 1145/5261/1145 1144/821/1144
f 1105/823/1105 1146/5262/1146 1145/824/1145
f 1106/826/1106 1147/5263/1147 1146/827/1146
f 1107/829/1108 1148/5264/1149 1147/830/1147
f 1107/832/1108 1108/5265/1107 1149/833/1148
f 1108/835/1107 1109/5266/1109 1150/836/1150
f 1109/838/1109 1110/5267/1110 1151/839/1151
f 1110/811/1110 1111/5258/1111 1152/812/1152
f 1111/814/1111 1112/5259/1112 1153/815/1153
f 1113/817/1113 1154/5260/1154 1153/818/1153
f 1114/820/1114 1155/5261/1155 1154/821/1154
f 1115/823/1115 1156/5262/1156 1155/824/1155
f 1116/826/1116 1157/5263/1157 1156/827/1156
f 1117/829/1118 1158/5264/1159 1157/830/1157
f 1117/832/1118 1118/5265/1117 1159/833/1158
f 1118/835/1117 1119/5266/1119 1160/836/1160
f 1119/838/1119 1120/5267/1120 1122/839/1122
f 1160/841/1160 1122/5268/1122 1161/842/1161
f 1122/844/1122 1121/5269/1121 1163/845/1163
f 1121/847/1121 1123/5270/1123 1164/848/1164
f 1124/850/1124 1165/5271/1165 1164/851/1164
f 1125/853/1125 1166/5272/1166 1165/854/1165
f 1126/856/1126 1167/5273/1167 1166/857/1166
f 1127/859/1127 1168/5274/1168 1167/860/1167
f 1128/862/1129 1169/5275/1170 1168/863/1168
f 1128/865/1129 1129/5276/1128 1170/866/1169
f 1129/868/1128 1130/5277/1130 1171/869/1171
f 1130/841/1130 1131/5268/1131 1172/842/1172
f 1131/844/1131 1132/5269/1132 1173/845/1173
f 1132/847/1132 1133/5270/1133 1174/848/1174
f 1134/850/1134 1175/5271/1175 1174/851/1174
f 1135/853/1135 1176/5272/1176 1175/854/1175
f 1136/856/1136 1177/5273/1177 1176/857/1176
f 1137/859/1137 1178/5274/1178 1177/860/1177
f 1138/862/1139 1179/5275/1180 1178/863/1178
f 1138/865/1139 1139/5276/1138 1180/866/1179
f 1139/868/1138 1140/5277/1140 1181/869/1181
f 1140/841/1140 1141/5268/1141 1182/842/1182
f 1141/844/1141 1142/5269/1142 1183/845/1183
f 1142/847/1142 1143/5270/1143 1184/848/1184
f 1144/850/1144 1185/5271/1185 1184/851/1184
f 1145/853/1145 1186/5272/1186 1185/854/1185
f 1146/856/1146 1187/5273/1187 1186/857/1186
f 1147/859/1147 1188/5274/1188 1187/860/1187
f 1148/862/1149 1189/5275/1190 1188/863/1188
f 1148/865/1149 1149/5276/1148 1190/866/1189
f 1149/868/1148 1150/5277/1150 1191/869/1191
f 1150/841/1150 1151/5268/1151 1192/842/1192
f 1151/844/1151 1152/5269/1152 1193/845/1193
f 1152/847/1152 1153/5270/1153 1194/848/1194
f 1154/850/1154 1195/5271/1195 1194/851/1194
f 1155/853/1155 1196/5272/1196 1195/854/1195
f 1156/856/1156 1197/5273/1197 1196/857/1196
f 1157/859/1157 1198/5274/1198 1197/860/1197
f 1158/862/1159 1199/5275/1200 1198/863/1198
f 1158/865/1159 1159/5276/1158 1200/866/1199
f 1159/868/1158 1160/5277/1160 1162/869/1162
f 1200/871/1199 1162/5278/1162 1201/872/1201
f 1162/874/1162 1161/5279/1161 1203/875/1203
f 1161/877/1161 1163/5280/1163 1204/878/1204
f 1163/880/1163 1164/5281/1164 1205/881/1205
f 1165/883/1165 1206/5282/1206 1205/884/1205
f 1166/886/1166 1207/5283/1207 1206/887/1206
f 1167/889/1167 1208/5284/1208 1207/890/1207
f 1168/892/1168 1209/5285/1209 1208/893/1208
f 1169/895/1170 1210/5286/1211 1209/896/1209
f 1169/898/1170 1170/5287/1169 1211/899/1210
f 1170/871/1169 1171/5278/1171 1212/872/1212
f 1171/874/1171 1172/5279/1172 1213/875/1213
f 1172/877/1172 1173/5280/1173 1214/878/1214
f 1173/880/1173 1174/5281/1174 1215/881/1215
f 1175/883/1175 1216/5282/1216 1215/884/1215
f 1176/886/1176 1217/5283/1217 1216/887/1216
f 1177/889/1177 1218/5284/1218 1217/890/1217
f 1178/892/1178 1219/5285/1219 1218/893/1218
f 1179/895/1180 1220/5286/1221 1219/896/1219
f 1179/898/1180 1180/5287/1179 1221/899/1220
f 1180/871/1179 1181/5278/1181 1222/872/1222
f 1181/874/1181 1182/5279/1182 1223/875/1223
f 1182/877/1182 1183/5280/1183 1224/878/1224
f 1183/880/1183 1184/5281/1184 1225/881/1225
f 1185/883/1185 1226/5282/1226 1225/884/1225
f 1186/886/1186 1227/5283/1227 1226/887/1226
f 1187/889/1187 1228/5284/1228 1227/890/1227
f 1188/892/1188 1229/5285/1229 1228/893/1228
f 1189/895/1190 1230/5286/1231 1229/896/1229
f 1189/898/1190 1190/5287/1189 1231/899/1230
f 1190/871/1189 1191/5278/1191 1232/872/1232
f 1191/874/1191 1192/5279/1192 1233/875/1233
f 1192/877/1192 1193/5280/1193 1234/878/1234
f 1193/880/1193 1194/5281/1194 1235/881/1235
f 1195/883/1195 1236/5282/1236 1235/884/1235
f 1196/886/1196 1237/5283/1237 1236/887/1236
f 1197/889/1197 1238/5284/1238 1237/890/1237
f 1198/892/1198 1239/5285/1239 1238/893/1238
f 1199/895/1200 1240/5286/1240 1239/896/1239
f 1199/898/1200 1200/5287/1199 1202/899/1202
f 1241/901/1241 1242/5288/1243 1240/902/1240
f 1243/904/1242 1244/5289/1245 1242/905/1243
f 1245/907/1244 1246/5290/1247 1244/908/1245
f 1247/910/1246 1248/5291/1249 1246/911/1247
f 1249/913/1248 1250/5292/1251 1248/914/1249
f 1251/916/1250 1252/5293/1253 1250/917/1251
f 1253/919/1252 1254/5294/1255 1252/920/1253
f 1255/922/1254 1256/5295/1257 1254/923/1255
f 1257/925/1256 1258/5296/1259 1256/926/1257
f 1297/949/1297 1257/5297/1256 1255/950/1254
f 1298/952/1298 1255/5298/1254 1253/953/1252
f 1299/955/1299 1253/5299/1252 1251/956/1250
f 1300/958/1300 1251/5300/1250 1249/959/1248
f 1301/961/1301 1249/5301/1248 1247/962/1246
f 1302/964/1302 1247/5302/1246 1245/965/1244
f 1303/967/1303 1245/5303/1244 1243/968/1242
f 1304/970/1304 1243/5304/1242 1241/971/1241
f 1305/973/1305 1241/5305/1241 1202/974/1202
f 1306/976/1306 1305/5306/1305 1201/977/1201
f 1307/979/1307 1304/5307/1304 1305/980/1305
f 1308/982/1308 1303/5308/1303 1304/983/1304
f 1309/985/1309 1302/5309/1302 1303/986/1303
f 1310/988/1310 1301/5310/1301 1302/989/1302
f 1311/991/1311 1300/5311/1300 1301/992/1301
f 1312/994/1312 1299/5312/1299 1300/995/1300
f 1313/997/1313 1298/5313/1298 1299/998/1299
f 1296/1000/1296 1297/5314/1297 1298/1001/1298
f 1295/1003/1295 1296/5315/1296 1313/1004/1313
f 1314/1006/1314 1313/5316/1313 1312/1007/1312
f 1315/1009/1315 1312/5317/1312 1311/1010/1311
f 1316/1012/1316 1311/5318/1311 1310/1013/1310
f 1317/1015/1317 1310/5319/1310 1309/1016/1309
f 1318/1018/1318 1309/5320/1309 1308/1019/1308
f 1319/1021/1319 1308/5321/1308 1307/1022/1307
f 1320/1024/1320 1307/5322/1307 1306/1025/1306
f 1321/1027/1321 1306/5323/1306 1203/1028/1203
f 1322/1030/1322 1321/5324/1321 1204/1031/1204
f 1323/1033/1323 1320/5325/1320 1321/1034/1321
f 1324/1036/1324 1319/5326/1319 1320/1037/1320
f 1325/1039/1325 1318/5327/1318 1319/1040/1319
f 1326/1042/1326 1317/5328/1317 1318/1043/1318
f 1327/1045/1327 1316/5329/1316 1317/1046/1317
f 1328/1048/1328 1315/5330/1315 1316/1049/1316
f 1329/1051/1329 1314/5331/1314 1315/1052/1315
f 1294/1054/1294 1295/5332/1295 1314/1055/1314
f 1294/1057/1294 1329/5333/1329 1330/1058/1330
f 1329/1060/1329 1328/5334/1328 1331/1061/1331
f 1328/1063/1328 1327/5335/1327 1332/1064/1332
f 1327/1066/1327 1326/5336/1326 1333/1067/1333
f 1326/1069/1326 1325/5337/1325 1334/1070/1334
f 1325/1072/1325 1324/5338/1324 1335/1073/1335
f 1324/1075/1324 1323/5339/1323 1336/1076/1336
f 1323/1078/1323 1322/5340/1322 1337/1079/1337
f 1322/1081/1322 1205/5341/1205 1206/1082/1206
f 1337/1084/1337 1206/5342/1206 1207/1085/1207
f 1336/1087/1336 1337/5343/1337 1338/1088/1338
f 1335/1090/1335 1336/5344/1336 1339/1091/1339
f 1334/1093/1334 1335/5345/1335 1340/1094/1340
f 1333/1096/1333 1334/5346/1334 1341/1097/1341
f 1332/1099/1332 1333/5347/1333 1342/1100/1342
f 1331/1102/1331 1332/5348/1332 1343/1103/1343
f 1330/1105/1330 1331/5349/1331 1344/1106/1344
f 1293/1108/1293 1330/5350/1330 1345/1109/1345
f 1292/1111/1292 1345/5351/1345 1346/1112/1346
f 1345/1114/1345 1344/5352/1344 1347/1115/1347
f 1344/1117/1344 1343/5353/1343 1348/1118/1348
f 1343/1120/1343 1342/5354/1342 1349/1121/1349
f 1342/1123/1342 1341/5355/1341 1350/1124/1350
f 1341/1126/1341 1340/5356/1340 1351/1127/1351
f 1340/1129/1340 1339/5357/1339 1352/1130/1352
f 1339/1132/1339 1338/5358/1338 1353/1133/1353
f 1338/1135/1338 1207/5359/1207 1208/1136/1208
f 1353/1138/1353 1208/5360/1208 1209/1139/1209
f 1352/1141/1352 1353/5361/1353 1354/1142/1354
f 1351/1144/1351 1352/5362/1352 1355/1145/1355
f 1350/1147/1350 1351/5363/1351 1356/1148/1356
f 1349/1150/1349 1350/5364/1350 1357/1151/1357
f 1348/1153/1348 1349/5365/1349 1358/1154/1358
f 1347/1156/1347 1348/5366/1348 1359/1157/1359
f 1346/1159/1346 1347/5367/1347 1360/1160/1360
f 1291/1162/1291 1346/5368/1346 1361/1163/1361
f 1290/1165/1290 1361/5369/1361 1362/1166/1362
f 1361/1168/1361 1360/5370/1360 1363/1169/1363
f 1360/1171/1360 1359/5371/1359 1364/1172/1364
f 1359/1174/1359 1358/5372/1358 1365/1175/1365
f 1358/1177/1358 1357/5373/1357 1366/1178/1366
f 1357/1180/1357 1356/5374/1356 1367/1181/1367
f 1356/1183/1356 1355/5375/1355 1368/1184/1368
f 1355/1186/1355 1354/5376/1354 1369/1187/1369
f 1354/1189/1354 1209/5377/1209 1210/1190/1211
f 1370/901/1370 1369/5288/1369 1210/902/1211
f 1371/904/1371 1368/5289/1368 1369/905/1369
f 1372/907/1372 1367/5290/1367 1368/908/1368
f 1373/910/1373 1366/5291/1366 1367/911/1367
f 1374/913/1374 1365/5292/1365 1366/914/1366
f 1375/916/1375 1364/5293/1364 1365/917/1365
f 1376/919/1376 1363/5294/1363 1364/920/1364
f 1377/922/1377 1362/5295/1362 1363/923/1363
f 1288/925/1288 1289/5296/1289 1362/926/1362
f 1287/949/1287 1288/5297/1288 1377/950/1377
f 1378/952/1378 1377/5298/1377 1376/953/1376
f 1379/955/1379 1376/5299/1376 1375/956/1375
f 1380/958/1380 1375/5300/1375 1374/959/1374
f 1381/961/1381 1374/5301/1374 1373/962/1373
f 1382/964/1382 1373/5302/1373 1372/965/1372
f 1383/967/1383 1372/5303/1372 1371/968/1371
f 1384/970/1384 1371/5304/1371 1370/971/1370
f 1385/973/1385 1370/5305/1370 1211/974/1210
f 1386/976/1386 1385/5306/1385 1212/977/1212
f 1387/979/1387 1384/5307/1384 1385/980/1385
f 1388/982/1388 1383/5308/1383 1384/983/1384
f 1389/985/1389 1382/5309/1382 1383/986/1383
f 1390/988/1390 1381/5310/1381 1382/989/1382
f 1391/991/1391 1380/5311/1380 1381/992/1381
f 1392/994/1392 1379/5312/1379 1380/995/1380
f 1393/997/1393 1378/5313/1378 1379/998/1379
f 1286/1000/1286 1287/5314/1287 1378/1001/1378
f 1285/1003/1285 1286/5315/1286 1393/1004/1393
f 1394/1006/1394 1393/5316/1393 1392/1007/1392
f 1395/1009/1395 1392/5317/1392 1391/1010/1391
f 1396/1012/1396 1391/5318/1391 1390/1013/1390
f 1397/1015/1397 1390/5319/1390 1389/1016/1389
f 1398/1018/1398 1389/5320/1389 1388/1019/1388
f 1399/1021/1399 1388/5321/1388 1387/1022/1387
f 1400/1024/1400 1387/5322/1387 1386/1025/1386
f 1401/1027/1401 1386/5323/1386 1213/1028/1213
f 1402/1030/1402 1401/5324/1401 1214/1031/1214
f 1403/1033/1403 1400/5325/1400 1401/1034/1401
f 1404/1036/1404 1399/5326/1399 1400/1037/1400
f 1405/1039/1405 1398/5327/1398 1399/1040/1399
f 1406/1042/1406 1397/5328/1397 1398/1043/1398
f 1407/1045/1407 1396/5329/1396 1397/1046/1397
f 1408/1048/1408 1395/5330/1395 1396/1049/1396
f 1409/1051/1409 1394/5331/1394 1395/1052/1395
f 1284/1054/1284 1285/5332/1285 1394/1055/1394
f 1284/1057/1284 1409/5333/1409 1410/1058/1410
f 1409/1060/1409 1408/5334/1408 1411/1061/1411
f 1408/1063/1408 1407/5335/1407 1412/1064/1412
f 1407/1066/1407 1406/5336/1406 1413/1067/1413
f 1406/1069/1406 1405/5337/1405 1414/1070/1414
f 1405/1072/1405 1404/5338/1404 1415/1073/1415
f 1404/1075/1404 1403/5339/1403 1416/1076/1416
f 1403/1078/1403 1402/5340/1402 1417/1079/1417
f 1402/1081/1402 1215/5341/1215 1216/1082/1216
f 1417/1084/1417 1216/5342/1216 1217/1085/1217
f 1416/1087/1416 1417/5343/1417 1418/1088/1418
f 1415/1090/1415 1416/5344/1416 1419/1091/1419
f 1414/1093/1414 1415/5345/1415 1420/1094/1420
f 1413/1096/1413 1414/5346/1414 1421/1097/1421
f 1412/1099/1412 1413/5347/1413 1422/1100/1422
f 1411/1102/1411 1412/5348/1412 1423/1103/1423
f 1410/1105/1410 1411/5349/1411 1424/1106/1424
f 1283/1108/1283 1410/5350/1410 1425/1109/1425
f 1282/1111/1282 1425/5351/1425 1426/1112/1426
f 1425/1114/1425 1424/5352/1424 1427/1115/1427
f 1424/1117/1424 1423/5353/1423 1428/1118/1428
f 1423/1120/1423 1422/5354/1422 1429/1121/1429
f 1422/1123/1422 1421/5355/1421 1430/1124/1430
f 1421/1126/1421 1420/5356/1420 1431/1127/1431
f 1420/1129/1420 1419/5357/1419 1432/1130/1432
f 1419/1132/1419 1418/5358/1418 1433/1133/1433
f 1418/1135/1418 1217/5359/1217 1218/1136/1218
f 1433/1138/1433 1218/5360/1218 1219/1139/1219
f 1432/1141/1432 1433/5361/1433 1434/1142/1434
f 1431/1144/1431 1432/5362/1432 1435/1145/1435
f 1430/1147/1430 1431/5363/1431 1436/1148/1436
f 1429/1150/1429 1430/5364/1430 1437/1151/1437
f 1428/1153/1428 1429/5365/1429 1438/1154/1438
f 1427/1156/1427 1428/5366/1428 1439/1157/1439
f 1426/1159/1426 1427/5367/1427 1440/1160/1440
f 1281/1162/1281 1426/5368/1426 1441/1163/1441
f 1280/1165/1280 1441/5369/1441 1442/1166/1442
f 1441/1168/1441 1440/5370/1440 1443/1169/1443
f 1440/1171/1440 1439/5371/1439 1444/1172/1444
f 1439/1174/1439 1438/5372/1438 1445/1175/1445
f 1438/1177/1438 1437/5373/1437 1446/1178/1446
f 1437/1180/1437 1436/5374/1436 1447/1181/1447
f 1436/1183/1436 1435/5375/1435 1448/1184/1448
f 1435/1186/1435 1434/5376/1434 1449/1187/1449
f 1434/1189/1434 1219/5377/1219 1220/1190/1221
f 1450/901/1450 1449/5288/1449 1220/902/1221
f 1451/904/1451 1448/5289/1448 1449/905/1449
f 1452/907/1452 1447/5290/1447 1448/908/1448
f 1453/910/1453 1446/5291/1446 1447/911/1447
f 1454/913/1454 1445/5292/1445 1446/914/1446
f 1455/916/1455 1444/5293/1444 1445/917/1445
f 1456/919/1456 1443/5294/1443 1444/920/1444
f 1457/922/1457 1442/5295/1442 1443/923/1443
f 1278/925/1278 1279/5296/1279 1442/926/1442
f 1277/949/1277 1278/5297/1278 1457/950/1457
f 1458/952/1458 1457/5298/1457 1456/953/1456
f 1459/955/1459 1456/5299/1456 1455/956/1455
f 1460/958/1460 1455/5300/1455 1454/959/1454
f 1461/961/1461 1454/5301/1454 1453/962/1453
f 1462/964/1462 1453/5302/1453 1452/965/1452
f 1463/967/1463 1452/5303/1452 1451/968/1451
f 1464/970/1464 1451/5304/1451 1450/971/1450
f 1465/973/1465 1450/5305/1450 1221/974/1220
f 1466/976/1466 1465/5306/1465 1222/977/1222
f 1467/979/1467 1464/5307/1464 1465/980/1465
f 1468/982/1468 1463/5308/1463 1464/983/1464
f 1469/985/1469 1462/5309/1462 1463/986/1463
f 1470/988/1470 1461/5310/1461 1462/989/1462
f 1471/991/1471 1460/5311/1460 1461/992/1461
f 1472/994/1472 1459/5312/1459 1460/995/1460
f 1473/997/1473 1458/5313/1458 1459/998/1459
f 1276/1000/1276 1277/5314/1277 1458/1001/1458
f 1275/1003/1275 1276/5315/1276 1473/1004/1473
f 1474/1006/1474 1473/5316/1473 1472/1007/1472
f 1475/1009/1475 1472/5317/1472 1471/1010/1471
f 1476/1012/1476 1471/5318/1471 1470/1013/1470
f 1477/1015/1477 1470/5319/1470 1469/1016/1469
f 1478/1018/1478 1469/5320/1469 1468/1019/1468
f 1479/1021/1479 1468/5321/1468 1467/1022/1467
f 1480/1024/1480 1467/5322/1467 1466/1025/1466
f 1481/1027/1481 1466/5323/1466 1223/1028/1223
f 1482/1030/1482 1481/5324/1481 1224/1031/1224
f 1483/1033/1483 1480/5325/1480 1481/1034/1481
f 1484/1036/1484 1479/5326/1479 1480/1037/1480
f 1485/1039/1485 1478/5327/1478 1479/1040/1479
f 1486/1042/1486 1477/5328/1477 1478/1043/1478
f 1487/1045/1487 1476/5329/1476 1477/1046/1477
f 1488/1048/1488 1475/5330/1475 1476/1049/1476
f 1489/1051/1489 1474/5331/1474 1475/1052/1475
f 1274/1054/1274 1275/5332/1275 1474/1055/1474
f 1274/1057/1274 1489/5333/1489 1490/1058/1490
f 1489/1060/1489 1488/5334/1488 1491/1061/1491
f 1488/1063/1488 1487/5335/1487 1492/1064/1492
f 1487/1066/1487 1486/5336/1486 1493/1067/1493
f 1486/1069/1486 1485/5337/1485 1494/1070/1494
f 1485/1072/1485 1484/5338/1484 1495/1073/1495
f 1484/1075/1484 1483/5339/1483 1496/1076/1496
f 1483/1078/1483 1482/5340/1482 1497/1079/1497
f 1482/1081/1482 1225/5341/1225 1226/1082/1226
f 1497/1084/1497 1226/5342/1226 1227/1085/1227
f 1496/1087/1496 1497/5343/1497 1498/1088/1498
f 1495/1090/1495 1496/5344/1496 1499/1091/1499
f 1494/1093/1494 1495/5345/1495 1500/1094/1500
f 1493/1096/1493 1494/5346/1494 1501/1097/1501
f 1492/1099/1492 1493/5347/1493 1502/1100/1502
f 1491/1102/1491 1492/5348/1492 1503/1103/1503
f 1490/1105/1490 1491/5349/1491 1504/1106/1504
f 1273/1108/1273 1490/5350/1490 1505/1109/1505
f 1272/1111/1272 1505/5351/1505 1506/1112/1506
f 1505/1114/1505 1504/5352/1504 1507/1115/1507
f 1504/1117/1504 1503/5353/1503 1508/1118/1508
f 1503/1120/1503 1502/5354/1502 1509/1121/1509
f 1502/1123/1502 1501/5355/1501 1510/1124/1510
f 1501/1126/1501 1500/5356/1500 1511/1127/1511
f 1500/1129/1500 1499/5357/1499 1512/1130/1512
f 1499/1132/1499 1498/5358/1498 1513/1133/1513
f 1498/1135/1498 1227/5359/1227 1228/1136/1228
f 1513/1138/1513 1228/5360/1228 1229/1139/1229
f 1512/1141/1512 1513/5361/1513 1514/1142/1514
f 1511/1144/1511 1512/5362/1512 1515/1145/1515
f 1510/1147/1510 1511/5363/1511 1516/1148/1516
f 1509/1150/1509 1510/5364/1510 1517/1151/1517
f 1508/1153/1508 1509/5365/1509 1518/1154/1518
f 1507/1156/1507 1508/5366/1508 1519/1157/1519
f 1506/1159/1506 1507/5367/1507 1520/1160/1520
f 1271/1162/1271 1506/5368/1506 1521/1163/1521
f 1270/1165/1270 1521/5369/1521 1522/1166/1522
f 1521/1168/1521 1520/5370/1520 1523/1169/1523
f 1520/1171/1520 1519/5371/1519 1524/1172/1524
f 1519/1174/1519 1518/5372/1518 1525/1175/1525
f 1518/1177/1518 1517/5373/1517 1526/1178/1526
f 1517/1180/1517 1516/5374/1516 1527/1181/1527
f 1516/1183/1516 1515/5375/1515 1528/1184/1528
f 1515/1186/1515 1514/5376/1514 1529/1187/1529
f 1514/1189/1514 1229/5377/1229 1230/1190/1231
f 1530/901/1530 1529/5288/1529 1230/902/1231
f 1531/904/1531 1528/5289/1528 1529/905/1529
f 1532/907/1532 1527/5290/1527 1528/908/1528
f 1533/910/1533 1526/5291/1526 1527/911/1527
f 1534/913/1534 1525/5292/1525 1526/914/1526
f 1535/916/1535 1524/5293/1524 1525/917/1525
f 1536/919/1536 1523/5294/1523 1524/920/1524
f 1537/922/1537 1522/5295/1522 1523/923/1523
f 1268/925/1268 1269/5296/1269 1522/926/1522
f 1267/949/1267 1268/5297/1268 1537/950/1537
f 1538/952/1538 1537/5298/1537 1536/953/1536
f 1539/955/1539 1536/5299/1536 1535/956/1535
f 1540/958/1540 1535/5300/1535 1534/959/1534
f 1541/961/1541 1534/5301/1534 1533/962/1533
f 1542/964/1542 1533/5302/1533 1532/965/1532
f 1543/967/1543 1532/5303/1532 1531/968/1531
f 1544/970/1544 1531/5304/1531 1530/971/1530
f 1545/973/1545 1530/5305/1530 1231/974/1230
f 1546/976/1546 1545/5306/1545 1232/977/1232
f 1547/979/1547 1544/5307/1544 1545/980/1545
f 1548/982/1548 1543/5308/1543 1544/983/1544
f 1549/985/1549 1542/5309/1542 1543/986/1543
f 1550/988/1550 1541/5310/1541 1542/989/1542
f 1551/991/1551 1540/5311/1540 1541/992/1541
f 1552/994/1552 1539/5312/1539 1540/995/1540
f 1553/997/1553 1538/5313/1538 1539/998/1539
f 1266/1000/1266 1267/5314/1267 1538/1001/1538
f 1265/1003/1265 1266/5315/1266 1553/1004/1553
f 1554/1006/1554 1553/5316/1553 1552/1007/1552
f 1555/1009/1555 1552/5317/1552 1551/1010/1551
f 1556/1012/1556 1551/5318/1551 1550/1013/1550
f 1557/1015/1557 1550/5319/1550 1549/1016/1549
f 1558/1018/1558 1549/5320/1549 1548/1019/1548
f 1559/1021/1559 1548/5321/1548 1547/1022/1547
f 1560/1024/1560 1547/5322/1547 1546/1025/1546
f 1561/1027/1561 1546/5323/1546 1233/1028/1233
f 1562/1030/1562 1561/5324/1561 1234/1031/1234
f 1563/1033/1563 1560/5325/1560 1561/1034/1561
f 1564/1036/1564 1559/5326/1559 1560/1037/1560
f 1565/1039/1565 1558/5327/1558 1559/1040/1559
f 1566/1042/1566 1557/5328/1557 1558/1043/1558
f 1567/1045/1567 1556/5329/1556 1557/1046/1557
f 1568/1048/1568 1555/5330/1555 1556/1049/1556
f 1569/1051/1569 1554/5331/1554 1555/1052/1555
f 1264/1054/1264 1265/5332/1265 1554/1055/1554
f 1264/1057/1264 1569/5333/1569 1570/1058/1570
f 1569/1060/1569 1568/5334/1568 1571/1061/1571
f 1568/1063/1568 1567/5335/1567 1572/1064/1572
f 1567/1066/1567 1566/5336/1566 1573/1067/1573
f 1566/1069/1566 1565/5337/1565 1574/1070/1574
f 1565/1072/1565 1564/5338/1564 1575/1073/1575
f 1564/1075/1564 1563/5339/1563 1576/1076/1576
f 1563/1078/1563 1562/5340/1562 1577/1079/1577
f 1562/1081/1562 1235/5341/1235 1236/1082/1236
f 1577/1084/1577 1236/5342/1236 1237/1085/1237
f 1576/1087/1576 1577/5343/1577 1578/1088/1578
f 1575/1090/1575 1576/5344/1576 1579/1091/1579
f 1574/1093/1574 1575/5345/1575 1580/1094/1580
f 1573/1096/1573 1574/5346/1574 1581/1097/1581
f 1572/1099/1572 1573/5347/1573 1582/1100/1582
f 1571/1102/1571 1572/5348/1572 1583/1103/1583
f 1570/1105/1570 1571/5349/1571 1584/1106/1584
f 1263/1108/1263 1570/5350/1570 1585/1109/1585
f 1262/1111/1262 1585/5351/1585 1586/1112/1586
f 1585/1114/1585 1584/5352/1584 1587/1115/1587
f 1584/1117/1584 1583/5353/1583 1588/1118/1588
f 1583/1120/1583 1582/5354/1582 1589/1121/1589
f 1582/1123/1582 1581/5355/1581 1590/1124/1590
f 1581/1126/1581 1580/5356/1580 1591/1127/1591
f 1580/1129/1580 1579/5357/1579 1592/1130/1592
f 1579/1132/1579 1578/5358/1578 1593/1133/1593
f 1578/1135/1578 1237/5359/1237 1238/1136/1238
f 1593/1138/1593 1238/5360/1238 1239/1139/1239
f 1592/1141/1592 1593/5361/1593 1594/1142/1594
f 1591/1144/1591 1592/5362/1592 1595/1145/1595
f 1590/1147/1590 1591/5363/1591 1596/1148/1596
f 1589/1150/1589 1590/5364/1590 1597/1151/1597
f 1588/1153/1588 1589/5365/1589 1598/1154/1598
f 1587/1156/1587 1588/5366/1588 1599/1157/1599
f 1586/1159/1586 1587/5367/1587 1600/1160/1600
f 1261/1162/1261 1586/5368/1586 1601/1163/1601
f 1260/1165/1260 1601/5369/1601 1256/1166/1257
f 1601/1168/1601 1600/5370/1600 1254/1169/1255
f 1600/1171/1600 1599/5371/1599 1252/1172/1253
f 1599/1174/1599 1598/5372/1598 1250/1175/1251
f 1598/1177/1598 1597/5373/1597 1248/1178/1249
f 1597/1180/1597 1596/5374/1596 1246/1181/1247
f 1596/1183/1596 1595/5375/1595 1244/1184/1245
f 1595/1186/1595 1594/5376/1594 1242/1187/1243
f 1594/1189/1594 1239/5377/1239 1240/1190/1240
f 1642/1226/1642 1604/5378/1604 1643/1227/1643
f 1603/1229/1603 1645/5379/1645 1643/1230/1643
f 1605/1232/1605 1646/5380/1646 1645/1233/1645
f 1606/1235/1606 1647/5381/1647 1646/1236/1646
f 1607/1238/1607 1648/5382/1648 1647/1239/1647
f 1608/1241/1608 1649/5383/1650 1648/1242/1648
f 1608/1244/1608 1609/5384/1609 1650/1245/1649
f 1609/1247/1609 1610/5385/1610 1651/1248/1651
f 1610/1250/1610 1611/5386/1611 1652/1251/1652
f 1611/1253/1611 1612/5387/1612 1653/1254/1653
f 1612/1226/1612 1613/5378/1613 1654/1227/1654
f 1614/1229/1614 1655/5379/1655 1654/1230/1654
f 1615/1232/1615 1656/5380/1656 1655/1233/1655
f 1616/1235/1616 1657/5381/1657 1656/1236/1656
f 1617/1238/1617 1658/5382/1658 1657/1239/1657
f 1618/1241/1618 1659/5383/1660 1658/1242/1658
f 1618/1244/1618 1619/5384/1619 1660/1245/1659
f 1619/1247/1619 1620/5385/1620 1661/1248/1661
f 1620/1250/1620 1621/5386/1621 1662/1251/1662
f 1621/1253/1621 1622/5387/1622 1663/1254/1663
f 1622/1226/1622 1623/5378/1623 1664/1227/1664
f 1624/1229/1624 1665/5379/1665 1664/1230/1664
f 1625/1232/1625 1666/5380/1666 1665/1233/1665
f 1626/1235/1626 1667/5381/1667 1666/1236/1666
f 1627/1238/1627 1668/5382/1668 1667/1239/1667
f 1628/1241/1628 1669/5383/1670 1668/1242/1668
f 1628/1244/1628 1629/5384/1629 1670/1245/1669
f 1629/1247/1629 1630/5385/1630 1671/1248/1671
f 1630/1250/1630 1631/5386/1631 1672/1251/1672
f 1631/1253/1631 1632/5387/1632 1673/1254/1673
f 1632/1226/1632 1633/5378/1633 1674/1227/1674
f 1634/1229/1634 1675/5379/1675 1674/1230/1674
f 1635/1232/1635 1676/5380/1676 1675/1233/1675
f 1636/1235/1636 1677/5381/1677 1676/1236/1676
f 1637/1238/1637 1678/5382/1678 1677/1239/1677
f 1638/1241/1638 1679/5383/1680 1678/1242/1678
f 1638/1244/1638 1639/5384/1639 1680/1245/1679
f 1639/1247/1639 1640/5385/1640 1681/1248/1681
f 1640/1250/1640 1641/5386/1641 1682/1251/1682
f 1641/1253/1641 1642/5387/1642 1644/1254/1644
f 1682/1256/1682 1644/5388/1644 1683/1257/1683
f 1644/1259/1644 1643/5389/1643 1685/1260/1685
f 1645/1262/1645 1686/5390/1686 1685/1263/1685
f 1646/1265/1646 1687/5391/1687 1686/1266/1686
f 1647/1268/1647 1688/5392/1688 1687/1269/1687
f 1648/1271/1648 1689/5393/1689 1688/1272/1688
f 1649/1274/1650 1690/5394/1691 1689/1275/1689
f 1649/1277/1650 1650/5395/1649 1691/1278/1690
f 1650/1280/1649 1651/5396/1651 1692/1281/1692
f 1651/1283/1651 1652/5397/1652 1693/1284/1693
f 1652/1256/1652 1653/5388/1653 1694/1257/1694
f 1653/1259/1653 1654/5389/1654 1695/1260/1695
f 1655/1262/1655 1696/5390/1696 1695/1263/1695
f 1656/1265/1656 1697/5391/1697 1696/1266/1696
f 1657/1268/1657 1698/5392/1698 1697/1269/1697
f 1658/1271/1658 1699/5393/1699 1698/1272/1698
f 1659/1274/1660 1700/5394/1701 1699/1275/1699
f 1659/1277/1660 1660/5395/1659 1701/1278/1700
f 1660/1280/1659 1661/5396/1661 1702/1281/1702
f 1661/1283/1661 1662/5397/1662 1703/1284/1703
f 1662/1256/1662 1663/5388/1663 1704/1257/1704
f 1663/1259/1663 1664/5389/1664 1705/1260/1705
f 1665/1262/1665 1706/5390/1706 1705/1263/1705
f 1666/1265/1666 1707/5391/1707 1706/1266/1706
f 1667/1268/1667 1708/5392/1708 1707/1269/1707
f 1668/1271/1668 1709/5393/1709 1708/1272/1708
f 1669/1274/1670 1710/5394/1711 1709/1275/1709
f 1669/1277/1670 1670/5395/1669 1711/1278/1710
f 1670/1280/1669 1671/5396/1671 1712/1281/1712
f 1671/1283/1671 1672/5397/1672 1713/1284/1713
f 1672/1256/1672 1673/5388/1673 1714/1257/1714
f 1673/1259/1673 1674/5389/1674 1715/1260/1715
f 1675/1262/1675 1716/5390/1716 1715/1263/1715
f 1676/1265/1676 1717/5391/1717 1716/1266/1716
f 1677/1268/1677 1718/5392/1718 1717/1269/1717
f 1678/1271/1678 1719/5393/1719 1718/1272/1718
f 1679/1274/1680 1720/5394/1721 1719/1275/1719
f 1679/1277/1680 1680/5395/1679 1721/1278/1720
f 1680/1280/1679 1681/5396/1681 1722/1281/1722
f 1681/1283/1681 1682/5397/1682 1684/1284/1684
f 1684/1286/1684 1723/5398/1724 1724/1287/1723
f 1683/1289/1683 1725/5399/1725 1723/1290/1724
f 1685/1292/1685 1726/5400/1727 1725/1293/1725
f 1685/1295/1685 1686/5401/1686 1727/1296/1726
f 1686/1298/1686 1687/5402/1687 1728/1299/1728
f 1687/1301/1687 1688/5403/1688 1729/1302/1729
f 1688/1304/1688 1689/5404/1689 1730/1305/1730
f 1689/1307/1689 1690/5405/1691 1731/1308/1731
f 1691/1310/1690 1732/5406/1732 1731/1311/1731
f 1692/1313/1692 1733/5407/1733 1732/1314/1732
f 1693/1286/1693 1734/5398/1734 1733/1287/1733
f 1694/1289/1694 1735/5399/1735 1734/1290/1734
f 1695/1292/1695 1736/5400/1737 1735/1293/1735
f 1695/1295/1695 1696/5401/1696 1737/1296/1736
f 1696/1298/1696 1697/5402/1697 1738/1299/1738
f 1697/1301/1697 1698/5403/1698 1739/1302/1739
f 1698/1304/1698 1699/5404/1699 1740/1305/1740
f 1699/1307/1699 1700/5405/1701 1741/1308/1741
f 1701/1310/1700 1742/5406/1742 1741/1311/1741
f 1702/1313/1702 1743/5407/1743 1742/1314/1742
f 1703/1286/1703 1744/5398/1744 1743/1287/1743
f 1704/1289/1704 1745/5399/1745 1744/1290/1744
f 1705/1292/1705 1746/5400/1747 1745/1293/1745
f 1705/1295/1705 1706/5401/1706 1747/1296/1746
f 1706/1298/1706 1707/5402/1707 1748/1299/1748
f 1707/1301/1707 1708/5403/1708 1749/1302/1749
f 1708/1304/1708 1709/5404/1709 1750/1305/1750
f 1709/1307/1709 1710/5405/1711 1751/1308/1751
f 1711/1310/1710 1752/5406/1752 1751/1311/1751
f 1712/1313/1712 1753/5407/1753 1752/1314/1752
f 1713/1286/1713 1754/5398/1754 1753/1287/1753
f 1714/1289/1714 1755/5399/1755 1754/1290/1754
f 1715/1292/1715 1756/5400/1757 1755/1293/1755
f 1715/1295/1715 1716/5401/1716 1757/1296/1756
f 1716/1298/1716 1717/5402/1717 1758/1299/1758
f 1717/1301/1717 1718/5403/1718 1759/1302/1759
f 1718/1304/1718 1719/5404/1719 1760/1305/1760
f 1719/1307/1719 1720/5405/1721 1761/1308/1761
f 1721/1310/1720 1762/5406/1762 1761/1311/1761
f 1722/1313/1722 1724/5407/1723 1762/1314/1762
f 1724/1316/1723 1763/5408/1764 1764/1317/1763
f 1723/1319/1724 1765/5409/1765 1763/1320/1764
f 1725/1322/1725 1766/5410/1766 1765/1323/1765
f 1726/1325/1727 1767/5411/1768 1766/1326/1766
f 1726/1328/1727 1727/5412/1726 1768/1329/1767
f 1727/1331/1726 1728/5413/1728 1769/1332/1769
f 1728/1334/1728 1729/5414/1729 1770/1335/1770
f 1729/1337/1729 1730/5415/1730 1771/1338/1771
f 1730/1340/1730 1731/5416/1731 1772/1341/1772
f 1732/1343/1732 1773/5417/1773 1772/1344/1772
f 1733/1316/1733 1774/5408/1774 1773/1317/1773
f 1734/1319/1734 1775/5409/1775 1774/1320/1774
f 1735/1322/1735 1776/5410/1776 1775/1323/1775
f 1736/1325/1737 1777/5411/1778 1776/1326/1776
f 1736/1328/1737 1737/5412/1736 1778/1329/1777
f 1737/1331/1736 1738/5413/1738 1779/1332/1779
f 1738/1334/1738 1739/5414/1739 1780/1335/1780
f 1739/1337/1739 1740/5415/1740 1781/1338/1781
f 1740/1340/1740 1741/5416/1741 1782/1341/1782
f 1742/1343/1742 1783/5417/1783 1782/1344/1782
f 1743/1316/1743 1784/5408/1784 1783/1317/1783
f 1744/1319/1744 1785/5409/1785 1784/1320/1784
f 1745/1322/1745 1786/5410/1786 1785/1323/1785
f 1746/1325/1747 1787/5411/1788 1786/1326/1786
f 1746/1328/1747 1747/5412/1746 1788/1329/1787
f 1747/1331/1746 1748/5413/1748 1789/1332/1789
f 1748/1334/1748 1749/5414/1749 1790/1335/1790
f 1749/1337/1749 1750/5415/1750 1791/1338/1791
f 1750/1340/1750 1751/5416/1751 1792/1341/1792
f 1752/1343/1752 1793/5417/1793 1792/1344/1792
f 1753/1316/1753 1794/5408/1794 1793/1317/1793
f 1754/1319/1754 1795/5409/1795 1794/1320/1794
f 1755/1322/1755 1796/5410/1796 1795/1323/1795
f 1756/1325/1757 1797/5411/1798 1796/1326/1796
f 1756/1328/1757 1757/5412/1756 1798/1329/1797
f 1757/1331/1756 1758/5413/1758 1799/1332/1799
f 1758/1334/1758 1759/5414/1759 1800/1335/1800
f 1759/1337/1759 1760/5415/1760 1801/1338/1801
f 1760/1340/1760 1761/5416/1761 1802/1341/1802
f 1762/1343/1762 1764/5417/1763 1802/1344/1802
f 1764/1346/1763 1803/5418/1804 1804/1347/1803
f 1763/1349/1764 1805/5419/1805 1803/1350/1804
f 1765/1352/1765 1806/5420/1806 1805/1353/1805
f 1766/1355/1766 1807/5421/1807 1806/1356/1806
f 1767/1358/1768 1808/5422/1809 1807/1359/1807
f 1767/1361/1768 1768/5423/1767 1809/1362/1808
f 1768/1364/1767 1769/5424/1769 1810/1365/1810
f 1769/1367/1769 1770/5425/1770 1811/1368/1811
f 1770/1370/1770 1771/5426/1771 1812/1371/1812
f 1771/1373/1771 1772/5427/1772 1813/1374/1813
f 1773/1346/1773 1814/5418/1814 1813/1347/1813
f 1774/1349/1774 1815/5419/1815 1814/1350/1814
f 1775/1352/1775 1816/5420/1816 1815/1353/1815
f 1776/1355/1776 1817/5421/1817 1816/1356/1816
f 1777/1358/1778 1818/5422/1819 1817/1359/1817
f 1777/1361/1778 1778/5423/1777 1819/1362/1818
f 1778/1364/1777 1779/5424/1779 1820/1365/1820
f 1779/1367/1779 1780/5425/1780 1821/1368/1821
f 1780/1370/1780 1781/5426/1781 1822/1371/1822
f 1781/1373/1781 1782/5427/1782 1823/1374/1823
f 1783/1346/1783 1824/5418/1824 1823/1347/1823
f 1784/1349/1784 1825/5419/1825 1824/1350/1824
f 1785/1352/1785 1826/5420/1826 1825/1353/1825
f 1786/1355/1786 1827/5421/1827 1826/1356/1826
f 1787/1358/1788 1828/5422/1829 1827/1359/1827
f 1787/1361/1788 1788/5423/1787 1829/1362/1828
f 1788/1364/1787 1789/5424/1789 1830/1365/1830
f 1789/1367/1789 1790/5425/1790 1831/1368/1831
f 1790/1370/1790 1791/5426/1791 1832/1371/1832
f 1791/1373/1791 1792/5427/1792 1833/1374/1833
f 1793/1346/1793 1834/5418/1834 1833/1347/1833
f 1794/1349/1794 1835/5419/1835 1834/1350/1834
f 1795/1352/1795 1836/5420/1836 1835/1353/1835
f 1796/1355/1796 1837/5421/1837 1836/1356/1836
f 1797/1358/1798 1838/5422/1839 1837/1359/1837
f 1797/1361/1798 1798/5423/1797 1839/1362/1838
f 1798/1364/1797 1799/5424/1799 1840/1365/1840
f 1799/1367/1799 1800/5425/1800 1841/1368/1841
f 1800/1370/1800 1801/5426/1801 1842/1371/1842
f 1801/1373/1801 1802/5427/1802 1804/1374/1803
f 1842/1376/1842 1804/5428/1803 1843/1377/1843
f 1803/1379/1804 1845/5429/1845 1843/1380/1843
f 1805/1382/1805 1846/5430/1846 1845/1383/1845
f 1806/1385/1806 1847/5431/1847 1846/1386/1846
f 1807/1388/1807 1848/5432/1848 1847/1389/1847
f 1808/1391/1809 1849/5433/1850 1848/1392/1848
f 1808/1394/1809 1809/5434/1808 1850/1395/1849
f 1809/1397/1808 1810/5435/1810 1851/1398/1851
f 1810/1400/1810 1811/5436/1811 1852/1401/1852
f 1811/1403/1811 1812/5437/1812 1853/1404/1853
f 1812/1376/1812 1813/5428/1813 1854/1377/1854
f 1814/1379/1814 1855/5429/1855 1854/1380/1854
f 1815/1382/1815 1856/5430/1856 1855/1383/1855
f 1816/1385/1816 1857/5431/1857 1856/1386/1856
f 1817/1388/1817 1858/5432/1858 1857/1389/1857
f 1818/1391/1819 1859/5433/1860 1858/1392/1858
f 1818/1394/1819 1819/5434/1818 1860/1395/1859
f 1819/1397/1818 1820/5435/1820 1861/1398/1861
f 1820/1400/1820 1821/5436/1821 1862/1401/1862
f 1821/1403/1821 1822/5437/1822 1863/1404/1863
f 1822/1376/1822 1823/5428/1823 1864/1377/1864
f 1824/1379/1824 1865/5429/1865 1864/1380/1864
f 1825/1382/1825 1866/5430/1866 1865/1383/1865
f 1826/1385/1826 1867/5431/1867 1866/1386/1866
f 1827/1388/1827 1868/5432/1868 1867/1389/1867
f 1828/1391/1829 1869/5433/1870 1868/1392/1868
f 1828/1394/1829 1829/5434/1828 1870/1395/1869
f 1829/1397/1828 1830/5435/1830 1871/1398/1871
f 1830/1400/1830 1831/5436/1831 1872/1401/1872
f 1831/1403/1831 1832/5437/1832 1873/1404/1873
f 1832/1376/1832 1833/5428/1833 1874/1377/1874
f 1834/1379/1834 1875/5429/1875 1874/1380/1874
f 1835/1382/1835 1876/5430/1876 1875/1383/1875
f 1836/1385/1836 1877/5431/1877 1876/1386/1876
f 1837/1388/1837 1878/5432/1878 1877/1389/1877
f 1838/1391/1839 1879/5433/1880 1878/1392/1878
f 1838/1394/1839 1839/5434/1838 1880/1395/1879
f 1839/1397/1838 1840/5435/1840 1881/1398/1881
f 1840/1400/1840 1841/5436/1841 1882/1401/1882
f 1841/1403/1841 1842/5437/1842 1844/1404/1844
f 1882/1406/1882 1844/5438/1844 1883/1407/1883
f 1844/1409/1844 1843/5439/1843 1885/1410/1885
f 1845/1412/1845 1886/5440/1886 1885/1413/1885
f 1846/1415/1846 1887/5441/1887 1886/1416/1886
f 1847/1418/1847 1888/5442/1888 1887/1419/1887
f 1848/1421/1848 1889/5443/1889 1888/1422/1888
f 1849/1424/1850 1890/5444/1891 1889/1425/1889
f 1849/1427/1850 1850/5445/1849 1891/1428/1890
f 1850/1430/1849 1851/5446/1851 1892/1431/1892
f 1851/1433/1851 1852/5447/1852 1893/1434/1893
f 1852/1406/1852 1853/5438/1853 1894/1407/1894
f 1853/1409/1853 1854/5439/1854 1895/1410/1895
f 1855/1412/1855 1896/5440/1896 1895/1413/1895
f 1856/1415/1856 1897/5441/1897 1896/1416/1896
f 1857/1418/1857 1898/5442/1898 1897/1419/1897
f 1858/1421/1858 1899/5443/1899 1898/1422/1898
f 1859/1424/1860 1900/5444/1901 1899/1425/1899
f 1859/1427/1860 1860/5445/1859 1901/1428/1900
f 1860/1430/1859 1861/5446/1861 1902/1431/1902
f 1861/1433/1861 1862/5447/1862 1903/1434/1903
f 1862/1406/1862 1863/5438/1863 1904/1407/1904
f 1863/1409/1863 1864/5439/1864 1905/1410/1905
f 1865/1412/1865 1906/5440/1906 1905/1413/1905
f 1866/1415/1866 1907/5441/1907 1906/1416/1906
f 1867/1418/1867 1908/5442/1908 1907/1419/1907
f 1868/1421/1868 1909/5443/1909 1908/1422/1908
f 1869/1424/1870 1910/5444/1911 1909/1425/1909
f 1869/1427/1870 1870/5445/1869 1911/1428/1910
f 1870/1430/1869 1871/5446/1871 1912/1431/1912
f 1871/1433/1871 1872/5447/1872 1913/1434/1913
f 1872/1406/1872 1873/5438/1873 1914/1407/1914
f 1873/1409/1873 1874/5439/1874 1915/1410/1915
f 1875/1412/1875 1916/5440/1916 1915/1413/1915
f 1876/1415/1876 1917/5441/1917 1916/1416/1916
f 1877/1418/1877 1918/5442/1918 1917/1419/1917
f 1878/1421/1878 1919/5443/1919 1918/1422/1918
f 1879/1424/1880 1920/5444/1921 1919/1425/1919
f 1879/1427/1880 1880/5445/1879 1921/1428/1920
f 1880/1430/1879 1881/5446/1881 1922/1431/1922
f 1881/1433/1881 1882/5447/1882 1884/1434/1884
f 1922/1436/1922 1884/5448/1884 1923/1437/1923
f 1884/1439/1884 1883/5449/1883 1925/1440/1925
f 1883/1442/1883 1885/5450/1885 1926/1443/1926
f 1886/1445/1886 1927/5451/1927 1926/1446/1926
f 1887/1448/1887 1928/5452/1928 1927/1449/1927
f 1888/1451/1888 1929/5453/1929 1928/1452/1928
f 1889/1454/1889 1930/5454/1930 1929/1455/1929
f 1890/1457/1891 1931/5455/1932 1930/1458/1930
f 1890/1460/1891 1891/5456/1890 1932/1461/1931
f 1891/1463/1890 1892/5457/1892 1933/1464/1933
f 1892/1436/1892 1893/5448/1893 1934/1437/1934
f 1893/1439/1893 1894/5449/1894 1935/1440/1935
f 1894/1442/1894 1895/5450/1895 1936/1443/1936
f 1896/1445/1896 1937/5451/1937 1936/1446/1936
f 1897/1448/1897 1938/5452/1938 1937/1449/1937
f 1898/1451/1898 1939/5453/1939 1938/1452/1938
f 1899/1454/1899 1940/5454/1940 1939/1455/1939
f 1900/1457/1901 1941/5455/1942 1940/1458/1940
f 1900/1460/1901 1901/5456/1900 1942/1461/1941
f 1901/1463/1900 1902/5457/1902 1943/1464/1943
f 1902/1436/1902 1903/5448/1903 1944/1437/1944
f 1903/1439/1903 1904/5449/1904 1945/1440/1945
f 1904/1442/1904 1905/5450/1905 1946/1443/1946
f 1906/1445/1906 1947/5451/1947 1946/1446/1946
f 1907/1448/1907 1948/5452/1948 1947/1449/1947
f 1908/1451/1908 1949/5453/1949 1948/1452/1948
f 1909/1454/1909 1950/5454/1950 1949/1455/1949
f 1910/1457/1911 1951/5455/1952 1950/1458/1950
f 1910/1460/1911 1911/5456/1910 1952/1461/1951
f 1911/1463/1910 1912/5457/1912 1953/1464/1953
f 1912/1436/1912 1913/5448/1913 1954/1437/1954
f 1913/1439/1913 1914/5449/1914 1955/1440/1955
f 1914/1442/1914 1915/5450/1915 1956/1443/1956
f 1916/1445/1916 1957/5451/1957 1956/1446/1956
f 1917/1448/1917 1958/5452/1958 1957/1449/1957
f 1918/1451/1918 1959/5453/1959 1958/1452/1958
f 1919/1454/1919 1960/5454/1960 1959/1455/1959
f 1920/1457/1921 1961/5455/1962 1960/1458/1960
f 1920/1460/1921 1921/5456/1920 1962/1461/1961
f 1921/1463/1920 1922/5457/1922 1924/1464/1924
f 1924/1466/1924 1963/5458/1964 1964/1467/1963
f 1923/1469/1923 1965/5459/1965 1963/1470/1964
f 1925/1472/1925 1966/5460/1966 1965/1473/1965
f 1926/1475/1926 1967/5461/1968 1966/1476/1966
f 1926/1478/1926 1927/5462/1927 1968/1479/1967
f 1927/1481/1927 1928/5463/1928 1969/1482/1969
f 1928/1484/1928 1929/5464/1929 1970/1485/1970
f 1929/1487/1929 1930/5465/1930 1971/1488/1971
f 1930/1490/1930 1931/5466/1932 1972/1491/1972
f 1932/1493/1931 1973/5467/1973 1972/1494/1972
f 1933/1466/1933 1974/5458/1974 1973/1467/1973
f 1934/1469/1934 1975/5459/1975 1974/1470/1974
f 1935/1472/1935 1976/5460/1976 1975/1473/1975
f 1936/1475/1936 1977/5461/1978 1976/1476/1976
f 1936/1478/1936 1937/5462/1937 1978/1479/1977
f 1937/1481/1937 1938/5463/1938 1979/1482/1979
f 1938/1484/1938 1939/5464/1939 1980/1485/1980
f 1939/1487/1939 1940/5465/1940 1981/1488/1981
f 1940/1490/1940 1941/5466/1942 1982/1491/1982
f 1942/1493/1941 1983/5467/1983 1982/1494/1982
f 1943/1466/1943 1984/5458/1984 1983/1467/1983
f 1944/1469/1944 1985/5459/1985 1984/1470/1984
f 1945/1472/1945 1986/5460/1986 1985/1473/1985
f 1946/1475/1946 1987/5461/1988 1986/1476/1986
f 1946/1478/1946 1947/5462/1947 1988/1479/1987
f 1947/1481/1947 1948/5463/1948 1989/1482/1989
f 1948/1484/1948 1949/5464/1949 1990/1485/1990
f 1949/1487/1949 1950/5465/1950 1991/1488/1991
f 1950/1490/1950 1951/5466/1952 1992/1491/1992
f 1952/1493/1951 1993/5467/1993 1992/1494/1992
f 1953/1466/1953 1994/5458/1994 1993/1467/1993
f 1954/1469/1954 1995/5459/1995 1994/1470/1994
f 1955/1472/1955 1996/5460/1996 1995/1473/1995
f 1956/1475/1956 1997/5461/1998 1996/1476/1996
f 1956/1478/1956 1957/5462/1957 1998/1479/1997
f 1957/1481/1957 1958/5463/1958 1999/1482/1999
f 1958/1484/1958 1959/5464/1959 2000/1485/2000
f 1959/1487/1959 1960/5465/1960 2001/1488/2001
f 1960/1490/1960 1961/5466/1962 2002/1491/2002
f 1962/1493/1961 1964/5467/1963 2002/1494/2002
f 1964/1496/1963 2003/5468/2004 2004/1497/2003
f 1963/1499/1964 2005/5469/2005 2003/1500/2004
f 1965/1502/1965 2006/5470/2006 2005/1503/2005
f 1966/1505/1966 2007/5471/2007 2006/1506/2006
f 1967/1508/1968 2008/5472/2009 2007/1509/2007
f 1967/1511/1968 1968/5473/1967 2009/1512/2008
f 1968/1514/1967 1969/5474/1969 2010/1515/2010
f 1969/1517/1969 1970/5475/1970 2011/1518/2011
f 1970/1520/1970 1971/5476/1971 2012/1521/2012
f 1971/1523/1971 1972/5477/1972 2013/1524/2013
f 1973/1496/1973 2014/5468/2014 2013/1497/2013
f 1974/1499/1974 2015/5469/2015 2014/1500/2014
f 1975/1502/1975 2016/5470/2016 2015/1503/2015
f 1976/1505/1976 2017/5471/2017 2016/1506/2016
f 1977/1508/1978 2018/5472/2019 2017/1509/2017
f 1977/1511/1978 1978/5473/1977 2019/1512/2018
f 1978/1514/1977 1979/5474/1979 2020/1515/2020
f 1979/1517/1979 1980/5475/1980 2021/1518/2021
f 1980/1520/1980 1981/5476/1981 2022/1521/2022
f 1981/1523/1981 1982/5477/1982 2023/1524/2023
f 1983/1496/1983 2024/5468/2024 2023/1497/2023
f 1984/1499/1984 2025/5469/2025 2024/1500/2024
f 1985/1502/1985 2026/5470/2026 2025/1503/2025
f 1986/1505/1986 2027/5471/2027 2026/1506/2026
f 1987/1508/1988 2028/5472/2029 2027/1509/2027
f 1987/1511/1988 1988/5473/1987 2029/1512/2028
f 1988/1514/1987 1989/5474/1989 2030/1515/2030
f 1989/1517/1989 1990/5475/1990 2031/1518/2031
f 1990/1520/1990 1991/5476/1991 2032/1521/2032
f 1991/1523/1991 1992/5477/1992 2033/1524/2033
f 1993/1496/1993 2034/5468/2034 2033/1497/2033
f 1994/1499/1994 2035/5469/2035 2034/1500/2034
f 1995/1502/1995 2036/5470/2036 2035/1503/2035
f 1996/1505/1996 2037/5471/2037 2036/1506/2036
f 1997/1508/1998 2038/5472/2039 2037/1509/2037
f 1997/1511/1998 1998/5473/1997 2039/1512/2038
f 1998/1514/1997 1999/5474/1999 2040/1515/2040
f 1999/1517/1999 2000/5475/2000 2041/1518/2041
f 2000/1520/2000 2001/5476/2001 2042/1521/2042
f 2001/1523/2001 2002/5477/2002 2004/1524/2003
f 2042/1526/2042 2004/5478/2003 2043/1527/2043
f 2003/1529/2004 2045/5479/2045 2043/1530/2043
f 2005/1532/2005 2046/5480/2046 2045/1533/2045
f 2006/1535/2006 2047/5481/2047 2046/1536/2046
f 2007/1538/2007 2048/5482/2048 2047/1539/2047
f 2008/1541/2009 2049/5483/2050 2048/1542/2048
f 2008/1544/2009 2009/5484/2008 2050/1545/2049
f 2009/1547/2008 2010/5485/2010 2051/1548/2051
f 2010/1550/2010 2011/5486/2011 2052/1551/2052
f 2011/1553/2011 2012/5487/2012 2053/1554/2053
f 2012/1526/2012 2013/5478/2013 2054/1527/2054
f 2014/1529/2014 2055/5479/2055 2054/1530/2054
f 2015/1532/2015 2056/5480/2056 2055/1533/2055
f 2016/1535/2016 2057/5481/2057 2056/1536/2056
f 2017/1538/2017 2058/5482/2058 2057/1539/2057
f 2018/1541/2019 2059/5483/2060 2058/1542/2058
f 2018/1544/2019 2019/5484/2018 2060/1545/2059
f 2019/1547/2018 2020/5485/2020 2061/1548/2061
f 2020/1550/2020 2021/5486/2021 2062/1551/2062
f 2021/1553/2021 2022/5487/2022 2063/1554/2063
f 2022/1526/2022 2023/5478/2023 2064/1527/2064
f 2024/1529/2024 2065/5479/2065 2064/1530/2064
f 2025/1532/2025 2066/5480/2066 2065/1533/2065
f 2026/1535/2026 2067/5481/2067 2066/1536/2066
f 2027/1538/2027 2068/5482/2068 2067/1539/2067
f 2028/1541/2029 2069/5483/2070 2068/1542/2068
f 2028/1544/2029 2029/5484/2028 2070/1545/2069
f 2029/1547/2028 2030/5485/2030 2071/1548/2071
f 2030/1550/2030 2031/5486/2031 2072/1551/2072
f 2031/1553/2031 2032/5487/2032 2073/1554/2073
f 2032/1526/2032 2033/5478/2033 2074/1527/2074
f 2034/1529/2034 2075/5479/2075 2074/1530/2074
f 2035/1532/2035 2076/5480/2076 2075/1533/2075
f 2036/1535/2036 2077/5481/2077 2076/1536/2076
f 2037/1538/2037 2078/5482/2078 2077/1539/2077
f 2038/1541/2039 2079/5483/2080 2078/1542/2078
f 2038/1544/2039 2039/5484/2038 2080/1545/2079
f 2039/1547/2038 2040/5485/2040 2081/1548/2081
f 2040/1550/2040 2041/5486/2041 2082/1551/2082
f 2041/1553/2041 2042/5487/2042 2044/1554/2044
f 2082/1556/2082 2044/5488/2044 2083/1557/2083
f 2044/1559/2044 2043/5489/2043 2085/1560/2085
f 2045/1562/2045 2086/5490/2086 2085/1563/2085
f 2046/1565/2046 2087/5491/2087 2086/1566/2086
f 2047/1568/2047 2088/5492/2088 2087/1569/2087
f 2048/1571/2048 2089/5493/2089 2088/1572/2088
f 2049/1574/2050 2090/5494/2091 2089/1575/2089
f 2049/1577/2050 2050/5495/2049 2091/1578/2090
f 2050/1580/2049 2051/5496/2051 2092/1581/2092
f 2051/1583/2051 2052/5497/2052 2093/1584/2093
f 2052/1556/2052 2053/5488/2053 2094/1557/2094
f 2053/1559/2053 2054/5489/2054 2095/1560/2095
f 2055/1562/2055 2096/5490/2096 2095/1563/2095
f 2056/1565/2056 2097/5491/2097 2096/1566/2096
f 2057/1568/2057 2098/5492/2098 2097/1569/2097
f 2058/1571/2058 2099/5493/2099 2098/1572/2098
f 2059/1574/2060 2100/5494/2101 2099/1575/2099
f 2059/1577/2060 2060/5495/2059 2101/1578/2100
f 2060/1580/2059 2061/5496/2061 2102/1581/2102
f 2061/1583/2061 2062/5497/2062 2103/1584/2103
f 2062/1556/2062 2063/5488/2063 2104/1557/2104
f 2063/1559/2063 2064/5489/2064 2105/1560/2105
f 2065/1562/2065 2106/5490/2106 2105/1563/2105
f 2066/1565/2066 2107/5491/2107 2106/1566/2106
f 2067/1568/2067 2108/5492/2108 2107/1569/2107
f 2068/1571/2068 2109/5493/2109 2108/1572/2108
f 2069/1574/2070 2110/5494/2111 2109/1575/2109
f 2069/1577/2070 2070/5495/2069 2111/1578/2110
f 2070/1580/2069 2071/5496/2071 2112/1581/2112
f 2071/1583/2071 2072/5497/2072 2113/1584/2113
f 2072/1556/2072 2073/5488/2073 2114/1557/2114
f 2073/1559/2073 2074/5489/2074 2115/1560/2115
f 2075/1562/2075 2116/5490/2116 2115/1563/2115
f 2076/1565/2076 2117/5491/2117 2116/1566/2116
f 2077/1568/2077 2118/5492/2118 2117/1569/2117
f 2078/1571/2078 2119/5493/2119 2118/1572/2118
f 2079/1574/2080 2120/5494/2121 2119/1575/2119
f 2079/1577/2080 2080/5495/2079 2121/1578/2120
f 2080/1580/2079 2081/5496/2081 2122/1581/2122
f 2081/1583/2081 2082/5497/2082 2084/1584/2084
f 2122/1586/2122 2084/5498/2084 2123/1587/2123
f 2084/1589/2084 2083/5499/2083 2125/1590/2125
f 2083/1592/2083 2085/5500/2085 2126/1593/2126
f 2086/1595/2086 2127/5501/2127 2126/1596/2126
f 2087/1598/2087 2128/5502/2128 2127/1599/2127
f 2088/1601/2088 2129/5503/2129 2128/1602/2128
f 2089/1604/2089 2130/5504/2130 2129/1605/2129
f 2090/1607/2091 2131/5505/2132 2130/1608/2130
f 2090/1610/2091 2091/5506/2090 2132/1611/2131
f 2091/1613/2090 2092/5507/2092 2133/1614/2133
f 2092/1586/2092 2093/5498/2093 2134/1587/2134
f 2093/1589/2093 2094/5499/2094 2135/1590/2135
f 2094/1592/2094 2095/5500/2095 2136/1593/2136
f 2096/1595/2096 2137/5501/2137 2136/1596/2136
f 2097/1598/2097 2138/5502/2138 2137/1599/2137
f 2098/1601/2098 2139/5503/2139 2138/1602/2138
f 2099/1604/2099 2140/5504/2140 2139/1605/2139
f 2100/1607/2101 2141/5505/2142 2140/1608/2140
f 2100/1610/2101 2101/5506/2100 2142/1611/2141
f 2101/1613/2100 2102/5507/2102 2143/1614/2143
f 2102/1586/2102 2103/5498/2103 2144/1587/2144
f 2103/1589/2103 2104/5499/2104 2145/1590/2145
f 2104/1592/2104 2105/5500/2105 2146/1593/2146
f 2106/1595/2106 2147/5501/2147 2146/1596/2146
f 2107/1598/2107 2148/5502/2148 2147/1599/2147
f 2108/1601/2108 2149/5503/2149 2148/1602/2148
f 2109/1604/2109 2150/5504/2150 2149/1605/2149
f 2110/1607/2111 2151/5505/2152 2150/1608/2150
f 2110/1610/2111 2111/5506/2110 2152/1611/2151
f 2111/1613/2110 2112/5507/2112 2153/1614/2153
f 2112/1586/2112 2113/5498/2113 2154/1587/2154
f 2113/1589/2113 2114/5499/2114 2155/1590/2155
f 2114/1592/2114 2115/5500/2115 2156/1593/2156
f 2116/1595/2116 2157/5501/2157 2156/1596/2156
f 2117/1598/2117 2158/5502/2158 2157/1599/2157
f 2118/1601/2118 2159/5503/2159 2158/1602/2158
f 2119/1604/2119 2160/5504/2160 2159/1605/2159
f 2120/1607/2121 2161/5505/2162 2160/1608/2160
f 2120/1610/2121 2121/5506/2120 2162/1611/2161
f 2121/1613/2120 2122/5507/2122 2124/1614/2124
f 2162/1616/2161 2124/5508/2124 2163/1617/2163
f 2124/1619/2124 2123/5509/2123 2165/1620/2165
f 2123/1622/2123 2125/5510/2125 2166/1623/2166
f 2125/1625/2125 2126/5511/2126 2167/1626/2167
f 2127/1628/2127 2168/5512/2168 2167/1629/2167
f 2128/1631/2128 2169/5513/2169 2168/1632/2168
f 2129/1634/2129 2170/5514/2170 2169/1635/2169
f 2130/1637/2130 2171/5515/2171 2170/1638/2170
f 2131/1640/2132 2172/5516/2173 2171/1641/2171
f 2131/1643/2132 2132/5517/2131 2173/1644/2172
f 2132/1616/2131 2133/5508/2133 2174/1617/2174
f 2133/1619/2133 2134/5509/2134 2175/1620/2175
f 2134/1622/2134 2135/5510/2135 2176/1623/2176
f 2135/1625/2135 2136/5511/2136 2177/1626/2177
f 2137/1628/2137 2178/5512/2178 2177/1629/2177
f 2138/1631/2138 2179/5513/2179 2178/1632/2178
f 2139/1634/2139 2180/5514/2180 2179/1635/2179
f 2140/1637/2140 2181/5515/2181 2180/1638/2180
f 2141/1640/2142 2182/5516/2183 2181/1641/2181
f 2141/1643/2142 2142/5517/2141 2183/1644/2182
f 2142/1616/2141 2143/5508/2143 2184/1617/2184
f 2143/1619/2143 2144/5509/2144 2185/1620/2185
f 2144/1622/2144 2145/5510/2145 2186/1623/2186
f 2145/1625/2145 2146/5511/2146 2187/1626/2187
f 2147/1628/2147 2188/5512/2188 2187/1629/2187
f 2148/1631/2148 2189/5513/2189 2188/1632/2188
f 2149/1634/2149 2190/5514/2190 2189/1635/2189
f 2150/1637/2150 2191/5515/2191 2190/1638/2190
f 2151/1640/2152 2192/5516/2193 2191/1641/2191
f 2151/1643/2152 2152/5517/2151 2193/1644/2192
f 2152/1616/2151 2153/5508/2153 2194/1617/2194
f 2153/1619/2153 2154/5509/2154 2195/1620/2195
f 2154/1622/2154 2155/5510/2155 2196/1623/2196
f 2155/1625/2155 2156/5511/2156 2197/1626/2197
f 2157/1628/2157 2198/5512/2198 2197/1629/2197
f 2158/1631/2158 2199/5513/2199 2198/1632/2198
f 2159/1634/2159 2200/5514/2200 2199/1635/2199
f 2160/1637/2160 2201/5515/2201 2200/1638/2200
f 2161/1640/2162 2202/5516/2202 2201/1641/2201
f 2161/1643/2162 2162/5517/2161 2164/1644/2164
f 2202/1646/2202 2164/5518/2164 2203/1647/2203
f 2164/1649/2164 2163/5519/2163 2205/1650/2205
f 2163/1652/2163 2165/5520/2165 2206/1653/2206
f 2165/1655/2165 2166/5521/2166 2207/1656/2207
f 2166/1658/2166 2167/5522/2167 2208/1659/2208
f 2168/1661/2168 2209/5523/2209 2208/1662/2208
f 2169/1664/2169 2210/5524/2210 2209/1665/2209
f 2170/1667/2170 2211/5525/2211 2210/1668/2210
f 2171/1670/2171 2212/5526/2212 2211/1671/2211
f 2172/1673/2173 2213/5527/2214 2212/1674/2212
f 2172/1646/2173 2173/5518/2172 2214/1647/2213
f 2173/1649/2172 2174/5519/2174 2215/1650/2215
f 2174/1652/2174 2175/5520/2175 2216/1653/2216
f 2175/1655/2175 2176/5521/2176 2217/1656/2217
f 2176/1658/2176 2177/5522/2177 2218/1659/2218
f 2178/1661/2178 2219/5523/2219 2218/1662/2218
f 2179/1664/2179 2220/5524/2220 2219/1665/2219
f 2180/1667/2180 2221/5525/2221 2220/1668/2220
f 2181/1670/2181 2222/5526/2222 2221/1671/2221
f 2182/1673/2183 2223/5527/2224 2222/1674/2222
f 2182/1646/2183 2183/5518/2182 2224/1647/2223
f 2183/1649/2182 2184/5519/2184 2225/1650/2225
f 2184/1652/2184 2185/5520/2185 2226/1653/2226
f 2185/1655/2185 2186/5521/2186 2227/1656/2227
f 2186/1658/2186 2187/5522/2187 2228/1659/2228
f 2188/1661/2188 2229/5523/2229 2228/1662/2228
f 2189/1664/2189 2230/5524/2230 2229/1665/2229
f 2190/1667/2190 2231/5525/2231 2230/1668/2230
f 2191/1670/2191 2232/5526/2232 2231/1671/2231
f 2192/1673/2193 2233/5527/2234 2232/1674/2232
f 2192/1646/2193 2193/5518/2192 2234/1647/2233
f 2193/1649/2192 2194/5519/2194 2235/1650/2235
f 2194/1652/2194 2195/5520/2195 2236/1653/2236
f 2195/1655/2195 2196/5521/2196 2237/1656/2237
f 2196/1658/2196 2197/5522/2197 2238/1659/2238
f 2198/1661/2198 2239/5523/2239 2238/1662/2238
f 2199/1664/2199 2240/5524/2240 2239/1665/2239
f 2200/1667/2200 2241/5525/2241 2240/1668/2240
f 2201/1670/2201 2242/5526/2242 2241/1671/2241
f 2202/1673/2202 2204/5527/2204 2242/1674/2242
f 2204/1676/2204 2243/5528/2245 2244/1677/2243
f 2204/1679/2204 2203/5529/2203 2245/1680/2244
f 2203/1682/2203 2205/5530/2205 2246/1683/2246
f 2205/1685/2205 2206/5531/2206 2247/1686/2247
f 2206/1688/2206 2207/5532/2207 2248/1689/2248
f 2207/1691/2207 2208/5533/2208 2249/1692/2249
f 2209/1694/2209 2250/5534/2250 2249/1695/2249
f 2210/1697/2210 2251/5535/2251 2250/1698/2250
f 2211/1700/2211 2252/5536/2252 2251/1701/2251
f 2212/1703/2212 2253/5537/2253 2252/1704/2252
f 2213/1676/2214 2254/5528/2255 2253/1677/2253
f 2213/1679/2214 2214/5529/2213 2255/1680/2254
f 2214/1682/2213 2215/5530/2215 2256/1683/2256
f 2215/1685/2215 2216/5531/2216 2257/1686/2257
f 2216/1688/2216 2217/5532/2217 2258/1689/2258
f 2217/1691/2217 2218/5533/2218 2259/1692/2259
f 2219/1694/2219 2260/5534/2260 2259/1695/2259
f 2220/1697/2220 2261/5535/2261 2260/1698/2260
f 2221/1700/2221 2262/5536/2262 2261/1701/2261
f 2222/1703/2222 2263/5537/2263 2262/1704/2262
f 2223/1676/2224 2264/5528/2265 2263/1677/2263
f 2223/1679/2224 2224/5529/2223 2265/1680/2264
f 2224/1682/2223 2225/5530/2225 2266/1683/2266
f 2225/1685/2225 2226/5531/2226 2267/1686/2267
f 2226/1688/2226 2227/5532/2227 2268/1689/2268
f 2227/1691/2227 2228/5533/2228 2269/1692/2269
f 2229/1694/2229 2270/5534/2270 2269/1695/2269
f 2230/1697/2230 2271/5535/2271 2270/1698/2270
f 2231/1700/2231 2272/5536/2272 2271/1701/2271
f 2232/1703/2232 2273/5537/2273 2272/1704/2272
f 2233/1676/2234 2274/5528/2275 2273/1677/2273
f 2233/1679/2234 2234/5529/2233 2275/1680/2274
f 2234/1682/2233 2235/5530/2235 2276/1683/2276
f 2235/1685/2235 2236/5531/2236 2277/1686/2277
f 2236/1688/2236 2237/5532/2237 2278/1689/2278
f 2237/1691/2237 2238/5533/2238 2279/1692/2279
f 2239/1694/2239 2280/5534/2280 2279/1695/2279
f 2240/1697/2240 2281/5535/2281 2280/1698/2280
f 2241/1700/2241 2282/5536/2282 2281/1701/2281
f 2242/1703/2242 2244/5537/2243 2282/1704/2282
f 2244/1706/2243 2283/5538/2284 2284/1707/2283
f 2243/1709/2245 2285/5539/2286 2283/1710/2284
f 2243/1712/2245 2245/5540/2244 2286/1713/2285
f 2245/1715/2244 2246/5541/2246 2287/1716/2287
f 2246/1718/2246 2247/5542/2247 2288/1719/2288
f 2247/1721/2247 2248/5543/2248 2289/1722/2289
f 2248/1724/2248 2249/5544/2249 2290/1725/2290
f 2250/1727/2250 2291/5545/2291 2290/1728/2290
f 2251/1730/2251 2292/5546/2292 2291/1731/2291
f 2252/1733/2252 2293/5547/2293 2292/1734/2292
f 2253/1706/2253 2294/5538/2294 2293/1707/2293
f 2254/1709/2255 2295/5539/2296 2294/1710/2294
f 2254/1712/2255 2255/5540/2254 2296/1713/2295
f 2255/1715/2254 2256/5541/2256 2297/1716/2297
f 2256/1718/2256 2257/5542/2257 2298/1719/2298
f 2257/1721/2257 2258/5543/2258 2299/1722/2299
f 2258/1724/2258 2259/5544/2259 2300/1725/2300
f 2260/1727/2260 2301/5545/2301 2300/1728/2300
f 2261/1730/2261 2302/5546/2302 2301/1731/2301
f 2262/1733/2262 2303/5547/2303 2302/1734/2302
f 2263/1706/2263 2304/5538/2304 2303/1707/2303
f 2264/1709/2265 2305/5539/2306 2304/1710/2304
f 2264/1712/2265 2265/5540/2264 2306/1713/2305
f 2265/1715/2264 2266/5541/2266 2307/1716/2307
f 2266/1718/2266 2267/5542/2267 2308/1719/2308
f 2267/1721/2267 2268/5543/2268 2309/1722/2309
f 2268/1724/2268 2269/5544/2269 2310/1725/2310
f 2270/1727/2270 2311/5545/2311 2310/1728/2310
f 2271/1730/2271 2312/5546/2312 2311/1731/2311
f 2272/1733/2272 2313/5547/2313 2312/1734/2312
f 2273/1706/2273 2314/5538/2314 2313/1707/2313
f 2274/1709/2275 2315/5539/2316 2314/1710/2314
f 2274/1712/2275 2275/5540/2274 2316/1713/2315
f 2275/1715/2274 2276/5541/2276 2317/1716/2317
f 2276/1718/2276 2277/5542/2277 2318/1719/2318
f 2277/1721/2277 2278/5543/2278 2319/1722/2319
f 2278/1724/2278 2279/5544/2279 2320/1725/2320
f 2280/1727/2280 2321/5545/2321 2320/1728/2320
f 2281/1730/2281 2322/5546/2322 2321/1731/2321
f 2282/1733/2282 2284/5547/2283 2322/1734/2322
f 2284/1736/2283 2323/5548/2324 2324/1737/2323
f 2283/1739/2284 2325/5549/2325 2323/1740/2324
f 2285/1742/2286 2326/5550/2327 2325/1743/2325
f 2285/1745/2286 2286/5551/2285 2327/1746/2326
f 2286/1748/2285 2287/5552/2287 2328/1749/2328
f 2287/1751/2287 2288/5553/2288 2329/1752/2329
f 2288/1754/2288 2289/5554/2289 2330/1755/2330
f 2289/1757/2289 2290/5555/2290 2331/1758/2331
f 2291/1760/2291 2332/5556/2332 2331/1761/2331
f 2292/1763/2292 2333/5557/2333 2332/1764/2332
f 2293/1736/2293 2334/5548/2334 2333/1737/2333
f 2294/1739/2294 2335/5549/2335 2334/1740/2334
f 2295/1742/2296 2336/5550/2337 2335/1743/2335
f 2295/1745/2296 2296/5551/2295 2337/1746/2336
f 2296/1748/2295 2297/5552/2297 2338/1749/2338
f 2297/1751/2297 2298/5553/2298 2339/1752/2339
f 2298/1754/2298 2299/5554/2299 2340/1755/2340
f 2299/1757/2299 2300/5555/2300 2341/1758/2341
f 2301/1760/2301 2342/5556/2342 2341/1761/2341
f 2302/1763/2302 2343/5557/2343 2342/1764/2342
f 2303/1736/2303 2344/5548/2344 2343/1737/2343
f 2304/1739/2304 2345/5549/2345 2344/1740/2344
f 2305/1742/2306 2346/5550/2347 2345/1743/2345
f 2305/1745/2306 2306/5551/2305 2347/1746/2346
f 2306/1748/2305 2307/5552/2307 2348/1749/2348
f 2307/1751/2307 2308/5553/2308 2349/1752/2349
f 2308/1754/2308 2309/5554/2309 2350/1755/2350
f 2309/1757/2309 2310/5555/2310 2351/1758/2351
f 2311/1760/2311 2352/5556/2352 2351/1761/2351
f 2312/1763/2312 2353/5557/2353 2352/1764/2352
f 2313/1736/2313 2354/5548/2354 2353/1737/2353
f 2314/1739/2314 2355/5549/2355 2354/1740/2354
f 2315/1742/2316 2356/5550/2357 2355/1743/2355
f 2315/1745/2316 2316/5551/2315 2357/1746/2356
f 2316/1748/2315 2317/5552/2317 2358/1749/2358
f 2317/1751/2317 2318/5553/2318 2359/1752/2359
f 2318/1754/2318 2319/5554/2319 2360/1755/2360
f 2319/1757/2319 2320/5555/2320 2361/1758/2361
f 2321/1760/2321 2362/5556/2362 2361/1761/2361
f 2322/1763/2322 2324/5557/2323 2362/1764/2362
f 2324/1766/2323 2363/5558/2364 2364/1767/2363
f 2323/1769/2324 2365/5559/2365 2363/1770/2364
f 2325/1772/2325 2366/5560/2366 2365/1773/2365
f 2326/1775/2327 2367/5561/2368 2366/1776/2366
f 2326/1778/2327 2327/5562/2326 2368/1779/2367
f 2327/1781/2326 2328/5563/2328 2369/1782/2369
f 2328/1784/2328 2329/5564/2329 2370/1785/2370
f 2329/1787/2329 2330/5565/2330 2371/1788/2371
f 2330/1790/2330 2331/5566/2331 2372/1791/2372
f 2332/1793/2332 2373/5567/2373 2372/1794/2372
f 2333/1766/2333 2374/5558/2374 2373/1767/2373
f 2334/1769/2334 2375/5559/2375 2374/1770/2374
f 2335/1772/2335 2376/5560/2376 2375/1773/2375
f 2336/1775/2337 2377/5561/2378 2376/1776/2376
f 2336/1778/2337 2337/5562/2336 2378/1779/2377
f 2337/1781/2336 2338/5563/2338 2379/1782/2379
f 2338/1784/2338 2339/5564/2339 2380/1785/2380
f 2339/1787/2339 2340/5565/2340 2381/1788/2381
f 2340/1790/2340 2341/5566/2341 2382/1791/2382
f 2342/1793/2342 2383/5567/2383 2382/1794/2382
f 2343/1766/2343 2384/5558/2384 2383/1767/2383
f 2344/1769/2344 2385/5559/2385 2384/1770/2384
f 2345/1772/2345 2386/5560/2386 2385/1773/2385
f 2346/1775/2347 2387/5561/2388 2386/1776/2386
f 2346/1778/2347 2347/5562/2346 2388/1779/2387
f 2347/1781/2346 2348/5563/2348 2389/1782/2389
f 2348/1784/2348 2349/5564/2349 2390/1785/2390
f 2349/1787/2349 2350/5565/2350 2391/1788/2391
f 2350/1790/2350 2351/5566/2351 2392/1791/2392
f 2352/1793/2352 2393/5567/2393 2392/1794/2392
f 2353/1766/2353 2394/5558/2394 2393/1767/2393
f 2354/1769/2354 2395/5559/2395 2394/1770/2394
f 2355/1772/2355 2396/5560/2396 2395/1773/2395
f 2356/1775/2357 2397/5561/2398 2396/1776/2396
f 2356/1778/2357 2357/5562/2356 2398/1779/2397
f 2357/1781/2356 2358/5563/2358 2399/1782/2399
f 2358/1784/2358 2359/5564/2359 2400/1785/2400
f 2359/1787/2359 2360/5565/2360 2401/1788/2401
f 2360/1790/2360 2361/5566/2361 2402/1791/2402
f 2362/1793/2362 2364/5567/2363 2402/1794/2402
f 2403/1796/2403 2404/5568/2406 2405/1797/2404
f 2404/1799/2406 2407/5569/2408 2408/1800/2407
f 2407/1802/2408 2409/5570/2410 2410/1803/2409
f 2409/1805/2410 2411/5571/2412 2412/1806/2411
f 2411/1808/2412 2413/5572/2414 2414/1809/2413
f 2413/1811/2414 2415/5573/2416 2416/1812/2415
f 2415/1814/2416 2417/5574/2418 2418/1815/2417
f 2417/1817/2418 2419/5575/2420 2420/1818/2419
f 2419/1820/2420 2421/5576/2422 2422/1821/2421
f 2421/1823/2422 2423/5577/3239 2424/1824/2423
f 2424/1826/2423 2423/5578/3239 2426/1827/2424
f 2427/1829/2426 2428/5579/2428 2424/1830/2423
f 2429/1832/2427 2430/5580/2430 2428/1833/2428
f 2431/1835/2429 2432/5581/2432 2430/1836/2430
f 2433/1838/2431 2434/5582/2434 2432/1839/2432
f 2435/1841/2433 2436/5583/2436 2434/1842/2434
f 2437/1844/2435 2438/5584/2438 2436/1845/2436
f 2439/1847/2437 2440/5585/2440 2438/1848/2438
f 2441/1850/2439 2442/5586/2442 2440/1851/2440
f 2443/1853/2441 2444/5587/2444 2442/1854/2442
f 2445/1856/2443 2446/5588/2446 2444/1857/2444
f 2447/1859/2445 2448/5589/2448 2446/1860/2446
f 2449/1862/2447 2450/5590/2450 2448/1863/2448
f 2451/1865/2449 2452/5591/2452 2450/1866/2450
f 2453/1868/2451 2454/5592/2454 2452/1869/2452
f 2455/1871/2453 2456/5593/2456 2454/1872/2454
f 2457/1874/2455 2458/5594/2458 2456/1875/2456
f 2459/1877/2457 2460/5595/2460 2458/1878/2458
f 2461/1880/2459 2462/5596/2462 2460/1881/2460
f 2463/1883/2461 2464/5597/3240 2462/1884/2462
f 2462/1886/2462 2464/5598/3240 2466/1887/2463
f 2460/1889/2460 2462/5599/2462 2465/1890/2464
f 2458/1892/2458 2460/5600/2460 2467/1893/2465
f 2456/1895/2456 2458/5601/2458 2468/1896/2466
f 2454/1898/2454 2456/5602/2456 2469/1899/2467
f 2452/1901/2452 2454/5603/2454 2470/1902/2468
f 2450/1904/2450 2452/5604/2452 2471/1905/2469
f 2448/1907/2448 2450/5605/2450 2472/1908/2470
f 2446/1910/2446 2448/5606/2448 2473/1911/2471
f 2444/1913/2444 2446/5607/2446 2474/1914/2472
f 2442/1916/2442 2444/5608/2444 2475/1917/2473
f 2440/1919/2440 2442/5609/2442 2476/1920/2474
f 2438/1922/2438 2440/5610/2440 2477/1923/2475
f 2436/1925/2436 2438/5611/2438 2478/1926/2476
f 2434/1928/2434 2436/5612/2436 2479/1929/2477
f 2432/1931/2432 2434/5613/2434 2480/1932/2478
f 2430/1934/2430 2432/5614/2432 2481/1935/2479
f 2428/1937/2428 2430/5615/2430 2482/1938/2480
f 2424/1940/2423 2428/5616/2428 2483/1941/2481
f 2422/1943/2421 2483/5617/2481 2484/1944/2482
f 2483/1946/2481 2482/5618/2480 2485/1947/2483
f 2482/1949/2480 2481/5619/2479 2486/1950/2484
f 2481/1952/2479 2480/5620/2478 2487/1953/2485
f 2480/1955/2478 2479/5621/2477 2488/1956/2486
f 2479/1958/2477 2478/5622/2476 2489/1959/2487
f 2477/1967/2475 2476/5623/2474 2491/1968/2489
f 2476/1970/2474 2475/5624/2473 2492/1971/2490
f 2475/1973/2473 2474/5625/2472 2493/1974/2491
f 2474/1976/2472 2473/5626/2471 2494/1977/2492
f 2473/1979/2471 2472/5627/2470 2495/1980/2493
f 2472/1982/2470 2471/5628/2469 2496/1983/2494
f 2467/2009/2465 2465/5629/2464 2501/2010/2499
f 2465/2012/2464 2466/5630/2463 2502/2013/2500
f 2501/2015/2499 2502/5631/2500 2504/2016/2501
f 2494/2054/2492 2495/5632/2493 2510/2055/2508
f 2493/2057/2491 2494/5633/2492 2511/2058/2509
f 2492/2060/2490 2493/5634/2491 2512/2061/2510
f 2491/2063/2489 2492/5635/2490 2513/2064/2511
f 2487/2084/2485 2488/5636/2486 2517/2085/2515
f 2486/2087/2484 2487/5637/2485 2518/2088/2516
f 2485/2090/2483 2486/5638/2484 2519/2091/2517
f 2484/2093/2482 2485/5639/2483 2520/2094/2518
f 2420/2096/2419 2484/5640/2482 2521/2097/2519
f 2418/2099/2417 2521/5641/2519 2522/2100/2520
f 2521/2102/2519 2520/5642/2518 2523/2103/2521
f 2520/2105/2518 2519/5643/2517 2524/2106/2522
f 2519/2108/2517 2518/5644/2516 2525/2109/2523
f 2518/2111/2516 2517/5645/2515 2526/2112/2524
f 2515/2126/2513 2514/5646/2512 2529/2127/2527
f 2514/2129/2512 2513/5647/2511 2530/2130/2528
f 2513/2132/2511 2512/5648/2510 2531/2133/2529
f 2512/2135/2510 2511/5649/2509 2532/2136/2530
f 2511/2138/2509 2510/5650/2508 2533/2139/2531
f 2510/2141/2508 2509/5651/2507 2534/2142/2532
f 2503/2174/2502 2504/5652/2501 2540/2175/2538
f 2539/2177/2537 2540/5653/2538 2542/2178/2539
f 2538/2180/2536 2539/5654/2537 2541/2181/2540
f 2537/2183/2535 2538/5655/2536 2543/2184/2541
f 2536/2186/2534 2537/5656/2535 2544/2187/2542
f 2535/2189/2533 2536/5657/2534 2545/2190/2543
f 2534/2192/2532 2535/5658/2533 2546/2193/2544
f 2533/2195/2531 2534/5659/2532 2547/2196/2545
f 2532/2198/2530 2533/5660/2531 2548/2199/2546
f 2531/2201/2529 2532/5661/2530 2549/2202/2547
f 2530/2204/2528 2531/5662/2529 2550/2205/2548
f 2529/2207/2527 2530/5663/2528 2551/2208/2549
f 2528/2210/2526 2529/5664/2527 2552/2211/2550
f 2527/2213/2525 2528/5665/2526 2553/2214/2551
f 2526/2216/2524 2527/5666/2525 2554/2217/2552
f 2525/2219/2523 2526/5667/2524 2555/2220/2553
f 2524/2222/2522 2525/5668/2523 2556/2223/2554
f 2523/2225/2521 2524/5669/2522 2557/2226/2555
f 2522/2228/2520 2523/5670/2521 2558/2229/2556
f 2416/2231/2415 2522/5671/2520 2559/2232/2557
f 2414/2234/2413 2559/5672/2557 2560/2235/2558
f 2559/2237/2557 2558/5673/2556 2561/2238/2559
f 2558/2240/2556 2557/5674/2555 2562/2241/2560
f 2557/2243/2555 2556/5675/2554 2563/2244/2561
f 2556/2246/2554 2555/5676/2553 2564/2247/2562
f 2555/2249/2553 2554/5677/2552 2565/2250/2563
f 2554/2252/2552 2553/5678/2551 2566/2253/2564
f 2553/2255/2551 2552/5679/2550 2567/2256/2565
f 2552/2258/2550 2551/5680/2549 2568/2259/2566
f 2551/2261/2549 2550/5681/2548 2569/2262/2567
f 2550/2264/2548 2549/5682/2547 2570/2265/2568
f 2549/2267/2547 2548/5683/2546 2571/2268/2569
f 2548/2270/2546 2547/5684/2545 2572/2271/2570
f 2547/2273/2545 2546/5685/2544 2573/2274/2571
f 2546/2276/2544 2545/5686/2543 2574/2277/2572
f 2545/2279/2543 2544/5687/2542 2575/2280/2573
f 2544/2282/2542 2543/5688/2541 2576/2283/2574
f 2543/2285/2541 2541/5689/2540 2577/2286/2575
f 2541/2288/2540 2542/5690/2539 2578/2289/2576
f 2577/2291/2575 2578/5691/2576 2580/2292/2577
f 2570/2330/2568 2571/5692/2569 2586/2331/2584
f 2569/2333/2567 2570/5693/2568 2587/2334/2585
f 2568/2336/2566 2569/5694/2567 2588/2337/2586
f 2567/2339/2565 2568/5695/2566 2589/2340/2587
f 2562/2366/2560 2563/5696/2561 2594/2367/2592
f 2561/2369/2559 2562/5697/2560 2595/2370/2593
f 2560/2372/2558 2561/5698/2559 2596/2373/2594
f 2412/2375/2411 2560/5699/2558 2597/2376/2595
f 2410/2378/2409 2597/5700/2595 2598/2379/2596
f 2597/2381/2595 2596/5701/2594 2599/2382/2597
f 2596/2384/2594 2595/5702/2593 2600/2385/2598
f 2595/2387/2593 2594/5703/2592 2601/2388/2599
f 2590/2414/2588 2589/5704/2587 2606/2415/2604
f 2589/2417/2587 2588/5705/2586 2607/2418/2605
f 2588/2420/2586 2587/5706/2585 2608/2421/2606
f 2587/2423/2585 2586/5707/2584 2609/2424/2607
f 2579/2462/2578 2580/5708/2577 2616/2463/2614
f 2615/2465/2613 2616/5709/2614 2618/2466/2615
f 2608/2504/2606 2609/5710/2607 2624/2505/2622
f 2607/2507/2605 2608/5711/2606 2625/2508/2623
f 2606/2510/2604 2607/5712/2605 2626/2511/2624
f 2605/2513/2603 2606/5713/2604 2627/2514/2625
f 2601/2534/2599 2602/5714/2600 2631/2535/2629
f 2600/2537/2598 2601/5715/2599 2632/2538/2630
f 2599/2540/2597 2600/5716/2598 2633/2541/2631
f 2598/2543/2596 2599/5717/2597 2634/2544/2632
f 2408/2546/2407 2598/5718/2596 2635/2547/2633
f 2405/2549/2404 2635/5719/2633 2636/2550/2634
f 2635/2552/2633 2634/5720/2632 2637/2553/2635
f 2634/2555/2632 2633/5721/2631 2638/2556/2636
f 2633/2558/2631 2632/5722/2630 2639/2559/2637
f 2632/2561/2630 2631/5723/2629 2640/2562/2638
f 2631/2564/2629 2630/5724/2628 2641/2565/2639
f 2630/2567/2628 2629/5725/2627 2642/2568/2640
f 2629/2570/2627 2628/5726/2626 2643/2571/2641
f 2628/2573/2626 2627/5727/2625 2644/2574/2642
f 2627/2576/2625 2626/5728/2624 2645/2577/2643
f 2626/2579/2624 2625/5729/2623 2646/2580/2644
f 2625/2582/2623 2624/5730/2622 2647/2583/2645
f 2624/2585/2622 2623/5731/2621 2648/2586/2646
f 2623/2588/2621 2622/5732/2620 2649/2589/2647
f 2622/2591/2620 2621/5733/2619 2650/2592/2648
f 2621/2594/2619 2620/5734/2618 2651/2595/2649
f 2620/2597/2618 2619/5735/2617 2652/2598/2650
f 2619/2600/2617 2617/5736/2616 2653/2601/2651
f 2617/2603/2616 2618/5737/2615 840/2604/2652
f 840/2606/2652 2654/5738/2654 2655/2607/2653
f 2654/2609/2654 2656/5739/2656 2657/2610/2655
f 2656/2612/2656 2658/5740/2658 2659/2613/2657
f 2658/2615/2658 2660/5741/2660 2661/2616/2659
f 2660/2618/2660 2662/5742/2662 2663/2619/2661
f 2662/2621/2662 2664/5743/2664 2665/2622/2663
f 2664/2624/2664 2666/5744/2666 2667/2625/2665
f 2666/2627/2666 2668/5745/2668 2669/2628/2667
f 2668/2630/2668 2463/5746/2461 2461/2631/2459
f 2669/2633/2667 2461/5747/2459 2459/2634/2457
f 2674/2660/2673 2451/5748/2449 2449/2661/2447
f 2675/2663/2674 2449/5749/2447 2447/2664/2445
f 2676/2666/2675 2447/5750/2445 2445/2667/2443
f 2677/2669/2676 2445/5751/2443 2443/2670/2441
f 2678/2672/2677 2443/5752/2441 2441/2673/2439
f 2679/2675/2678 2441/5753/2439 2439/2676/2437
f 2681/2684/2680 2437/5754/2435 2435/2685/2433
f 2682/2687/2681 2435/5755/2433 2433/2688/2431
f 2683/2690/2682 2433/5756/2431 2431/2691/2429
f 2684/2693/2683 2431/5757/2429 2429/2694/2427
f 2685/2696/2684 2429/5758/2427 2427/2697/2426
f 2686/2699/2685 2427/5759/2426 2425/2700/2425
f 2425/2702/2425 2426/5760/2424 2688/2703/2687
f 2687/2705/2686 2688/5761/2687 2690/2706/2688
f 2691/2708/2690 2686/5762/2685 2687/2709/2686
f 2692/2711/2691 2685/5763/2684 2686/2712/2685
f 2693/2714/2692 2684/5764/2683 2685/2715/2684
f 2694/2717/2693 2683/5765/2682 2684/2718/2683
f 2695/2720/2694 2682/5766/2681 2683/2721/2682
f 2699/2741/2698 2678/5767/2677 2679/2742/2678
f 2700/2744/2699 2677/5768/2676 2678/2745/2677
f 2701/2747/2700 2676/5769/2675 2677/2748/2676
f 2702/2750/2701 2675/5770/2674 2676/2751/2675
f 2712/2819/2711 2703/5771/2702 2702/2820/2701
f 2713/2822/2712 2702/5772/2701 2701/2823/2700
f 2714/2825/2713 2701/5773/2700 2700/2826/2699
f 2715/2828/2714 2700/5774/2699 2699/2829/2698
f 2716/2831/2715 2699/5775/2698 2698/2832/2697
f 2717/2834/2716 2698/5776/2697 2697/2835/2696
f 2720/2849/2719 2695/5777/2694 2694/2850/2693
f 2721/2852/2720 2694/5778/2693 2693/2853/2692
f 2722/2855/2721 2693/5779/2692 2692/2856/2691
f 2723/2858/2722 2692/5780/2691 2691/2859/2690
f 2724/2861/2723 2691/5781/2690 2689/2862/2689
f 2689/2864/2689 2690/5782/2688 2726/2865/2725
f 2725/2867/2724 2726/5783/2725 2728/2868/2726
f 2729/2870/2728 2724/5784/2723 2725/2871/2724
f 2730/2873/2729 2723/5785/2722 2724/2874/2723
f 2731/2876/2730 2722/5786/2721 2723/2877/2722
f 2732/2879/2731 2721/5787/2720 2722/2880/2721
f 2733/2882/2732 2720/5788/2719 2721/2883/2720
f 2734/2885/2733 2719/5789/2718 2720/2886/2719
f 2735/2888/2734 2718/5790/2717 2719/2889/2718
f 2736/2891/2735 2717/5791/2716 2718/2892/2717
f 2737/2894/2736 2716/5792/2715 2717/2895/2716
f 2738/2897/2737 2715/5793/2714 2716/2898/2715
f 2739/2900/2738 2714/5794/2713 2715/2901/2714
f 2740/2903/2739 2713/5795/2712 2714/2904/2713
f 2741/2906/2740 2712/5796/2711 2713/2907/2712
f 2742/2909/2741 2711/5797/2710 2712/2910/2711
f 2743/2912/2742 2710/5798/2709 2711/2913/2710
f 2744/2915/2743 2709/5799/2708 2710/2916/2709
f 2745/2918/2744 2708/5800/2707 2709/2919/2708
f 2663/2921/2661 2665/5801/2663 2708/2922/2707
f 2661/2924/2659 2663/5802/2661 2745/2925/2744
f 2746/2927/2745 2745/5803/2744 2744/2928/2743
f 2747/2930/2746 2744/5804/2743 2743/2931/2742
f 2748/2933/2747 2743/5805/2742 2742/2934/2741
f 2749/2936/2748 2742/5806/2741 2741/2937/2740
f 2750/2939/2749 2741/5807/2740 2740/2940/2739
f 2751/2942/2750 2740/5808/2739 2739/2943/2738
f 2752/2945/2751 2739/5809/2738 2738/2946/2737
f 2753/2948/2752 2738/5810/2737 2737/2949/2736
f 2754/2951/2753 2737/5811/2736 2736/2952/2735
f 2755/2954/2754 2736/5812/2735 2735/2955/2734
f 2756/2957/2755 2735/5813/2734 2734/2958/2733
f 2757/2960/2756 2734/5814/2733 2733/2961/2732
f 2758/2963/2757 2733/5815/2732 2732/2964/2731
f 2759/2966/2758 2732/5816/2731 2731/2967/2730
f 2760/2969/2759 2731/5817/2730 2730/2970/2729
f 2761/2972/2760 2730/5818/2729 2729/2973/2728
f 2762/2975/2761 2729/5819/2728 2727/2976/2727
f 2727/2978/2727 2728/5820/2726 2764/2979/2763
f 2763/2981/2762 2764/5821/2763 2766/2982/2764
f 2767/2984/2766 2762/5822/2761 2763/2985/2762
f 2768/2987/2767 2761/5823/2760 2762/2988/2761
f 2769/2990/2768 2760/5824/2759 2761/2991/2760
f 2770/2993/2769 2759/5825/2758 2760/2994/2759
f 2775/3020/2774 2754/5826/2753 2755/3021/2754
f 2776/3023/2775 2753/5827/2752 2754/3024/2753
f 2777/3026/2776 2752/5828/2751 2753/3027/2752
f 2778/3029/2777 2751/5829/2750 2752/3030/2751
f 2789/3104/2788 2778/5830/2777 2777/3105/2776
f 2790/3107/2789 2777/5831/2776 2776/3108/2775
f 2791/3110/2790 2776/5832/2775 2775/3111/2774
f 2792/3113/2791 2775/5833/2774 2774/3114/2773
f 2797/3140/2796 2770/5834/2769 2769/3141/2768
f 2798/3143/2797 2769/5835/2768 2768/3144/2767
f 2799/3146/2798 2768/5836/2767 2767/3147/2766
f 2800/3149/2799 2767/5837/2766 2765/3150/2765
f 2765/3152/2765 2766/5838/2764 2802/3153/2801
f 2801/3155/2800 2802/5839/2801 2804/3156/2802
f 2805/3158/2804 2800/5840/2799 2801/3159/2800
f 2806/3161/2805 2799/5841/2798 2800/3162/2799
f 2807/3164/2806 2798/5842/2797 2799/3165/2798
f 2808/3167/2807 2797/5843/2796 2798/3168/2797
f 2809/3170/2808 2796/5844/2795 2797/3171/2796
f 2813/3191/2812 2792/5845/2791 2793/3192/2792
f 2814/3194/2813 2791/5846/2790 2792/3195/2791
f 2815/3197/2814 2790/5847/2789 2791/3198/2790
f 2816/3200/2815 2789/5848/2788 2790/3201/2789
f 2653/3239/2651 2655/5849/2653 2821/3240/2820
f 2652/3242/2650 2821/5850/2820 2820/3243/2819
f 2651/3245/2649 2820/5851/2819 2819/3246/2818
f 2650/3248/2648 2819/5852/2818 2818/3249/2817
f 2649/3251/2647 2818/5853/2817 2817/3252/2816
f 2648/3254/2646 2817/5854/2816 2816/3255/2815
f 2647/3257/2645 2816/5855/2815 2815/3258/2814
f 2646/3260/2644 2815/5856/2814 2814/3261/2813
f 2645/3263/2643 2814/5857/2813 2813/3264/2812
f 2644/3266/2642 2813/5858/2812 2812/3267/2811
f 2643/3269/2641 2812/5859/2811 2811/3270/2810
f 2642/3272/2640 2811/5860/2810 2810/3273/2809
f 2641/3275/2639 2810/5861/2809 2809/3276/2808
f 2640/3278/2638 2809/5862/2808 2808/3279/2807
f 2639/3281/2637 2808/5863/2807 2807/3282/2806
f 2638/3284/2636 2807/5864/2806 2806/3285/2805
f 2637/3287/2635 2806/5865/2805 2805/3288/2804
f 2636/3290/2634 2805/5866/2804 2803/3291/2803
f 2803/3293/2803 2804/5867/2802 2403/3294/2403
f 2832/3323/2831 2833/5868/2833 2834/3324/2832
f 2840/3344/2839 2841/5869/3241 2842/3345/2840
f 2842/3347/2840 2841/5870/3241 2844/3348/2841
f 2846/3350/2843 2842/5871/2840 2843/3351/2842
f 2848/3353/2845 2846/5872/2843 2845/3354/2844
f 2850/3356/2847 2848/5873/2845 2847/3357/2846
f 2852/3359/2849 2850/5874/2847 2849/3360/2848
f 2863/3392/2861 2864/5875/2863 2862/3393/2860
f 2865/3395/2862 2866/5876/2865 2864/3396/2863
f 2867/3398/2864 2868/5877/2867 2866/3399/2865
f 2869/3401/2866 2870/5878/2869 2868/3402/2867
f 2871/3404/2868 2872/5879/3242 2870/3405/2869
f 2874/3407/2870 2872/5880/3242 2871/3408/2868
f 2876/3410/2872 2874/5881/2870 2873/3411/2871
f 2878/3413/2874 2876/5882/2872 2875/3414/2873
f 2880/3416/2876 2878/5883/2874 2877/3417/2875
f 2882/3419/2878 2880/5884/2876 2879/3420/2877
f 2883/3422/2880 2880/5885/2876 2882/3423/2878
f 2885/3425/2882 2878/5886/2874 2880/3426/2876
f 2886/3428/2883 2876/5887/2872 2878/3429/2874
f 2887/3431/2884 2874/5888/2870 2876/3432/2872
f 2888/3434/2885 2872/5889/3242 2874/3435/2870
f 2870/3437/2869 2872/5890/3242 2888/3438/2885
f 2868/3440/2867 2870/5891/2869 2889/3441/2886
f 2866/3443/2865 2868/5892/2867 2890/3444/2887
f 2864/3446/2863 2866/5893/2865 2891/3447/2888
f 2862/3449/2860 2864/5894/2863 2892/3450/2889
f 2899/3482/2896 2850/5895/2847 2852/3483/2849
f 2900/3485/2897 2848/5896/2845 2850/3486/2847
f 2901/3488/2898 2846/5897/2843 2848/3489/2845
f 2839/3491/2838 2842/5898/2840 2846/3492/2843
f 2837/3494/2836 2839/5899/2838 2901/3495/2898
f 2902/3497/2899 2901/5900/2898 2900/3498/2897
f 2893/3542/2890 2892/5901/2889 2911/3543/2908
f 2892/3545/2889 2891/5902/2888 2912/3546/2909
f 2891/3548/2888 2890/5903/2887 2913/3549/2910
f 2889/3557/2886 2888/5904/2885 2915/3558/2912
f 2915/3560/2912 2888/5905/2885 2887/3561/2884
f 2916/3563/2913 2887/5906/2884 2886/3564/2883
f 2917/3566/2914 2886/5907/2883 2885/3567/2882
f 2918/3569/2915 2885/5908/2882 2883/3570/2880
f 2919/3572/2916 2883/5909/2880 2884/3573/2881
f 2921/3575/2918 2919/5910/2916 2920/3576/2917
f 2923/3578/2920 2918/5911/2915 2919/3579/2916
f 2924/3581/2921 2917/5912/2914 2918/3582/2915
f 2925/3584/2922 2916/5913/2913 2917/3585/2914
f 2926/3587/2923 2915/5914/2912 2916/3588/2913
f 2914/3590/2911 2915/5915/2912 2926/3591/2923
f 2911/3605/2908 2912/5916/2909 2929/3606/2926
f 2910/3608/2907 2911/5917/2908 2930/3609/2927
f 2835/3659/2834 2837/5918/2836 2902/3660/2899
f 2834/3662/2832 2835/5919/2834 2939/3663/2936
f 2931/3713/2928 2930/5920/2927 2949/3714/2946
f 2930/3716/2927 2929/5921/2926 2950/3717/2947
f 2929/3719/2926 2928/5922/2925 2951/3720/2948
f 2928/3722/2925 2927/5923/2924 2952/3723/2949
f 2927/3725/2924 2926/5924/2923 2953/3726/2950
f 2953/3728/2950 2926/5925/2923 2925/3729/2922
f 2954/3731/2951 2925/5926/2922 2924/3732/2921
f 2955/3734/2952 2924/5927/2921 2923/3735/2920
f 2956/3737/2953 2923/5928/2920 2921/3738/2918
f 2957/3740/2954 2921/5929/2918 2922/3741/2919
f 2959/3743/2956 2957/5930/2954 2958/3744/2955
f 2961/3746/2958 2956/5931/2953 2957/3747/2954
f 2962/3749/2959 2955/5932/2952 2956/3750/2953
f 2963/3752/2960 2954/5933/2951 2955/3753/2952
f 2964/3755/2961 2953/5934/2950 2954/3756/2951
f 2952/3758/2949 2953/5935/2950 2964/3759/2961
f 2951/3761/2948 2952/5936/2949 2965/3762/2962
f 2950/3764/2947 2951/5937/2948 2966/3765/2963
f 2949/3767/2946 2950/5938/2947 2967/3768/2964
f 2948/3770/2945 2949/5939/2946 2968/3771/2965
f 2972/3863/2969 2971/5940/2968 2984/3864/2981
f 2971/3866/2968 2970/5941/2967 2985/3867/2982
f 2969/3875/2966 2968/5942/2965 2987/3876/2984
f 2968/3878/2965 2967/5943/2964 2988/3879/2985
f 2967/3881/2964 2966/5944/2963 2989/3882/2986
f 2966/3884/2963 2965/5945/2962 2990/3885/2987
f 2965/3887/2962 2964/5946/2961 2991/3888/2988
f 2991/3890/2988 2964/5947/2961 2963/3891/2960
f 2992/3893/2989 2963/5948/2960 2962/3894/2959
f 2993/3896/2990 2962/5949/2959 2961/3897/2958
f 2994/3899/2991 2961/5950/2958 2959/3900/2956
f 2995/3902/2992 2959/5951/2956 2960/3903/2957
f 2997/3905/2994 2995/5952/2992 2996/3906/2993
f 2999/3908/2996 2994/5953/2991 2995/3909/2992
f 3000/3911/2997 2993/5954/2990 2994/3912/2991
f 3001/3914/2998 2992/5955/2989 2993/3915/2990
f 2991/3917/2988 2992/5956/2989 3001/3918/2998
f 2990/3920/2987 2991/5957/2988 3002/3921/2999
f 2989/3923/2986 2990/5958/2987 3003/3924/3000
f 2988/3926/2985 2989/5959/2986 3004/3927/3001
f 2987/3929/2984 2988/5960/2985 3005/3930/3002
f 2986/3932/2983 2987/5961/2984 3006/3933/3003
f 3012/3959/3009 2981/5962/2978 2982/3960/2979
f 3013/3962/3010 2980/5963/2977 2981/3963/2978
f 3014/3965/3011 2979/5964/2976 2980/3966/2977
f 3017/3992/3014 3014/5965/3011 3013/3993/3010
f 3006/4037/3003 3005/5966/3002 3026/4038/3023
f 3005/4040/3002 3004/5967/3001 3027/4041/3024
f 3004/4043/3001 3003/5968/3000 3028/4044/3025
f 3003/4046/3000 3002/5969/2999 3029/4047/3026
f 3002/4049/2999 3001/5970/2998 3030/4050/3027
f 3030/4052/3027 3001/5971/2998 3000/4053/2997
f 3031/4055/3028 3000/5972/2997 2999/4056/2996
f 3032/4058/3029 2999/5973/2996 2997/4059/2994
f 3035/4067/3032 3033/5974/3030 3034/4068/3031
f 3037/4070/3034 3032/5975/3029 3033/4071/3030
f 3038/4073/3035 3031/5976/3028 3032/4074/3029
f 3039/4076/3036 3030/5977/3027 3031/4077/3028
f 3029/4079/3026 3030/5978/3027 3039/4080/3036
f 3028/4082/3025 3029/5979/3026 3040/4083/3037
f 3027/4085/3024 3028/5980/3025 3041/4086/3038
f 3026/4088/3023 3027/5981/3024 3042/4089/3039
f 3025/4091/3022 3026/5982/3023 3043/4092/3040
f 3024/4094/3021 3025/5983/3022 3044/4095/3041
f 3052/4133/3049 3017/5984/3014 3018/4134/3015
f 3053/4136/3050 3016/5985/3013 3017/4137/3014
f 3054/4145/3051 2824/5986/2823 3053/4146/3050
f 3058/4157/3055 3057/5987/3054 3054/4158/3051
f 3060/4160/3056 3058/5988/3055 3055/4161/3052
f 3062/4163/3058 3060/5989/3056 3059/4164/3057
f 3064/4166/3060 3062/5990/3058 3061/4167/3059
f 3066/4169/3062 3064/5991/3060 3063/4170/3061
f 3075/4196/3072 3076/5992/3074 3074/4197/3071
f 3077/4199/3073 3078/5993/3076 3076/4200/3074
f 3079/4202/3075 3080/5994/3078 3078/4203/3076
f 3081/4205/3077 3082/5995/3080 3080/4206/3078
f 3083/4208/3079 3084/5996/3082 3082/4209/3080
f 3085/4211/3081 3086/5997/3238 3084/4212/3082
f 3088/4214/3083 3086/5998/3238 3085/4215/3081
f 3090/4217/3085 3088/5999/3083 3087/4218/3084
f 3092/4220/3087 3090/6000/3085 3089/4221/3086
f 3094/4223/3089 3092/6001/3087 3091/4224/3088
f 3095/4226/3091 3096/6002/3093 3092/4227/3087
f 3099/4235/3095 3100/6003/3097 3097/4236/3092
f 3101/4238/3096 3102/6004/3099 3100/4239/3097
f 3103/4241/3098 3104/6005/3101 3102/4242/3099
f 3105/4244/3100 3106/6006/3103 3104/4245/3101
f 3107/4247/3102 3108/6007/3104 3106/4248/3103
f 2881/4250/2879 2879/6008/2877 3108/4251/3104
f 2879/4253/2877 2877/6009/2875 3109/4254/3105
f 2877/4256/2875 2875/6010/2873 3110/4257/3106
f 2875/4259/2873 2873/6011/2871 3111/4260/3107
f 2873/4262/2871 2871/6012/2868 3112/4263/3108
f 3112/4265/3108 2871/6013/2868 2869/4266/2866
f 3114/4274/3110 2867/6014/2864 2865/4275/2862
f 3115/4277/3111 2865/6015/2862 2863/4278/2861
f 3116/4280/3112 2863/6016/2861 2861/4281/2859
f 2847/4325/2846 2845/6017/2844 3125/4326/3121
f 2845/4328/2844 2843/6018/2842 3126/4329/3122
f 3125/4340/3121 3126/6019/3122 3128/4341/3124
f 3138/4391/3134 3116/6020/3112 3117/4392/3113
f 3139/4394/3135 3115/6021/3111 3116/4395/3112
f 3142/4409/3138 3112/6022/3108 3113/4410/3109
f 3111/4412/3107 3112/6023/3108 3142/4413/3138
f 3110/4415/3106 3111/6024/3107 3143/4416/3139
f 3109/4418/3105 3110/6025/3106 3144/4419/3140
f 3108/4421/3104 3109/6026/3105 3145/4422/3141
f 3106/4424/3103 3145/6027/3141 3146/4425/3142
f 3145/4427/3141 3144/6028/3140 3147/4428/3143
f 3144/4430/3140 3143/6029/3139 3148/4431/3144
f 3143/4433/3139 3142/6030/3138 3149/4434/3145
f 3149/4436/3145 3142/6031/3138 3141/4437/3137
f 3150/4439/3146 3141/6032/3137 3140/4440/3136
f 3151/4442/3147 3140/6033/3136 3139/4443/3135
f 3152/4445/3148 3139/6034/3135 3138/4446/3134
f 3153/4448/3149 3138/6035/3134 3137/4449/3133
f 3129/4499/3125 3128/6036/3124 3163/4500/3159
f 3163/4511/3159 3165/6037/3161 3167/4512/3162
f 3177/4568/3173 3153/6038/3149 3154/4569/3150
f 3178/4571/3174 3152/6039/3148 3153/4572/3149
f 3179/4574/3175 3151/6040/3147 3152/4575/3148
f 3180/4577/3176 3150/6041/3146 3151/4578/3147
f 3181/4580/3177 3149/6042/3145 3150/4581/3146
f 3148/4583/3144 3149/6043/3145 3181/4584/3177
f 3147/4586/3143 3148/6044/3144 3182/4587/3178
f 3146/4589/3142 3147/6045/3143 3183/4590/3179
f 3104/4592/3101 3146/6046/3142 3184/4593/3180
f 3102/4595/3099 3184/6047/3180 3185/4596/3181
f 3184/4598/3180 3183/6048/3179 3186/4599/3182
f 3183/4601/3179 3182/6049/3178 3187/4602/3183
f 3182/4604/3178 3181/6050/3177 3188/4605/3184
f 3188/4607/3184 3181/6051/3177 3180/4608/3176
f 3189/4610/3185 3180/6052/3176 3179/4611/3175
f 3190/4613/3186 3179/6053/3175 3178/4614/3174
f 3191/4616/3187 3178/6054/3174 3177/4617/3173
f 3192/4619/3188 3177/6055/3173 3176/4620/3172
f 3194/4628/3190 3175/6056/3171 3174/4629/3170
f 3195/4631/3191 3174/6057/3170 3173/4632/3169
f 3199/4691/3195 3200/6058/3196 3206/4692/3202
f 3198/4694/3194 3199/6059/3195 3207/4695/3203
f 3197/4697/3193 3198/6060/3194 3208/4698/3204
f 3214/4724/3210 3192/6061/3188 3193/4725/3189
f 3215/4727/3211 3191/6062/3187 3192/4728/3188
f 3216/4730/3212 3190/6063/3186 3191/4731/3187
f 3217/4733/3213 3189/6064/3185 3190/4734/3186
f 3218/4736/3214 3188/6065/3184 3189/4737/3185
f 3219/4739/3215 3187/6066/3183 3188/4740/3184
f 3186/4742/3182 3187/6067/3183 3219/4743/3215
f 3185/4745/3181 3186/6068/3182 3220/4746/3216
f 3100/4748/3097 3185/6069/3181 3221/4749/3217
f 3097/4751/3092 3221/6070/3217 3222/4752/3218
f 3221/4754/3217 3220/6071/3216 3223/4755/3219
f 3220/4757/3216 3219/6072/3215 3224/4758/3220
f 3224/4760/3220 3219/6073/3215 3218/4761/3214
f 3225/4763/3221 3218/6074/3214 3217/4764/3213
f 3226/4766/3222 3217/6075/3213 3216/4767/3212
f 3227/4769/3223 3216/6076/3212 3215/4770/3211
f 3228/4772/3224 3215/6077/3211 3214/4773/3210
f 3207/4817/3203 3206/6078/3202 3237/4818/3233
f 3237/4850/3233 3238/6079/3234 3058/4851/3055
f 3236/4853/3232 3237/6080/3233 3060/4854/3056
f 3076/4892/3074 3229/6081/3225 3230/4893/3226
f 3078/4895/3076 3228/6082/3224 3229/4896/3225
f 3080/4898/3078 3227/6083/3223 3228/4899/3224
f 3082/4901/3080 3226/6084/3222 3227/4902/3223
f 3084/4904/3082 3225/6085/3221 3226/4905/3222
f 3086/4907/3238 3224/6086/3220 3225/4908/3221
f 3223/4910/3219 3224/6087/3220 3086/4911/3238
f 3222/4913/3218 3223/6088/3219 3088/4914/3083
f 3096/4916/3093 3222/6089/3218 3090/4917/3085
f 3091/4922/3088 3035/6090/3032 3036/4923/3033
f 3089/4925/3086 3037/6091/3034 3035/4926/3032
f 3087/4928/3084 3038/6092/3035 3037/4929/3034
f 3085/4931/3081 3039/6093/3036 3038/4932/3035
f 3040/4934/3037 3039/6094/3036 3085/4935/3081
f 3041/4937/3038 3040/6095/3037 3083/4938/3079
f 3042/4940/3039 3041/6096/3038 3081/4941/3077
f 3043/4943/3040 3042/6097/3039 3079/4944/3075
f 3044/4946/3041 3043/6098/3040 3077/4947/3073
f 3045/4949/3042 3044/6099/3041 3075/4950/3072
f 3063/4976/3061 3050/6100/3047 3049/4977/3046
f 3061/4979/3059 3051/6101/3048 3050/4980/3047
f 3059/4982/3057 3052/6102/3049 3051/4983/3048
f 3055/4985/3052 3053/6103/3050 3052/4986/3049
